run,search_id,seq,ts,global_size,num_uops,early_stop_ms,sync_before,outcome,min_tm_ms,all_tms_ms
B,1,1,1787806712.235637,"(4096, 2, 16)",171,inf,1,ok,0.000097,0.000099;0.000097;0.000097
B,1,2,1787806712.266939,"(4096, 4, 16)",115,inf,1,ok,0.000194,0.000195;0.000194;0.000194
B,1,3,1787806712.312492,"(8192, 4, 8)",130,inf,1,ok,0.000195,0.000198;0.000197;0.000195
B,1,4,1787806712.355892,"(8192, 2, 16)",128,inf,1,ok,0.000195,0.000198;0.000195;0.000197
B,1,5,1787806712.369629,"(4096, 2, 4)",482,inf,1,ok,0.000031,0.000031;0.000031;0.000031
B,1,6,1787806712.391440,"(4096, 4, 16)",125,inf,1,ok,0.000195,0.000195;0.000196;0.000195
B,1,7,1787806712.412187,"(4096, 4, 16)",129,inf,1,ok,0.000194,0.000195;0.000195;0.000194
B,1,8,1787806712.462467,"(2048, 4, 16)",165,inf,1,ok,0.000097,0.000098;0.000098;0.000097
B,1,9,1787806712.469040,"(8192, 4, 4)",182,inf,1,ok,0.000097,0.000097;0.000099;0.000097
B,1,10,1787806712.542550,"(2048, 4, 16)",165,inf,1,ok,0.000097,0.000098;0.000097;0.000099
B,1,11,1787806712.737571,"(8192, 4, 8)",119,inf,1,ok,0.000218,0.000221;0.000219;0.000218
B,1,12,1787806712.763340,"(4096, 4, 16)",105,inf,1,ok,0.000218,0.000220;0.000218;0.000218
B,1,13,1787806712.792413,"(4096, 4, 16)",111,inf,1,ok,0.000217,0.000217;0.000218;0.000218
B,1,14,1787806712.810648,"(8192, 2, 16)",116,inf,1,ok,0.000217,0.000217;0.000219;0.000217
B,1,15,1787806712.819341,"(4096, 4, 16)",115,inf,1,ok,0.000218,0.000218;0.000218;0.000218
B,1,16,1787806712.840438,"(8192, 4, 4)",117,inf,1,ok,0.000109,0.000110;0.000109;0.000109
B,1,17,1787806712.846744,"(4096, 2, 16)",105,inf,1,ok,0.000109,0.000109;0.000109;0.000109
B,1,18,1787806712.869790,"(2048, 4, 16)",111,inf,1,ok,0.000109,0.000109;0.000109;0.000110
B,1,19,1787806712.876162,"(2048, 4, 16)",115,inf,1,ok,0.000110,0.000110;0.000110;0.000110
B,1,20,1787806712.901241,"(8192, 4, 2)",121,inf,1,ok,0.000055,0.000055;0.000055;0.000055
B,1,21,1787806712.907372,"(1024, 4, 16)",111,inf,1,ok,0.000054,0.000055;0.000055;0.000054
B,1,22,1787806712.928976,"(4096, 2, 4)",105,inf,1,ok,0.000032,0.000032;0.000033;0.000032
B,1,23,1787806712.934843,"(1024, 4, 16)",115,inf,1,ok,0.000055,0.000055;0.000055;0.000055
B,1,24,1787806712.957776,"(512, 4, 16)",111,inf,1,ok,0.000032,0.000032;0.000033;0.000032
B,1,25,1787806712.964762,"(512, 4, 16)",113,inf,1,ok,0.000032,0.000032;0.000032;0.000032
B,1,26,1787806712.985413,"(8192, 16, 4)",106,inf,1,ok,0.000434,0.000439;0.000434;0.000440
B,1,27,1787806712.991538,"(65536, 4, 2)",108,inf,1,ok,0.000437,0.000437;0.000442;0.000438
B,1,28,1787806713.011375,"(4096, 4, 32)",104,inf,1,ok,0.000436,0.000441;0.000436;0.000439
B,1,29,1787806713.017123,"(1024, 4, 128)",108,inf,1,ok,0.000442,0.000444;0.000442;0.000445
B,1,30,1787806713.036287,"(1024, 32, 16)",98,inf,1,ok,0.000436,0.000441;0.000437;0.000436
B,1,31,1787806713.042135,"(16384, 2, 16)",105,inf,1,ok,0.000435,0.000437;0.000437;0.000435
B,1,32,1787806713.061196,"(256, 128, 16)",103,inf,1,ok,0.000438,0.000439;0.000441;0.000438
B,1,33,1787806713.067059,"(8192, 4, 16)",105,inf,1,ok,0.000437,0.000438;0.000441;0.000437
B,1,34,1787806713.086029,"(8192, 4, 16)",102,inf,1,ok,0.000438,0.000438;0.000439;0.000438
B,1,35,1787806713.091900,"(8192, 4, 16)",104,inf,1,ok,0.000435,0.000436;0.000442;0.000435
B,1,36,1787806713.482593,"(128, 32, 4)",686,0.092544,1,ok,0.000033,0.000033;0.000033;0.000034
B,1,37,1787806713.948807,"(4096, 2, 2)",895,0.092544,1,ok,0.000028,0.000028;0.000028;0.000029
B,1,38,1787806713.991339,"(128, 32, 2)",1704,0.092544,1,ok,0.000034,0.000034;0.000034;0.000034
B,1,39,1787806714.375298,"(2048, 2, 4)",786,0.092544,1,ok,0.000027,0.000028;0.000028;0.000027
B,1,40,1787806714.629915,"(2048, 2, 4)",697,0.092544,1,ok,0.000037,0.000037;0.000037;0.000037
B,1,41,1787806715.011294,"(1024, 2, 4)",1395,0.092544,1,ok,0.000027,0.000027;0.000027;0.000027
B,1,42,1787806715.262731,"(4096, 2, 2)",492,0.092544,1,ok,0.000026,0.000026;0.000027;0.000027
B,1,43,1787806715.486820,"(128, 32, 4)",479,0.092544,1,ok,0.000034,0.000034;0.000035;0.000034
B,1,44,1787806715.527008,"(1024, 2, 4)",1091,0.092544,1,ok,0.000041,0.000041;0.000041;0.000041
B,1,45,1787806715.785016,"(2048, 2, 4)",486,0.092544,1,ok,0.000026,0.000026;0.000027;0.000027
B,1,46,1787806715.942062,"(2048, 2, 4)",489,0.092544,1,ok,0.000022,0.000023;0.000022;0.000022
B,1,47,1787806716.017131,"(128, 32, 2)",479,0.092544,1,ok,0.000029,0.000029;0.000029;0.000029
B,1,48,1787806716.188391,"(1024, 2, 4)",487,0.092544,1,ok,0.000027,0.000027;0.000027;0.000027
B,1,49,1787806716.252904,"(1024, 2, 4)",487,0.092544,1,ok,0.000016,0.000016;0.000016;0.000017
B,1,50,1787806716.432928,"(512, 2, 4)",489,0.092544,1,ok,0.000026,0.000027;0.000027;0.000026
B,1,51,1787806716.488975,"(512, 2, 4)",491,0.092544,1,ok,0.000013,0.000013;0.000013;0.000013
B,1,52,1787806716.641095,"(256, 2, 4)",487,0.092544,1,ok,0.000027,0.000027;0.000027;0.000028
B,1,53,1787806716.687758,"(256, 2, 4)",489,0.092544,1,ok,0.000012,0.000012;0.000012;0.000012
B,1,54,1787806716.875614,"(4096, 4, 2)",482,0.092544,1,ok,0.000034,0.000035;0.000035;0.000034
B,1,55,1787806716.931957,"(512, 2, 32)",481,0.092544,1,ok,0.000038,0.000038;0.000038;0.000038
B,1,56,1787806717.098746,"(128, 2, 128)",479,0.092544,1,ok,0.000036,0.000037;0.000036;0.000037
B,1,57,1787806717.172729,"(256, 32, 4)",478,0.092544,1,ok,0.000038,0.000038;0.000038;0.000038
B,1,58,1787806717.339786,"(64, 128, 4)",476,0.092544,1,ok,0.000034,0.000035;0.000034;0.000034
B,1,59,1787806717.412883,"(4096, 2, 4)",480,0.092544,1,ok,0.000038,0.000038;0.000038;0.000038
B,1,60,1787806717.476340,"(256, 2, 16)",174,0.092544,1,ok,0.000027,0.000027;0.000027;0.000027
B,1,61,1787806717.511708,"(256, 4, 16)",122,0.092544,1,ok,0.000026,0.000027;0.000026;0.000027
B,1,62,1787806717.544691,"(256, 4, 16)",121,0.092544,1,ok,0.000027,0.000027;0.000027;0.000027
B,1,63,1787806717.593410,"(512, 4, 8)",135,0.092544,1,ok,0.000027,0.000027;0.000027;0.000027
B,1,64,1787806717.639809,"(512, 2, 16)",136,0.092544,1,ok,0.000026,0.000027;0.000026;0.000027
B,1,65,1787806717.678012,"(512, 4, 16)",391,0.092544,1,ok,0.000033,0.000033;0.000033;0.000033
B,1,66,1787806717.685563,"(256, 4, 16)",132,0.092544,1,ok,0.000021,0.000021;0.000021;0.000021
B,1,67,1787806717.718433,"(512, 4, 16)",134,0.092544,1,ok,0.000032,0.000032;0.000032;0.000032
B,1,68,1787806717.798907,"(512, 4, 4)",187,0.092544,1,ok,0.000026,0.000026;0.000026;0.000027
B,1,69,1787806717.874581,"(128, 4, 16)",168,0.092544,1,ok,0.000016,0.000016;0.000016;0.000016
B,1,70,1787806717.908085,"(512, 4, 8)",122,0.092544,1,ok,0.000027,0.000027;0.000027;0.000027
B,1,71,1787806717.940013,"(512, 2, 16)",122,0.092544,1,ok,0.000027,0.000027;0.000027;0.000027
B,1,72,1787806717.948732,"(512, 4, 16)",172,0.092544,1,ok,0.000033,0.000033;0.000033;0.000033
B,1,73,1787806717.967701,"(256, 4, 16)",110,0.092544,1,ok,0.000027,0.000027;0.000027;0.000027
B,1,74,1787806717.976843,"(256, 4, 16)",110,0.092544,1,ok,0.000027,0.000027;0.000027;0.000027
B,1,75,1787806717.997030,"(256, 4, 16)",118,0.092544,1,ok,0.000021,0.000021;0.000021;0.000021
B,1,76,1787806718.011731,"(512, 4, 4)",122,0.092544,1,ok,0.000026,0.000027;0.000026;0.000026
B,1,77,1787806718.040823,"(256, 2, 16)",110,0.092544,1,ok,0.000026,0.000027;0.000026;0.000026
B,1,78,1787806718.072428,"(128, 4, 16)",118,0.092544,1,ok,0.000018,0.000019;0.000018;0.000018
B,1,79,1787806718.105536,"(512, 4, 2)",126,0.092544,1,ok,0.000026,0.000026;0.000026;0.000027
B,1,80,1787806718.136171,"(64, 4, 16)",120,0.092544,1,ok,0.000018,0.000019;0.000019;0.000018
B,1,81,1787806718.168032,"(32, 4, 16)",118,0.092544,1,ok,0.000018,0.000019;0.000018;0.000019
B,1,82,1787806718.196579,"(512, 16, 4)",111,0.092544,1,ok,0.000032,0.000033;0.000033;0.000032
B,1,83,1787806718.225549,"(4096, 4, 2)",111,0.092544,1,ok,0.000032,0.000033;0.000032;0.000033
B,1,84,1787806718.231526,"(256, 2, 4)",110,0.092544,1,ok,0.000027,0.000028;0.000027;0.000027
B,1,85,1787806718.253667,"(4096, 4, 2)",111,0.092544,1,ok,0.000032,0.000032;0.000033;0.000033
B,1,86,1787806718.259983,"(64, 4, 128)",113,0.092544,1,ok,0.000032,0.000033;0.000033;0.000032
B,1,87,1787806718.283078,"(1024, 2, 16)",111,0.092544,1,ok,0.000032,0.000032;0.000032;0.000033
B,1,88,1787806718.288551,"(1024, 2, 16)",106,0.092544,1,ok,0.000032,0.000033;0.000032;0.000032
B,1,89,1787806718.310102,"(16, 128, 16)",107,0.092544,1,ok,0.000033,0.000033;0.000033;0.000033
B,1,90,1787806718.315595,"(512, 4, 16)",108,0.092544,1,ok,0.000032,0.000032;0.000033;0.000032
B,1,91,1787806718.337381,"(512, 4, 16)",109,0.092544,1,ok,0.000032,0.000032;0.000033;0.000033
B,1,92,1787806718.343208,"(512, 4, 16)",113,0.092544,1,ok,0.000032,0.000032;0.000032;0.000032
B,1,93,1787806718.693515,"(8, 32, 4)",692,0.03504,1,ok,0.000011,0.000011;0.000011;0.000012
B,1,94,1787806719.066900,"(8, 32, 2)",1709,0.03504,1,ok,0.000012,0.000012;0.000013;0.000013
B,1,95,1787806720.073406,"(32, 2, 4)",2437,0.03504,1,ok,0.000016,0.000016;0.000017;0.000017
B,1,96,1787806720.473289,"(256, 2, 2)",903,0.03504,1,ok,0.000012,0.000012;0.000012;0.000012
B,1,97,1787806720.791887,"(128, 2, 4)",791,0.03504,1,ok,0.000011,0.000011;0.000012;0.000011
B,1,98,1787806721.168678,"(128, 2, 4)",769,0.03504,1,ok,0.000012,0.000012;0.000012;0.000012
B,1,99,1787806721.555318,"(256, 2, 4)",704,0.03504,1,ok,0.000013,0.000013;0.000014;0.000014
B,1,100,1787806722.096354,"(64, 2, 4)",1402,0.03504,1,ok,0.000011,0.000012;0.000011;0.000012
B,1,101,1787806722.829255,"(64, 2, 4)",1329,0.03504,1,ok,0.000012,0.000013;0.000013;0.000012
B,1,102,1787806722.842576,"(256, 2, 4)",1100,0.03504,1,ok,0.000019,0.000019;0.000019;0.000019
B,1,103,1787806723.024702,"(8, 32, 4)",484,0.03504,1,ok,0.000011,0.000011;0.000011;0.000011
B,1,104,1787806723.045022,"(256, 2, 2)",500,0.03504,1,ok,0.000011,0.000011;0.000011;0.000011
B,1,105,1787806723.231407,"(128, 2, 4)",493,0.03504,1,ok,0.000011,0.000012;0.000011;0.000011
B,1,106,1787806723.242428,"(128, 2, 4)",496,0.03504,1,ok,0.000011,0.000011;0.000012;0.000012
B,1,107,1787806723.421187,"(8, 32, 2)",484,0.03504,1,ok,0.000011,0.000012;0.000012;0.000011
B,1,108,1787806723.450854,"(64, 2, 4)",494,0.03504,1,ok,0.000011,0.000011;0.000011;0.000011
B,1,109,1787806723.655737,"(64, 2, 4)",496,0.03504,1,ok,0.000011,0.000011;0.000011;0.000011
B,1,110,1787806723.850182,"(32, 2, 4)",484,0.03504,1,ok,0.000011,0.000012;0.000011;0.000011
B,1,111,1787806723.858592,"(32, 2, 4)",494,0.03504,1,ok,0.000011,0.000011;0.000012;0.000011
B,1,112,1787806724.054210,"(256, 4, 2)",489,0.03504,1,ok,0.000011,0.000012;0.000012;0.000011
B,1,113,1787806724.062090,"(16, 2, 4)",492,0.03504,1,ok,0.000011,0.000012;0.000012;0.000011
B,1,114,1787806724.243775,"(128, 2, 8)",487,0.03504,1,ok,0.000012,0.000012;0.000012;0.000012
B,1,115,1787806724.256512,"(32, 2, 32)",487,0.03504,1,ok,0.000012,0.000013;0.000012;0.000012
B,1,116,1787806724.444481,"(16, 32, 4)",483,0.03504,1,ok,0.000011,0.000012;0.000011;0.000012
B,1,117,1787806724.459188,"(64, 8, 4)",481,0.03504,1,ok,0.000012,0.000012;0.000012;0.000012
B,1,118,1787806724.637880,"(256, 2, 4)",487,0.03504,1,ok,0.000011,0.000012;0.000012;0.000011
B,1,119,1787806724.997494,"(16, 32, 4)",694,0.03504,1,ok,0.000013,0.000013;0.000013;0.000013
B,1,120,1787806725.308309,"(16, 32, 2)",1711,0.03504,1,ok,0.000013,0.000013;0.000014;0.000014
B,1,121,1787806727.143613,"(512, 2, 4)",1981,0.03504,1,ok,0.000057,0.000057
B,1,122,1787806727.614733,"(512, 2, 2)",904,0.03504,1,ok,0.000013,0.000014;0.000013;0.000013
B,1,123,1787806727.988390,"(256, 2, 4)",795,0.03504,1,ok,0.000012,0.000013;0.000012;0.000013
B,1,124,1787806728.437144,"(256, 2, 4)",769,0.03504,1,ok,0.000014,0.000014;0.000015;0.000014
B,1,125,1787806728.910180,"(512, 2, 4)",706,0.03504,1,ok,0.000017,0.000017;0.000017;0.000017
B,1,126,1787806729.539700,"(128, 2, 4)",1402,0.03504,1,ok,0.000012,0.000012;0.000013;0.000013
B,1,127,1787806730.401163,"(128, 2, 4)",1329,0.03504,1,ok,0.000015,0.000015;0.000015;0.000015
B,1,128,1787806730.441808,"(512, 2, 4)",1102,0.03504,1,ok,0.000026,0.000027;0.000027;0.000026
B,1,129,1787806730.655122,"(512, 2, 2)",501,0.03504,1,ok,0.000012,0.000012;0.000013;0.000013
B,1,130,1787806730.664458,"(16, 32, 4)",486,0.03504,1,ok,0.000012,0.000012;0.000013;0.000013
B,1,131,1787806730.900146,"(256, 2, 4)",495,0.03504,1,ok,0.000012,0.000013;0.000013;0.000012
B,1,132,1787806730.908198,"(256, 2, 4)",498,0.03504,1,ok,0.000012,0.000012;0.000012;0.000012
B,1,133,1787806731.128000,"(16, 32, 2)",486,0.03504,1,ok,0.000012,0.000012;0.000012;0.000013
B,1,134,1787806731.143548,"(128, 2, 4)",496,0.03504,1,ok,0.000012,0.000012;0.000012;0.000012
B,1,135,1787806731.375406,"(128, 2, 4)",498,0.03504,1,ok,0.000011,0.000011;0.000011;0.000012
B,1,136,1787806731.656683,"(64, 2, 4)",494,0.03504,1,ok,0.000012,0.000013;0.000012;0.000012
B,1,137,1787806731.868837,"(64, 2, 4)",498,0.03504,1,ok,0.000011,0.000011;0.000012;0.000011
B,1,138,1787806731.907788,"(32, 2, 4)",494,0.03504,1,ok,0.000013,0.000013;0.000013;0.000013
B,1,139,1787806732.097015,"(32, 2, 4)",486,0.03504,1,ok,0.000011,0.000011;0.000011;0.000011
B,1,140,1787806732.143617,"(512, 4, 2)",491,0.03504,1,ok,0.000013,0.000013;0.000013;0.000014
B,1,141,1787806732.341393,"(64, 2, 32)",486,0.03504,1,ok,0.000014,0.000014;0.000014;0.000014
B,1,142,1787806732.367397,"(128, 2, 16)",488,0.03504,1,ok,0.000014,0.000014;0.000014;0.000014
B,1,143,1787806732.579945,"(32, 32, 4)",485,0.03504,1,ok,0.000013,0.000013;0.000013;0.000013
B,1,144,1787806732.609316,"(64, 16, 4)",483,0.03504,1,ok,0.000013,0.000013;0.000014;0.000014
B,1,145,1787806732.809547,"(512, 2, 4)",488,0.03504,1,ok,0.000014,0.000014;0.000014;0.000014
B,1,146,1787806733.222522,"(2, 32, 4)",703,0.031968,1,ok,0.000011,0.000011;0.000011;0.000011
B,1,147,1787806733.662485,"(32, 2, 4)",766,0.031968,1,ok,0.000011,0.000011;0.000011;0.000012
B,1,148,1787806733.712588,"(2, 32, 2)",1718,0.031968,1,ok,0.000012,0.000012;0.000013;0.000013
B,1,149,1787806735.499339,"(64, 2, 4)",1988,0.031968,1,ok,0.000017,0.000017;0.000019;0.000019
B,1,150,1787806735.521129,"(64, 2, 4)",2449,0.031968,1,ok,0.000021,0.000021;0.000023;0.000022
B,1,151,1787806735.893966,"(32, 2, 4)",802,0.031968,1,ok,0.000011,0.000012;0.000012;0.000011
B,1,152,1787806735.970968,"(64, 2, 2)",909,0.031968,1,ok,0.000011,0.000011;0.000012;0.000011
B,1,153,1787806736.366870,"(64, 2, 4)",713,0.031968,1,ok,0.000011,0.000011;0.000012;0.000011
B,1,154,1787806736.419877,"(64, 2, 4)",776,0.031968,1,ok,0.000011,0.000011;0.000012;0.000011
B,1,155,1787806737.011997,"(16, 2, 4)",1411,0.031968,1,ok,0.000011,0.000012;0.000011;0.000012
B,1,156,1787806737.315988,"(64, 2, 4)",1109,0.031968,1,ok,0.000012,0.000012;0.000012;0.000012
B,1,157,1787806737.580078,"(64, 2, 2)",506,0.031968,1,ok,0.000011,0.000012;0.000011;0.000011
B,1,158,1787806737.807871,"(2, 32, 4)",495,0.031968,1,ok,0.000011,0.000011;0.000012;0.000012
B,1,159,1787806737.875781,"(64, 2, 4)",1336,0.031968,1,ok,0.000012,0.000013;0.000012;0.000013
B,1,160,1787806738.055912,"(32, 2, 4)",502,0.031968,1,ok,0.000011,0.000011;0.000012;0.000011
B,1,161,1787806738.109034,"(32, 2, 4)",495,0.031968,1,ok,0.000011,0.000011;0.000012;0.000012
B,1,162,1787806738.287483,"(2, 32, 2)",495,0.031968,1,ok,0.000011,0.000012;0.000012;0.000011
B,1,163,1787806738.353777,"(16, 2, 4)",503,0.031968,1,ok,0.000011,0.000011;0.000012;0.000011
B,1,164,1787806738.534843,"(8, 2, 4)",503,0.031968,1,ok,0.000011,0.000012;0.000012;0.000011
B,1,165,1787806738.608317,"(4, 2, 4)",503,0.031968,1,ok,0.000012,0.000013;0.000012;0.000012
B,1,166,1787806738.852899,"(64, 4, 2)",498,0.031968,1,ok,0.000011,0.000011;0.000012;0.000011
B,1,167,1787806739.018783,"(8, 2, 32)",495,0.031968,1,ok,0.000012,0.000012;0.000012;0.000012
B,1,168,1787806739.082392,"(128, 2, 2)",497,0.031968,1,ok,0.000011,0.000012;0.000011;0.000011
B,1,169,1787806739.269121,"(4, 32, 4)",494,0.031968,1,ok,0.000011,0.000011;0.000011;0.000011
B,1,170,1787806739.517124,"(64, 2, 4)",494,0.031968,1,ok,0.000011,0.000011;0.000012;0.000011
B,1,171,1787806739.564930,"(64, 2, 4)",494,0.031968,1,ok,0.000011,0.000011;0.000011;0.000011
B,1,172,1787806739.875148,"(8, 8, 4)",698,0.031968,1,ok,0.000011,0.000011;0.000011;0.000011
B,1,173,1787806740.255993,"(8, 8, 2)",1716,0.031968,1,ok,0.000012,0.000012;0.000012;0.000012
B,1,174,1787806740.737312,"(8, 2, 4)",2602,0.031968,1,ok,0.000012,0.000012;0.000012;0.000012
B,1,175,1787806741.734153,"(8, 2, 4)",2444,0.031968,1,ok,0.000014,0.000014;0.000014;0.000015
B,1,176,1787806742.719952,"(64, 2, 2)",906,0.031968,1,ok,0.000011,0.000012;0.000011;0.000011
B,1,177,1787806743.074239,"(32, 2, 4)",798,0.031968,1,ok,0.000011,0.000011;0.000011;0.000012
B,1,178,1787806743.481375,"(32, 2, 4)",774,0.031968,1,ok,0.000011,0.000012;0.000011;0.000011
B,1,179,1787806743.901778,"(64, 2, 4)",709,0.031968,1,ok,0.000011,0.000012;0.000011;0.000012
B,1,180,1787806743.998037,"(64, 2, 4)",799,0.031968,1,ok,0.000011,0.000011;0.000011;0.000012
B,1,181,1787806744.470324,"(16, 2, 4)",1400,0.031968,1,ok,0.000011,0.000012;0.000012;0.000011
B,1,182,1787806744.761785,"(16, 2, 4)",1336,0.031968,1,ok,0.000012,0.000013;0.000012;0.000012
B,1,183,1787806744.990282,"(64, 2, 2)",505,0.031968,1,ok,0.000011,0.000012;0.000011;0.000011
B,1,184,1787806745.200057,"(8, 8, 4)",491,0.031968,1,ok,0.000011,0.000011;0.000012;0.000011
B,1,185,1787806745.239938,"(64, 2, 4)",1105,0.031968,1,ok,0.000012,0.000012;0.000013;0.000012
B,1,186,1787806745.416922,"(32, 2, 4)",501,0.031968,1,ok,0.000011,0.000011;0.000011;0.000011
B,1,187,1787806745.451755,"(32, 2, 4)",501,0.031968,1,ok,0.000011,0.000011;0.000011;0.000011
B,1,188,1787806745.616416,"(8, 8, 2)",491,0.031968,1,ok,0.000011,0.000012;0.000011;0.000011
B,1,189,1787806745.673356,"(16, 2, 4)",499,0.031968,1,ok,0.000011,0.000012;0.000012;0.000011
B,1,190,1787806745.822869,"(16, 2, 4)",503,0.031968,1,ok,0.000011,0.000011;0.000011;0.000011
B,1,191,1787806745.876257,"(8, 2, 4)",491,0.031968,1,ok,0.000011,0.000011;0.000012;0.000011
B,1,192,1787806746.022594,"(8, 2, 4)",491,0.031968,1,ok,0.000011,0.000011;0.000011;0.000011
B,1,193,1787806746.087921,"(64, 4, 2)",494,0.031968,1,ok,0.000011,0.000012;0.000012;0.000011
B,1,194,1787806746.244766,"(32, 2, 8)",494,0.031968,1,ok,0.000011,0.000011;0.000011;0.000012
B,1,195,1787806746.450570,"(32, 2, 8)",490,0.031968,1,ok,0.000011,0.000011;0.000012;0.000011
B,1,196,1787806746.541620,"(16, 8, 4)",492,0.031968,1,ok,0.000011,0.000011;0.000011;0.000012
B,1,197,1787806746.666744,"(16, 8, 4)",490,0.031968,1,ok,0.000011,0.000011;0.000011;0.000011
B,1,198,1787806746.744286,"(64, 2, 4)",494,0.031968,1,ok,0.000011,0.000011;0.000011;0.000011
B,1,199,1787806747.464567,"(32, 4, 1)",1167,0.031872000000000004,1,ok,0.000011,0.000012;0.000012;0.000011
B,1,200,1787806747.938616,"(2, 32, 1)",2303,0.031872000000000004,1,ok,0.000015,0.000015;0.000015;0.000015
B,1,201,1787806750.943343,"(2, 32, 2)",1196,0.031872000000000004,1,ok,0.000011,0.000012;0.000011;0.000012
B,1,202,1787806751.438000,"(2, 16, 4)",1134,0.031872000000000004,1,ok,0.000011,0.000011;0.000011;0.000011
B,1,203,1787806751.670018,"(2, 32, 4)",1046,0.031872000000000004,1,ok,0.000011,0.000012;0.000011;0.000011
B,1,204,1787806752.070903,"(2, 32, 4)",1173,0.031872000000000004,1,ok,0.000011,0.000012;0.000011;0.000012
B,1,205,1787806752.601883,"(2, 8, 4)",2000,0.031872000000000004,1,ok,0.000012,0.000013;0.000012;0.000013
B,1,206,1787806753.396813,"(2, 32, 4)",1666,0.031872000000000004,1,ok,0.000012,0.000012;0.000012;0.000012
B,1,207,1787806753.782216,"(2, 32, 2)",711,0.031872000000000004,1,ok,0.000011,0.000011;0.000011;0.000011
B,1,208,1787806753.870128,"(2, 32, 4)",2118,0.031872000000000004,1,ok,0.000012,0.000012;0.000013;0.000013
B,1,209,1787806754.128128,"(2, 16, 4)",707,0.031872000000000004,1,ok,0.000011,0.000011;0.000011;0.000011
B,1,210,1787806754.220875,"(32, 4, 1)",703,0.031872000000000004,1,ok,0.000011,0.000011;0.000011;0.000011
B,1,211,1787806754.475307,"(2, 32, 1)",703,0.031872000000000004,1,ok,0.000011,0.000012;0.000011;0.000011
B,1,212,1787806754.566377,"(2, 8, 4)",709,0.031872000000000004,1,ok,0.000011,0.000011;0.000012;0.000012
B,1,213,1787806754.819408,"(2, 4, 4)",709,0.031872000000000004,1,ok,0.000011,0.000012;0.000011;0.000012
B,1,214,1787806754.928852,"(2, 2, 4)",709,0.031872000000000004,1,ok,0.000015,0.000016;0.000016;0.000015
B,1,215,1787806755.153676,"(2, 4, 32)",703,0.031872000000000004,1,ok,0.000011,0.000011;0.000011;0.000011
B,1,216,1787806755.278866,"(4, 32, 2)",703,0.031872000000000004,1,ok,0.000011,0.000011;0.000011;0.000011
B,1,217,1787806755.487146,"(32, 2, 4)",703,0.031872000000000004,1,ok,0.000011,0.000011;0.000011;0.000012
B,1,218,1787806755.983335,"(8, 4, 4)",1132,0.031872000000000004,1,ok,0.000011,0.000012;0.000011;0.000011
B,1,219,1787806756.906427,"(8, 4, 2)",2922,0.031872000000000004,1,ok,0.000012,0.000013;0.000013;0.000012
B,1,220,1787806758.439475,"(32, 2, 4)",2618,0.031872000000000004,1,ok,0.000013,0.000013;0.000013;0.000013
B,1,221,1787806759.255624,"(32, 2, 2)",1512,0.031872000000000004,1,ok,0.000011,0.000012;0.000012;0.000011
B,1,222,1787806760.579215,"(16, 2, 4)",1318,0.031872000000000004,1,ok,0.000011,0.000012;0.000011;0.000012
B,1,223,1787806760.894957,"(32, 2, 4)",1189,0.031872000000000004,1,ok,0.000012,0.000012;0.000012;0.000012
B,1,224,1787806761.267814,"(32, 2, 4)",1407,0.031872000000000004,1,ok,0.000011,0.000012;0.000011;0.000011
B,1,225,1787806762.380346,"(8, 2, 4)",2360,0.031872000000000004,1,ok,0.000012,0.000012;0.000012;0.000012
B,1,226,1787806762.755676,"(32, 2, 4)",1905,0.031872000000000004,1,ok,0.000013,0.000013;0.000013;0.000014
B,1,227,1787806762.793905,"(32, 2, 2)",809,0.031872000000000004,1,ok,0.000011,0.000011;0.000012;0.000011
B,1,228,1787806763.124855,"(8, 4, 4)",797,0.031872000000000004,1,ok,0.000011,0.000011;0.000011;0.000011
B,1,229,1787806763.203445,"(16, 2, 4)",805,0.031872000000000004,1,ok,0.000011,0.000011;0.000011;0.000011
B,1,230,1787806763.512864,"(16, 2, 4)",805,0.031872000000000004,1,ok,0.000011,0.000011;0.000011;0.000011
B,1,231,1787806763.569134,"(8, 4, 2)",797,0.031872000000000004,1,ok,0.000011,0.000011;0.000011;0.000012
B,1,232,1787806763.894487,"(8, 2, 4)",797,0.031872000000000004,1,ok,0.000011,0.000012;0.000012;0.000011
B,1,233,1787806763.956998,"(8, 2, 4)",807,0.031872000000000004,1,ok,0.000011,0.000011;0.000011;0.000012
B,1,234,1787806764.276889,"(4, 2, 4)",797,0.031872000000000004,1,ok,0.000011,0.000012;0.000012;0.000011
B,1,235,1787806764.671074,"(32, 2, 4)",798,0.031872000000000004,1,ok,0.000011,0.000011;0.000011;0.000011
B,1,236,1787806764.681307,"(32, 4, 2)",798,0.031872000000000004,1,ok,0.000011,0.000011;0.000011;0.000011
B,1,237,1787806765.032450,"(16, 2, 8)",794,0.031872000000000004,1,ok,0.000011,0.000012;0.000012;0.000011
B,1,238,1787806765.053483,"(16, 4, 4)",796,0.031872000000000004,1,ok,0.000011,0.000011;0.000011;0.000011
B,1,239,1787806765.372027,"(8, 8, 4)",794,0.031872000000000004,1,ok,0.000011,0.000011;0.000011;0.000012
B,1,240,1787806765.438855,"(32, 2, 4)",798,0.031872000000000004,1,ok,0.000011,0.000011;0.000012;0.000011
B,1,241,1787806767.091383,"(8, 4, 2)",2602,0.031776,1,ok,0.000013,0.000013;0.000013;0.000013
B,1,242,1787806768.341491,"(32, 4, 2)",2618,0.031776,1,ok,0.000012,0.000012;0.000013;0.000012
B,1,243,1787806769.437427,"(32, 2, 2)",1512,0.031776,1,ok,0.000012,0.000012;0.000012;0.000012
B,1,244,1787806770.113748,"(16, 4, 2)",1400,0.031776,1,ok,0.000011,0.000011;0.000011;0.000012
B,1,245,1787806770.595072,"(16, 4, 2)",1318,0.031776,1,ok,0.000011,0.000012;0.000012;0.000011
B,1,246,1787806770.914180,"(32, 4, 2)",1189,0.031776,1,ok,0.000011,0.000011;0.000012;0.000012
B,1,247,1787806771.269112,"(32, 4, 2)",1407,0.031776,1,ok,0.000011,0.000012;0.000012;0.000011
B,1,248,1787806772.388656,"(8, 4, 2)",2360,0.031776,1,ok,0.000012,0.000012;0.000013;0.000012
B,1,249,1787806772.771529,"(32, 4, 2)",1905,0.031776,1,ok,0.000013,0.000013;0.000013;0.000013
B,1,250,1787806773.125506,"(32, 2, 2)",809,0.031776,1,ok,0.000011,0.000012;0.000011;0.000011
B,1,251,1787806773.201950,"(16, 4, 2)",805,0.031776,1,ok,0.000011,0.000011;0.000012;0.000011
B,1,252,1787806773.512987,"(16, 4, 2)",805,0.031776,1,ok,0.000011,0.000011;0.000012;0.000012
B,1,253,1787806773.874840,"(8, 4, 2)",797,0.031776,1,ok,0.000012,0.000012;0.000012;0.000012
B,1,254,1787806773.899164,"(8, 4, 2)",807,0.031776,1,ok,0.000011,0.000011;0.000011;0.000011
B,1,255,1787806774.239704,"(4, 4, 2)",797,0.031776,1,ok,0.000011,0.000011;0.000012;0.000012
B,1,256,1787806774.612300,"(16, 4, 4)",796,0.031776,1,ok,0.000011,0.000011;0.000011;0.000011
B,1,257,1787806774.626919,"(8, 4, 8)",794,0.031776,1,ok,0.000012,0.000012;0.000012;0.000012
B,1,258,1787806774.987545,"(16, 8, 2)",794,0.031776,1,ok,0.000011,0.000011;0.000011;0.000012
B,1,259,1787806775.002473,"(32, 4, 2)",798,0.031776,1,ok,0.000011,0.000011;0.000011;0.000011
B,1,260,1787806775.364589,"(32, 4, 2)",798,0.031776,1,ok,0.000011,0.000011;0.000011;0.000011
B,1,261,1787806776.040866,"(4, 32, 1)",1167,0.031776,1,ok,0.000011,0.000011;0.000011;0.000011
B,1,262,1787806779.257358,"(2, 4, 16)",1134,0.031776,1,ok,0.000011,0.000012;0.000012;0.000011
B,1,263,1787806779.697714,"(2, 2, 32)",1196,0.031776,1,ok,0.000011,0.000011;0.000011;0.000012
B,1,264,1787806779.920048,"(2, 4, 32)",1046,0.031776,1,ok,0.000011,0.000011;0.000011;0.000011
B,1,265,1787806780.362416,"(2, 4, 32)",1173,0.031776,1,ok,0.000011,0.000012;0.000012;0.000011
B,1,266,1787806780.860743,"(2, 4, 8)",2000,0.031776,1,ok,0.000012,0.000012;0.000012;0.000012
B,1,267,1787806781.706034,"(2, 4, 32)",1666,0.031776,1,ok,0.000012,0.000012;0.000013;0.000012
B,1,268,1787806782.048426,"(2, 4, 16)",707,0.031776,1,ok,0.000011,0.000011;0.000011;0.000011
B,1,269,1787806782.418137,"(2, 2, 32)",711,0.031776,1,ok,0.000011,0.000011;0.000011;0.000011
B,1,270,1787806782.493290,"(2, 4, 32)",2118,0.031776,1,ok,0.000013,0.000013;0.000013;0.000013
B,1,271,1787806782.767655,"(4, 32, 1)",703,0.031776,1,ok,0.000010,0.000011;0.000010;0.000011
B,1,272,1787806782.843383,"(2, 4, 8)",709,0.031776,1,ok,0.000011,0.000011;0.000011;0.000011
B,1,273,1787806783.187579,"(2, 4, 4)",709,0.031776,1,ok,0.000012,0.000012;0.000012;0.000012
B,1,274,1787806783.422630,"(2, 4, 2)",709,0.031776,1,ok,0.000015,0.000016;0.000016;0.000015
B,1,275,1787806783.754611,"(32, 4, 2)",703,0.031776,1,ok,0.000011,0.000011;0.000011;0.000011
B,1,276,1787806783.825269,"(4, 2, 32)",703,0.031776,1,ok,0.000011,0.000012;0.000011;0.000011
B,1,277,1787806785.017491,"(32, 1, 1)",2303,0.031007999999999997,1,ok,0.000015,0.000015;0.000015;0.000016
B,1,278,1787806787.742357,"(4, 16, 1)",1134,0.031007999999999997,1,ok,0.000011,0.000012;0.000012;0.000011
B,1,279,1787806788.298671,"(2, 32, 1)",1196,0.031007999999999997,1,ok,0.000011,0.000011;0.000012;0.000012
B,1,280,1787806788.432628,"(4, 32, 1)",1046,0.031007999999999997,1,ok,0.000013,0.000013;0.000013;0.000013
B,1,281,1787806788.931661,"(4, 32, 1)",1173,0.031007999999999997,1,ok,0.000011,0.000011;0.000011;0.000011
B,1,282,1787806789.308165,"(4, 8, 1)",2000,0.031007999999999997,1,ok,0.000012,0.000013;0.000012;0.000013
B,1,283,1787806790.216867,"(4, 32, 1)",1666,0.031007999999999997,1,ok,0.000012,0.000012;0.000012;0.000012
B,1,284,1787806790.577286,"(4, 16, 1)",709,0.031007999999999997,1,ok,0.000011,0.000011;0.000012;0.000012
B,1,285,1787806790.589194,"(4, 32, 1)",2118,0.031007999999999997,1,ok,0.000013,0.000013;0.000013;0.000013
B,1,286,1787806790.984651,"(2, 32, 1)",712,0.031007999999999997,1,ok,0.000012,0.000012;0.000012;0.000012
B,1,287,1787806791.253777,"(4, 8, 1)",711,0.031007999999999997,1,ok,0.000012,0.000012;0.000012;0.000012
B,1,288,1787806791.347362,"(32, 1, 1)",704,0.031007999999999997,1,ok,0.000012,0.000012;0.000013;0.000012
B,1,289,1787806791.606071,"(4, 4, 1)",711,0.031007999999999997,1,ok,0.000016,0.000016;0.000016;0.000016
B,1,290,1787806793.010479,"(8, 4, 4)",1132,0.031007999999999997,1,ok,0.000011,0.000011;0.000011;0.000012
B,1,291,1787806793.270000,"(8, 2, 4)",2922,0.031007999999999997,1,ok,0.000013,0.000013;0.000013;0.000013
B,1,292,1787806794.473867,"(16, 4, 4)",2616,0.031007999999999997,1,ok,0.000012,0.000012;0.000013;0.000012
B,1,293,1787806795.439703,"(16, 4, 2)",1400,0.031007999999999997,1,ok,0.000011,0.000012;0.000011;0.000012
B,1,294,1787806796.240040,"(16, 2, 4)",1512,0.031007999999999997,1,ok,0.000011,0.000012;0.000011;0.000012
B,1,295,1787806796.972317,"(8, 4, 4)",1316,0.031007999999999997,1,ok,0.000011,0.000011;0.000011;0.000012
B,1,296,1787806797.010793,"(16, 4, 4)",1189,0.031007999999999997,1,ok,0.000012,0.000012;0.000012;0.000012
B,1,297,1787806797.629380,"(16, 4, 4)",1407,0.031007999999999997,1,ok,0.000011,0.000011;0.000012;0.000011
B,1,298,1787806798.448589,"(4, 4, 4)",2358,0.031007999999999997,1,ok,0.000012,0.000013;0.000012;0.000012
B,1,299,1787806798.849527,"(16, 4, 2)",805,0.031007999999999997,1,ok,0.000011,0.000011;0.000012;0.000011
B,1,300,1787806799.107382,"(16, 4, 4)",1905,0.031007999999999997,1,ok,0.000013,0.000013;0.000013;0.000014
B,1,301,1787806799.271698,"(16, 2, 4)",809,0.031007999999999997,1,ok,0.000011,0.000011;0.000012;0.000011
B,1,302,1787806799.468147,"(8, 4, 4)",797,0.031007999999999997,1,ok,0.000011,0.000011;0.000012;0.000011
B,1,303,1787806799.654121,"(8, 4, 4)",805,0.031007999999999997,1,ok,0.000011,0.000011;0.000011;0.000011
B,1,304,1787806800.019140,"(8, 2, 4)",797,0.031007999999999997,1,ok,0.000011,0.000011;0.000012;0.000011
B,1,305,1787806800.172764,"(4, 4, 4)",805,0.031007999999999997,1,ok,0.000011,0.000011;0.000011;0.000011
B,1,306,1787806800.389224,"(2, 4, 4)",797,0.031007999999999997,1,ok,0.000011,0.000011;0.000012;0.000012
B,1,307,1787806800.881757,"(8, 4, 8)",796,0.031007999999999997,1,ok,0.000011,0.000011;0.000011;0.000011
B,1,308,1787806801.235410,"(8, 8, 4)",790,0.031007999999999997,1,ok,0.000011,0.000011;0.000011;0.000011
B,1,309,1787806801.425666,"(16, 4, 4)",796,0.031007999999999997,1,ok,0.000011,0.000011;0.000011;0.000011
B,2,1,1787806801.819452,"(2048, 1, 1)",58,inf,1,ok,0.000018,0.000019;0.000019;0.000018
B,2,2,1787806801.825191,"(1024, 1, 1)",90,inf,1,ok,0.000019,0.000019;0.000019;0.000019
B,2,3,1787806801.831157,"(2048, 1, 1)",49,inf,1,ok,0.000014,0.000014;0.000014;0.000014
B,2,4,1787806801.836777,"(4096, 1, 1)",52,inf,1,ok,0.000013,0.000014;0.000013;0.000013
B,2,5,1787806801.842094,"(1024, 1, 1)",51,inf,1,ok,0.000014,0.000014;0.000014;0.000014
B,2,6,1787806801.848322,"(512, 1, 1)",51,inf,1,ok,0.000014,0.000015;0.000014;0.000014
B,2,7,1787806802.099026,"(256, 1, 1)",51,inf,1,ok,0.000015,0.000015;0.000015;0.000015
B,2,8,1787806802.124171,"(4096, 1, 1)",68,inf,1,ok,0.000012,0.000012;0.000013;0.000013
B,2,9,1787806802.135236,"(4096, 1, 1)",66,inf,1,ok,0.000013,0.000013;0.000013;0.000013
B,2,10,1787806802.144693,"(4096, 1, 1)",68,inf,1,ok,0.000012,0.000013;0.000012;0.000012
B,2,11,1787806802.150251,"(4096, 1, 1)",49,inf,1,ok,0.000018,0.000018;0.000019;0.000019
B,2,12,1787806802.156712,"(4096, 1, 1)",68,inf,1,ok,0.000013,0.000013;0.000013;0.000013
B,2,13,1787806802.162954,"(4096, 1, 1)",68,inf,1,ok,0.000012,0.000013;0.000013;0.000012
B,2,14,1787806802.168311,"(128, 1, 1)",49,inf,1,ok,0.000015,0.000015;0.000015;0.000015
B,2,15,1787806802.173820,"(4096, 1, 1)",68,inf,1,ok,0.000012,0.000012;0.000012;0.000012
B,2,16,1787806802.214995,"(2048, 1, 1)",105,0.036576,1,ok,0.000011,0.000012;0.000011;0.000011
B,2,17,1787806802.227427,"(1024, 1, 1)",155,0.036576,1,ok,0.000011,0.000011;0.000011;0.000011
B,2,18,1787806802.242374,"(4096, 1, 1)",89,0.036576,1,ok,0.000012,0.000012;0.000013;0.000013
B,2,19,1787806802.249538,"(4096, 1, 1)",78,0.036576,1,ok,0.000012,0.000012;0.000013;0.000013
B,2,20,1787806802.255142,"(4096, 1, 1)",84,0.036576,1,ok,0.000012,0.000012;0.000012;0.000013
B,2,21,1787806802.263157,"(2048, 1, 1)",82,0.036576,1,ok,0.000011,0.000011;0.000012;0.000011
B,2,22,1787806802.268736,"(1024, 1, 1)",84,0.036576,1,ok,0.000010,0.000011;0.000012;0.000010
B,2,23,1787806802.276017,"(512, 1, 1)",84,0.036576,1,ok,0.000010,0.000011;0.000010;0.000011
B,2,24,1787806802.282013,"(256, 1, 1)",80,0.036576,1,ok,0.000010,0.000010;0.000011;0.000011
B,2,25,1787806802.287266,"(4096, 1, 1)",64,0.036576,1,ok,0.000019,0.000019;0.000019;0.000019
B,2,26,1787806802.294622,"(4096, 1, 1)",82,0.036576,1,ok,0.000013,0.000013;0.000013;0.000013
B,2,27,1787806802.300490,"(128, 1, 1)",86,0.036576,1,ok,0.000010,0.000010;0.000010;0.000011
B,2,28,1787806802.312789,"(2048, 1, 1)",105,0.036576,1,ok,0.000011,0.000011;0.000011;0.000011
B,2,29,1787806802.324404,"(1024, 1, 1)",150,0.036576,1,ok,0.000011,0.000011;0.000011;0.000011
B,2,30,1787806802.335557,"(4096, 1, 1)",63,0.036576,1,ok,0.000012,0.000013;0.000012;0.000013
B,2,31,1787806802.344009,"(4096, 1, 1)",222,0.036576,1,ok,0.000017,0.000017;0.000018;0.000018
B,2,32,1787806802.351661,"(4096, 1, 1)",80,0.036576,1,ok,0.000012,0.000013;0.000012;0.000013
B,2,33,1787806802.358056,"(2048, 1, 1)",84,0.036576,1,ok,0.000011,0.000011;0.000011;0.000011
B,2,34,1787806802.370049,"(1024, 1, 1)",84,0.036576,1,ok,0.000011,0.000011;0.000012;0.000011
B,2,35,1787806802.384708,"(512, 1, 1)",88,0.036576,1,ok,0.000011,0.000011;0.000011;0.000011
B,2,36,1787806802.396059,"(256, 1, 1)",86,0.036576,1,ok,0.000011,0.000011;0.000011;0.000011
B,2,37,1787806802.405415,"(4096, 1, 1)",64,0.036576,1,ok,0.000018,0.000019;0.000018;0.000018
B,2,38,1787806802.548251,"(128, 1, 1)",84,0.036576,1,ok,0.000012,0.000012;0.000012;0.000012
B,2,39,1787806802.603778,"(256, 1, 1)",120,0.030528000000000003,1,ok,0.000010,0.000011;0.000010;0.000010
B,2,40,1787806802.628322,"(512, 1, 1)",117,0.030528000000000003,1,ok,0.000010,0.000011;0.000010;0.000010
B,2,41,1787806802.659394,"(128, 1, 1)",184,0.030528000000000003,1,ok,0.000010,0.000011;0.000011;0.000010
B,2,42,1787806802.684526,"(512, 1, 1)",262,0.030528000000000003,1,ok,0.000011,0.000011;0.000011;0.000011
B,2,43,1787806802.691655,"(512, 1, 1)",165,0.030528000000000003,1,ok,0.000011,0.000011;0.000011;0.000011
B,2,44,1787806802.706561,"(512, 1, 1)",109,0.030528000000000003,1,ok,0.000011,0.000011;0.000011;0.000011
B,2,45,1787806802.712779,"(512, 1, 1)",96,0.030528000000000003,1,ok,0.000011,0.000011;0.000012;0.000011
B,2,46,1787806802.724031,"(512, 1, 1)",92,0.030528000000000003,1,ok,0.000010,0.000010;0.000011;0.000011
B,2,47,1787806802.739375,"(256, 1, 1)",94,0.030528000000000003,1,ok,0.000010,0.000010;0.000010;0.000011
B,2,48,1787806802.745461,"(128, 1, 1)",96,0.030528000000000003,1,ok,0.000010,0.000011;0.000010;0.000011
B,2,49,1787806802.754204,"(512, 1, 1)",77,0.030528000000000003,1,ok,0.000025,0.000025;0.000025;0.000025
B,2,50,1787806802.759843,"(64, 1, 1)",96,0.030528000000000003,1,ok,0.000011,0.000011;0.000011;0.000011
B,2,51,1787806802.769277,"(512, 1, 1)",96,0.030528000000000003,1,ok,0.000013,0.000014;0.000014;0.000013
B,2,52,1787806802.831457,"(1024, 1, 1)",117,0.030528000000000003,1,ok,0.000010,0.000010;0.000011;0.000011
B,2,53,1787806802.882000,"(512, 1, 1)",122,0.030528000000000003,1,ok,0.000010,0.000011;0.000010;0.000011
B,2,54,1787806802.894090,"(256, 1, 1)",180,0.030528000000000003,1,ok,0.000010,0.000010;0.000011;0.000011
B,2,55,1787806802.932482,"(1024, 1, 1)",105,0.030528000000000003,1,ok,0.000010,0.000010;0.000011;0.000010
B,2,56,1787806802.938236,"(1024, 1, 1)",96,0.030528000000000003,1,ok,0.000011,0.000011;0.000012;0.000011
B,2,57,1787806802.974970,"(1024, 1, 1)",92,0.030528000000000003,1,ok,0.000010,0.000010;0.000011;0.000011
B,2,58,1787806803.010619,"(512, 1, 1)",98,0.030528000000000003,1,ok,0.000010,0.000010;0.000011;0.000011
B,2,59,1787806803.016525,"(256, 1, 1)",94,0.030528000000000003,1,ok,0.000011,0.000011;0.000011;0.000011
B,2,60,1787806803.048019,"(64, 1, 1)",96,0.030528000000000003,1,ok,0.000011,0.000011;0.000011;0.000011
B,2,61,1787806803.055319,"(128, 1, 1)",98,0.030528000000000003,1,ok,0.000011,0.000011;0.000011;0.000011
B,2,62,1787806803.097904,"(1024, 1, 1)",77,0.030528000000000003,1,ok,0.000020,0.000020;0.000020;0.000020
B,2,63,1787806803.143233,"(1024, 1, 1)",94,0.030528000000000003,1,ok,0.000013,0.000013;0.000013;0.000013
B,3,1,1787806803.204708,"(1, 1, 1)",55,inf,1,ok,0.000027,0.000027;0.000027;0.000027
B,3,2,1787806803.215167,"(1, 1, 1)",68,inf,1,ok,0.000012,0.000012;0.000012;0.000013
B,3,3,1787806803.225449,"(1, 1, 1)",66,inf,1,ok,0.000012,0.000012;0.000012;0.000012
B,3,4,1787806803.263752,"(1, 1, 1)",68,inf,1,ok,0.000013,0.000013;0.000013;0.000013
B,3,5,1787806803.271098,"(1, 1, 1)",68,inf,1,ok,0.000011,0.000012;0.000011;0.000012
B,3,6,1787806803.281201,"(1, 1, 1)",68,inf,1,ok,0.000017,0.000017;0.000017;0.000017
B,3,7,1787806803.291360,"(1, 1, 1)",68,inf,1,ok,0.000013,0.000013;0.000013;0.000013
B,3,8,1787806803.301346,"(1, 1, 1)",68,inf,1,ok,0.000011,0.000011;0.000011;0.000011
B,3,9,1787806803.346887,"(1, 1, 1)",104,0.032352000000000006,1,ok,0.000031,0.000031;0.000032;0.000031
B,3,10,1787806803.367163,"(1, 1, 1)",87,0.032352000000000006,1,ok,0.000011,0.000012;0.000011;0.000011
B,3,11,1787806803.381896,"(1, 1, 1)",81,0.032352000000000006,1,ok,0.000011,0.000011;0.000011;0.000011
B,3,12,1787806803.396059,"(1, 1, 1)",85,0.032352000000000006,1,ok,0.000013,0.000013;0.000013;0.000013
B,3,13,1787806803.411028,"(1, 1, 1)",83,0.032352000000000006,1,ok,0.000088,0.000088
B,3,14,1787806803.422808,"(1, 1, 1)",81,0.032352000000000006,1,ok,0.000014,0.000015;0.000014;0.000014
B,3,15,1787806803.429752,"(1, 1, 1)",80,0.032352000000000006,1,ok,0.000010,0.000010;0.000010;0.000010
B,3,16,1787806803.435714,"(1, 1, 1)",80,0.032352000000000006,1,ok,0.000011,0.000011;0.000011;0.000011
B,3,17,1787806803.445157,"(1, 1, 1)",84,0.032352000000000006,1,ok,0.000010,0.000010;0.000011;0.000011
B,3,18,1787806803.455596,"(1, 1, 1)",115,0.032352000000000006,1,ok,0.000010,0.000011;0.000011;0.000010
B,3,19,1787806803.461892,"(1, 1, 1)",87,0.032352000000000006,1,ok,0.000013,0.000013;0.000013;0.000013
B,3,20,1787806803.469466,"(1, 1, 1)",81,0.032352000000000006,1,ok,0.000010,0.000010;0.000010;0.000011
B,3,21,1787806803.475700,"(1, 1, 1)",81,0.032352000000000006,1,ok,0.000021,0.000021;0.000021;0.000021
B,3,22,1787806803.570577,"(1, 1, 1)",321,0.030143999999999997,1,ok,0.000011,0.000011;0.000011;0.000011
B,3,23,1787806803.628887,"(1, 1, 1)",79,0.030143999999999997,1,ok,0.000020,0.000020;0.000020;0.000020
B,3,24,1787806803.665918,"(1, 1, 1)",134,0.030143999999999997,1,ok,0.000010,0.000011;0.000011;0.000010
B,3,25,1787806803.824294,"(1, 1, 1)",132,0.030048000000000002,1,ok,0.000011,0.000011;0.000011;0.000011
B,3,26,1787806804.056739,"(1, 1, 1)",336,0.030048000000000002,1,ok,0.000010,0.000011;0.000011;0.000010
B,3,27,1787806804.320751,"(1, 1, 1)",1133,0.030048000000000002,1,ok,0.000010,0.000011;0.000010;0.000010
B,4,1,1787806804.495800,"(2048, 1, 1)",180,inf,1,ok,0.001041,0.001045;0.001041;0.001042
B,4,2,1787806804.505615,"(1024, 1, 1)",240,inf,1,ok,0.000750,0.000750;0.000751;0.000750
B,4,3,1787806804.546603,"(4096, 1, 1)",303,inf,1,ok,0.001568,0.001568;0.001568;0.001568
B,4,4,1787806804.576472,"(4096, 1, 1)",179,inf,1,ok,0.001430,0.001430;0.001430;0.001430
B,4,5,1787806804.628673,"(4096, 1, 1)",982,inf,1,ok,0.001512,0.001513;0.001513;0.001512
B,4,6,1787806804.675943,"(4096, 1, 1)",316,inf,1,ok,0.001565,0.001565;0.001565;0.001568
B,4,7,1787806804.718559,"(4096, 1, 1)",273,inf,1,ok,0.001393,0.001393;0.001394;0.001394
B,4,8,1787806804.738715,"(2048, 1, 1)",156,inf,1,ok,0.000868,0.000868;0.000875;0.000872
B,4,9,1787806804.759145,"(1024, 1, 1)",158,inf,1,ok,0.000484,0.000484;0.000486;0.000486
B,4,10,1787806804.780117,"(512, 1, 1)",156,inf,1,ok,0.000328,0.000328;0.000329;0.000329
B,4,11,1787806804.797973,"(4096, 1, 1)",1538,inf,1,ok,0.001508,0.001511;0.001508;0.001509
B,4,12,1787806804.813569,"(256, 1, 1)",158,inf,1,ok,0.000359,0.000359;0.000375;0.000376
B,4,13,1787806804.821194,"(4096, 1, 1)",167,inf,1,ok,0.000653,0.000653;0.000654;0.000656
B,4,14,1787806804.844690,"(4096, 1, 1)",167,inf,1,ok,0.000674,0.000675;0.000674;0.000674
B,4,15,1787806804.852829,"(4096, 1, 1)",167,inf,1,ok,0.000788,0.000788;0.000788;0.000788
B,4,16,1787806804.870276,"(4096, 1, 1)",181,inf,1,ok,0.000681,0.000681;0.000681;0.000681
B,4,17,1787806804.879595,"(4096, 1, 1)",183,inf,1,ok,0.000660,0.000660;0.000661;0.000660
B,4,18,1787806804.898369,"(128, 1, 1)",158,inf,1,ok,0.000340,0.000346;0.000340;0.000342
B,4,19,1787806805.009231,"(512, 1, 1)",356,0.9854400000000002,1,ok,0.000669,0.000670;0.000671;0.000669
B,4,20,1787806805.037114,"(256, 1, 1)",192,0.9854400000000002,1,ok,0.000438,0.000439;0.000438;0.000440
B,4,21,1787806805.067136,"(512, 1, 1)",189,0.9854400000000002,1,ok,0.000371,0.000372;0.000371;0.000372
B,4,22,1787806805.156399,"(128, 1, 1)",257,0.9854400000000002,1,ok,0.000479,0.000479;0.000481;0.000480
B,4,23,1787806805.197064,"(512, 1, 1)",249,0.9854400000000002,1,ok,0.000434,0.000435;0.000435;0.000434
B,4,24,1787806805.246440,"(512, 1, 1)",312,0.9854400000000002,1,ok,0.000323,0.000324;0.000323;0.000323
B,4,25,1787806805.280313,"(512, 1, 1)",190,0.9854400000000002,1,ok,0.000242,0.000242;0.000243;0.000242
B,4,26,1787806805.412791,"(512, 1, 1)",993,0.9854400000000002,1,ok,0.000340,0.000341;0.000345;0.000340
B,4,27,1787806805.463648,"(512, 1, 1)",325,0.9854400000000002,1,ok,0.000323,0.000323;0.000325;0.000326
B,4,28,1787806805.510772,"(512, 1, 1)",284,0.9854400000000002,1,ok,0.000328,0.000328;0.000329;0.000328
B,4,29,1787806805.519675,"(512, 1, 1)",1549,0.9854400000000002,1,ok,0.000289,0.000289;0.000290;0.000290
B,4,30,1787806805.535566,"(256, 1, 1)",167,0.9854400000000002,1,ok,0.000375,0.000376;0.000375;0.000376
B,4,31,1787806805.542817,"(128, 1, 1)",167,0.9854400000000002,1,ok,0.000340,0.000341;0.000340;0.000341
B,4,32,1787806805.559929,"(64, 1, 1)",167,0.9854400000000002,1,ok,0.000395,0.000395;0.000395;0.000396
B,4,33,1787806805.567327,"(32, 1, 1)",165,0.9854400000000002,1,ok,0.000533,0.000534;0.000533;0.000534
B,4,34,1787806805.592076,"(512, 1, 1)",183,0.9854400000000002,1,ok,0.000211,0.000212;0.000213;0.000211
B,4,35,1787806805.619579,"(512, 1, 1)",181,0.9854400000000002,1,ok,0.000141,0.000141;0.000141;0.000141
B,4,36,1787806805.626083,"(512, 1, 1)",181,0.9854400000000002,1,ok,0.000183,0.000183;0.000185;0.000184
B,4,37,1787806805.647597,"(512, 1, 1)",195,0.9854400000000002,1,ok,0.000157,0.000157;0.000159;0.000158
B,4,38,1787806805.654371,"(512, 1, 1)",199,0.9854400000000002,1,ok,0.000161,0.000161;0.000162;0.000163
B,4,39,1787806805.670635,"(16, 1, 1)",164,0.9854400000000002,1,ok,0.000860,0.000860;0.000862;0.000863
B,4,40,1787806805.679093,"(64, 1, 1)",190,0.9854400000000002,1,ok,0.000566,0.000566;0.000568;0.000568
B,4,41,1787806805.701100,"(128, 1, 1)",189,0.9854400000000002,1,ok,0.000426,0.000426;0.000427;0.000427
B,4,42,1787806805.715511,"(32, 1, 1)",256,0.9854400000000002,1,ok,0.000896,0.000896;0.000896;0.000896
B,4,43,1787806805.738334,"(128, 1, 1)",249,0.9854400000000002,1,ok,0.000483,0.000483;0.000484;0.000484
B,4,44,1787806805.784328,"(128, 1, 1)",314,0.9854400000000002,1,ok,0.000312,0.000314;0.000312;0.000315
B,4,45,1787806805.816373,"(128, 1, 1)",190,0.9854400000000002,1,ok,0.000239,0.000239;0.000239;0.000239
B,4,46,1787806805.850635,"(128, 1, 1)",995,0.9854400000000002,1,ok,0.000386,0.000386;0.000388;0.000387
B,4,47,1787806805.899890,"(128, 1, 1)",327,0.9854400000000002,1,ok,0.000350,0.000350;0.000354;0.000355
B,4,48,1787806805.944748,"(128, 1, 1)",286,0.9854400000000002,1,ok,0.000339,0.000339;0.000339;0.000340
B,4,49,1787806805.967129,"(64, 1, 1)",169,0.9854400000000002,1,ok,0.000393,0.000393;0.000395;0.000393
B,4,50,1787806806.047808,"(128, 1, 1)",1549,0.9854400000000002,1,ok,0.000264,0.000264;0.000264;0.000264
B,4,51,1787806806.070154,"(32, 1, 1)",167,0.9854400000000002,1,ok,0.000533,0.000533;0.000535;0.000534
B,4,52,1787806806.092708,"(16, 1, 1)",166,0.9854400000000002,1,ok,0.000862,0.000863;0.000862;0.000862
B,4,53,1787806806.197575,"(8, 1, 1)",167,0.9854400000000002,1,ok,0.001612,0.001612
B,4,54,1787806806.230741,"(128, 1, 1)",185,0.9854400000000002,1,ok,0.000222,0.000224;0.000224;0.000222
B,4,55,1787806806.285672,"(128, 1, 1)",185,0.9854400000000002,1,ok,0.000255,0.000255;0.000257;0.000257
B,4,56,1787806806.316520,"(128, 1, 1)",195,0.9854400000000002,1,ok,0.000237,0.000237;0.000238;0.000237
B,4,57,1787806806.339215,"(128, 1, 1)",183,0.9854400000000002,1,ok,0.000226,0.000226;0.000227;0.000226
B,4,58,1787806806.347477,"(128, 1, 1)",201,0.9854400000000002,1,ok,0.000222,0.000223;0.000222;0.000222
B,4,59,1787806806.365392,"(4, 1, 1)",167,0.9854400000000002,1,ok,0.003242,0.003242
B,4,60,1787806806.477694,"(256, 1, 1)",235,0.421728,1,ok,0.000129,0.000130;0.000129;0.000130
B,4,61,1787806806.519522,"(512, 1, 1)",456,0.421728,1,ok,0.000184,0.000185;0.000184;0.000184
B,4,62,1787806806.528535,"(512, 1, 1)",228,0.421728,1,ok,0.000137,0.000137;0.000137;0.000138
B,4,63,1787806806.576221,"(128, 1, 1)",321,0.421728,1,ok,0.000147,0.000147;0.000148;0.000148
B,4,64,1787806806.583658,"(512, 1, 1)",307,0.421728,1,ok,0.000142,0.000142;0.000142;0.000142
B,4,65,1787806806.662265,"(512, 1, 1)",215,0.421728,1,ok,0.000122,0.000122;0.000122;0.000122
B,4,66,1787806806.720769,"(512, 1, 1)",1018,0.421728,1,ok,0.000376,0.000401;0.000376;0.000397
B,4,67,1787806806.775147,"(512, 1, 1)",350,0.421728,1,ok,0.000142,0.000142;0.000142;0.000143
B,4,68,1787806806.825567,"(512, 1, 1)",311,0.421728,1,ok,0.000128,0.000128;0.000129;0.000129
B,4,69,1787806806.855486,"(256, 1, 1)",197,0.421728,1,ok,0.000157,0.000157;0.000158;0.000157
B,4,70,1787806806.884687,"(128, 1, 1)",195,0.421728,1,ok,0.000151,0.000151;0.000151;0.000151
B,4,71,1787806806.897282,"(512, 1, 1)",1574,0.421728,1,ok,0.000111,0.000113;0.000111;0.000113
B,4,72,1787806806.914985,"(64, 1, 1)",197,0.421728,1,ok,0.000156,0.000157;0.000156;0.000156
B,4,73,1787806806.926746,"(32, 1, 1)",195,0.421728,1,ok,0.000289,0.000289;0.000291;0.000290
B,4,74,1787806806.943774,"(512, 1, 1)",188,0.421728,1,ok,0.000138,0.000138;0.000138;0.000138
B,4,75,1787806806.955945,"(512, 1, 1)",192,0.421728,1,ok,0.000154,0.000154;0.000155;0.000155
B,4,76,1787806806.972340,"(512, 1, 1)",187,0.421728,1,ok,0.000250,0.000251;0.000251;0.000250
B,4,77,1787806806.999968,"(512, 1, 1)",188,0.421728,1,ok,0.000143,0.000143;0.000144;0.000143
B,4,78,1787806807.030295,"(512, 1, 1)",204,0.421728,1,ok,0.000132,0.000133;0.000132;0.000133
B,4,79,1787806807.042232,"(512, 1, 1)",194,0.421728,1,ok,0.000144,0.000144;0.000145;0.000144
B,4,80,1787806807.063564,"(512, 1, 1)",206,0.421728,1,ok,0.000133,0.000133;0.000133;0.000133
B,4,81,1787806807.295798,"(512, 1, 1)",194,0.421728,1,ok,0.000135,0.000136;0.000135;0.000136
B,4,82,1787806807.314511,"(512, 1, 1)",192,0.421728,1,ok,0.000154,0.000154;0.000154;0.000154
B,4,83,1787806807.327795,"(16, 1, 1)",194,0.421728,1,ok,0.000582,0.000582
B,4,84,1787806807.376865,"(256, 1, 1)",250,0.421728,1,ok,0.000148,0.000148;0.000148;0.000149
B,4,85,1787806807.406782,"(512, 1, 1)",469,0.421728,1,ok,0.000208,0.000211;0.000209;0.000208
B,4,86,1787806807.423835,"(512, 1, 1)",243,0.421728,1,ok,0.000148,0.000149;0.000150;0.000148
B,4,87,1787806807.469535,"(128, 1, 1)",333,0.421728,1,ok,0.000159,0.000159;0.000159;0.000160
B,4,88,1787806807.484977,"(512, 1, 1)",321,0.421728,1,ok,0.000149,0.000151;0.000149;0.000151
B,4,89,1787806807.544619,"(512, 1, 1)",351,0.421728,1,ok,0.000254,0.000256;0.000256;0.000254
B,4,90,1787806807.575931,"(512, 1, 1)",351,0.421728,1,ok,0.000152,0.000152;0.000152;0.000152
B,4,91,1787806807.584575,"(512, 1, 1)",229,0.421728,1,ok,0.000130,0.000130;0.000131;0.000130
B,4,92,1787806807.636829,"(512, 1, 1)",323,0.421728,1,ok,0.000146,0.000147;0.000147;0.000146
B,4,93,1787806807.669155,"(256, 1, 1)",211,0.421728,1,ok,0.000173,0.000173;0.000175;0.000175
B,4,94,1787806807.701503,"(128, 1, 1)",207,0.421728,1,ok,0.000163,0.000164;0.000164;0.000163
B,4,95,1787806807.732497,"(64, 1, 1)",211,0.421728,1,ok,0.000165,0.000165;0.000165;0.000165
B,4,96,1787806807.764010,"(32, 1, 1)",209,0.421728,1,ok,0.000343,0.000343;0.000345;0.000345
B,4,97,1787806807.796113,"(512, 1, 1)",204,0.421728,1,ok,0.000211,0.000211;0.000212;0.000212
B,4,98,1787806807.816769,"(512, 1, 1)",1586,0.421728,1,ok,0.000126,0.000126;0.000126;0.000128
B,4,99,1787806807.830137,"(512, 1, 1)",204,0.421728,1,ok,0.000137,0.000138;0.000137;0.000137
B,4,100,1787806807.848193,"(512, 1, 1)",204,0.421728,1,ok,0.000157,0.000158;0.000158;0.000157
B,4,101,1787806807.857069,"(16, 1, 1)",208,0.421728,1,ok,0.000739,0.000739
B,4,102,1787806808.318809,"(256, 1, 1)",2058,0.33446400000000004,1,ok,0.000111,0.000111;0.000111;0.000111
B,4,103,1787806808.944280,"(512, 1, 1)",2055,0.33446400000000004,1,ok,0.000118,0.000119;0.000118;0.000118
B,4,104,1787806810.073921,"(512, 1, 1)",2744,0.33446400000000004,1,ok,0.000108,0.000109;0.000108;0.000110
B,4,105,1787806810.785953,"(256, 1, 1)",1586,0.33446400000000004,1,ok,0.000125,0.000126;0.000126;0.000125
B,4,106,1787806811.013259,"(128, 1, 1)",1586,0.33446400000000004,1,ok,0.000125,0.000125;0.000125;0.000125
B,4,107,1787806811.242538,"(64, 1, 1)",1586,0.33446400000000004,1,ok,0.000142,0.000142;0.000142;0.000142
B,4,108,1787806811.385592,"(32, 1, 1)",1586,0.33446400000000004,1,ok,0.000225,0.000225;0.000225;0.000225
B,4,109,1787806811.474395,"(512, 1, 1)",1581,0.33446400000000004,1,ok,0.000110,0.000110;0.000110;0.000110
B,4,110,1787806811.702603,"(512, 1, 1)",1579,0.33446400000000004,1,ok,0.000126,0.000127;0.000126;0.000126
B,4,111,1787806811.884534,"(512, 1, 1)",1595,0.33446400000000004,1,ok,0.000120,0.000121;0.000120;0.000120
B,4,112,1787806811.943637,"(512, 1, 1)",1595,0.33446400000000004,1,ok,0.000105,0.000106;0.000105;0.000106
B,4,113,1787806812.106624,"(512, 1, 1)",537,0.33446400000000004,1,ok,0.000146,0.000147;0.000147;0.000146
B,4,114,1787806812.116633,"(16, 1, 1)",1586,0.33446400000000004,1,ok,0.000437,0.000437
B,4,115,1787806812.174430,"(256, 1, 1)",276,0.33446400000000004,1,ok,0.000098,0.000098;0.000098;0.000098
B,4,116,1787806812.182014,"(512, 1, 1)",265,0.33446400000000004,1,ok,0.000121,0.000121;0.000121;0.000121
B,4,117,1787806812.269983,"(128, 1, 1)",374,0.33446400000000004,1,ok,0.000114,0.000114;0.000114;0.000114
B,4,118,1787806812.365933,"(512, 1, 1)",358,0.33446400000000004,1,ok,0.000120,0.000120;0.000120;0.000120
B,4,119,1787806812.447786,"(512, 1, 1)",462,0.33446400000000004,1,ok,0.000242,0.000242;0.000243;0.000243
B,4,120,1787806812.834107,"(512, 1, 1)",1708,0.33446400000000004,1,ok,0.000294,0.000294;0.000296;0.000296
B,4,121,1787806812.936814,"(512, 1, 1)",516,0.33446400000000004,1,ok,0.000123,0.000123;0.000124;0.000124
B,4,122,1787806812.977463,"(256, 1, 1)",231,0.33446400000000004,1,ok,0.000134,0.000135;0.000134;0.000134
B,4,123,1787806812.984889,"(512, 1, 1)",454,0.33446400000000004,1,ok,0.000109,0.000110;0.000110;0.000109
B,4,124,1787806813.021112,"(128, 1, 1)",227,0.33446400000000004,1,ok,0.000132,0.000132;0.000132;0.000132
B,4,125,1787806813.063977,"(64, 1, 1)",231,0.33446400000000004,1,ok,0.000149,0.000149;0.000149;0.000149
B,4,126,1787806813.106680,"(32, 1, 1)",229,0.33446400000000004,1,ok,0.000248,0.000249;0.000249;0.000248
B,4,127,1787806813.147289,"(512, 1, 1)",222,0.33446400000000004,1,ok,0.000119,0.000119;0.000120;0.000120
B,4,128,1787806813.187611,"(512, 1, 1)",228,0.33446400000000004,1,ok,0.000154,0.000154;0.000155;0.000154
B,4,129,1787806813.226203,"(512, 1, 1)",221,0.33446400000000004,1,ok,0.000250,0.000250;0.000250;0.000251
B,4,130,1787806813.307368,"(512, 1, 1)",236,0.33446400000000004,1,ok,0.000116,0.000117;0.000116;0.000116
B,4,131,1787806813.347475,"(512, 1, 1)",228,0.33446400000000004,1,ok,0.000127,0.000127;0.000128;0.000128
B,4,132,1787806813.377891,"(512, 1, 1)",240,0.33446400000000004,1,ok,0.000116,0.000116;0.000116;0.000116
B,4,133,1787806813.388035,"(512, 1, 1)",230,0.33446400000000004,1,ok,0.000133,0.000133;0.000133;0.000133
B,4,134,1787806813.419174,"(512, 1, 1)",228,0.33446400000000004,1,ok,0.000154,0.000154;0.000154;0.000154
B,4,135,1787806813.428895,"(16, 1, 1)",228,0.33446400000000004,1,ok,0.000495,0.000495
B,4,136,1787806813.690956,"(256, 1, 1)",366,0.293184,1,ok,0.000112,0.000112;0.000112;0.000112
B,4,137,1787806813.783341,"(256, 1, 1)",936,0.293184,1,ok,0.000188,0.000188;0.000188;0.000188
B,4,138,1787806813.955825,"(64, 1, 1)",589,0.293184,1,ok,0.000167,0.000167;0.000167;0.000167
B,4,139,1787806814.075252,"(256, 1, 1)",555,0.293184,1,ok,0.000137,0.000137;0.000137;0.000137
B,4,140,1787806814.085507,"(256, 1, 1)",575,0.293184,1,ok,0.000218,0.000222;0.000218;0.000220
B,4,141,1787806814.611631,"(256, 1, 1)",2181,0.293184,1,ok,0.000277,0.000279;0.000277;0.000277
B,4,142,1787806814.778237,"(256, 1, 1)",659,0.293184,1,ok,0.000109,0.000109;0.000111;0.000110
B,4,143,1787806814.866128,"(128, 1, 1)",286,0.293184,1,ok,0.000098,0.000098;0.000098;0.000098
B,4,144,1787806814.917993,"(256, 1, 1)",564,0.293184,1,ok,0.000088,0.000089;0.000089;0.000088
B,4,145,1787806814.937054,"(64, 1, 1)",290,0.293184,1,ok,0.000125,0.000125;0.000125;0.000125
B,4,146,1787806814.990806,"(32, 1, 1)",288,0.293184,1,ok,0.000162,0.000162;0.000162;0.000163
B,4,147,1787806815.006905,"(16, 1, 1)",285,0.293184,1,ok,0.000309,0.000309
B,4,148,1787806815.061358,"(256, 1, 1)",279,0.293184,1,ok,0.000088,0.000088;0.000088;0.000089
B,4,149,1787806815.073167,"(256, 1, 1)",285,0.293184,1,ok,0.000124,0.000125;0.000124;0.000124
B,4,150,1787806815.127083,"(256, 1, 1)",283,0.293184,1,ok,0.000313,0.000313
B,4,151,1787806815.212453,"(256, 1, 1)",294,0.293184,1,ok,0.000085,0.000085;0.000085;0.000085
B,4,152,1787806815.249594,"(256, 1, 1)",288,0.293184,1,ok,0.000095,0.000095;0.000095;0.000095
B,4,153,1787806815.284287,"(256, 1, 1)",296,0.293184,1,ok,0.000084,0.000084;0.000084;0.000084
B,4,154,1787806815.316429,"(256, 1, 1)",290,0.293184,1,ok,0.000102,0.000103;0.000102;0.000102
B,4,155,1787806815.348102,"(256, 1, 1)",286,0.293184,1,ok,0.000123,0.000124;0.000123;0.000124
B,4,156,1787806815.386730,"(8, 1, 1)",288,0.293184,1,ok,0.000627,0.000627
B,4,157,1787806815.798182,"(256, 1, 1)",2078,0.293184,1,ok,0.000084,0.000085;0.000084;0.000085
B,4,158,1787806816.182931,"(512, 1, 1)",2075,0.293184,1,ok,0.000100,0.000100;0.000101;0.000100
B,4,159,1787806819.224976,"(512, 1, 1)",2765,0.293184,1,ok,0.000103,0.000103;0.000103;0.000103
B,4,160,1787806820.140108,"(256, 1, 1)",1608,0.293184,1,ok,0.000134,0.000134;0.000134;0.000134
B,4,161,1787806820.384252,"(128, 1, 1)",1608,0.293184,1,ok,0.000132,0.000132;0.000133;0.000132
B,4,162,1787806820.572533,"(512, 1, 1)",1601,0.293184,1,ok,0.000121,0.000121;0.000122;0.000122
B,4,163,1787806820.654684,"(512, 1, 1)",1598,0.293184,1,ok,0.000136,0.000136;0.000136;0.000136
B,4,164,1787806820.836115,"(128, 1, 1)",396,0.25142400000000004,1,ok,0.000064,0.000065;0.000064;0.000065
B,4,165,1787806820.941793,"(256, 1, 1)",387,0.25142400000000004,1,ok,0.000079,0.000079;0.000079;0.000079
B,4,166,1787806821.033106,"(256, 1, 1)",951,0.25142400000000004,1,ok,0.000096,0.000097;0.000097;0.000096
B,4,167,1787806821.120555,"(64, 1, 1)",608,0.25142400000000004,1,ok,0.000077,0.000078;0.000078;0.000077
B,4,168,1787806821.210801,"(256, 1, 1)",574,0.25142400000000004,1,ok,0.000095,0.000096;0.000095;0.000097
B,4,169,1787806821.271196,"(256, 1, 1)",633,0.25142400000000004,1,ok,0.000114,0.000116;0.000114;0.000114
B,4,170,1787806821.375223,"(256, 1, 1)",412,0.25142400000000004,1,ok,0.000148,0.000148;0.000153;0.000155
B,4,171,1787806821.523106,"(256, 1, 1)",1165,0.25142400000000004,1,ok,0.000099,0.000099;0.000099;0.000100
B,4,172,1787806821.558667,"(256, 1, 1)",676,0.25142400000000004,1,ok,0.000102,0.000103;0.000103;0.000102
B,4,173,1787806821.639286,"(128, 1, 1)",309,0.25142400000000004,1,ok,0.000085,0.000085;0.000086;0.000085
B,4,174,1787806821.663798,"(256, 1, 1)",582,0.25142400000000004,1,ok,0.000077,0.000077;0.000077;0.000078
B,4,175,1787806821.719027,"(64, 1, 1)",311,0.25142400000000004,1,ok,0.000086,0.000086;0.000086;0.000087
B,4,176,1787806821.739627,"(256, 1, 1)",300,0.25142400000000004,1,ok,0.000086,0.000086;0.000087;0.000087
B,4,177,1787806821.798277,"(256, 1, 1)",312,0.25142400000000004,1,ok,0.000105,0.000105;0.000105;0.000106
B,4,178,1787806825.916502,"(128, 1, 1)",2089,0.25142400000000004,1,ok,0.000086,0.000087;0.000086;0.000087
B,4,179,1787806826.340726,"(64, 1, 1)",2089,0.25142400000000004,1,ok,0.000162,0.000162;0.000162;0.000162
B,4,180,1787806826.745687,"(256, 1, 1)",2082,0.25142400000000004,1,ok,0.000090,0.000090;0.000091;0.000091
B,4,181,1787806827.150214,"(256, 1, 1)",2085,0.25142400000000004,1,ok,0.000103,0.000104;0.000103;0.000104
B,4,182,1787806827.595388,"(128, 1, 1)",584,0.19344000000000003,1,ok,0.000077,0.000078;0.000078;0.000077
B,4,183,1787806827.930434,"(128, 1, 1)",1751,0.19344000000000003,1,ok,0.000089,0.000090;0.000089;0.000092
B,4,184,1787806827.964451,"(32, 1, 1)",1043,0.19344000000000003,1,ok,0.000185,0.000185;0.000185;0.000189
B,4,185,1787806828.198579,"(128, 1, 1)",878,0.19344000000000003,1,ok,0.000139,0.000140;0.000139;0.000139
B,4,186,1787806828.263084,"(128, 1, 1)",963,0.19344000000000003,1,ok,0.000071,0.000071;0.000071;0.000071
B,4,187,1787806828.420840,"(128, 1, 1)",564,0.19344000000000003,1,ok,0.000109,0.000109;0.000111;0.000112
B,4,188,1787806828.694389,"(128, 1, 1)",941,0.19344000000000003,1,ok,0.000131,0.000131;0.000132;0.000133
B,4,189,1787806828.707265,"(128, 1, 1)",1654,0.19344000000000003,1,ok,0.000188,0.000188;0.000188;0.000189
B,4,190,1787806828.903604,"(128, 1, 1)",782,0.19344000000000003,1,ok,0.000062,0.000062;0.000062;0.000062
B,4,191,1787806829.025149,"(64, 1, 1)",411,0.19344000000000003,1,ok,0.000068,0.000068;0.000069;0.000070
B,4,192,1787806829.145029,"(32, 1, 1)",411,0.19344000000000003,1,ok,0.000166,0.000166;0.000167;0.000167
B,4,193,1787806829.302389,"(128, 1, 1)",405,0.19344000000000003,1,ok,0.000147,0.000147;0.000152;0.000153
B,4,194,1787806829.380967,"(128, 1, 1)",412,0.19344000000000003,1,ok,0.000101,0.000101;0.000103;0.000103
B,4,195,1787806829.779564,"(256, 1, 1)",775,0.19344000000000003,1,ok,0.000069,0.000070;0.000069;0.000070
B,4,196,1787806829.952123,"(256, 1, 1)",1944,0.19344000000000003,1,ok,0.000093,0.000093;0.000095;0.000094
B,4,197,1787806830.136044,"(64, 1, 1)",1200,0.19344000000000003,1,ok,0.000058,0.000058;0.000058;0.000058
B,4,198,1787806830.497622,"(256, 1, 1)",1164,0.19344000000000003,1,ok,0.000077,0.000077;0.000078;0.000078
B,4,199,1787806830.788658,"(256, 1, 1)",1827,0.19344000000000003,1,ok,0.000092,0.000094;0.000092;0.000093
B,4,200,1787806831.032216,"(256, 1, 1)",1002,0.19344000000000003,1,ok,0.000108,0.000110;0.000108;0.000108
B,4,201,1787806831.806210,"(256, 1, 1)",1864,0.19344000000000003,1,ok,0.000081,0.000082;0.000082;0.000081
B,4,202,1787806831.953790,"(128, 1, 1)",591,0.19344000000000003,1,ok,0.000082,0.000084;0.000083;0.000082
B,4,203,1787806832.092829,"(64, 1, 1)",595,0.19344000000000003,1,ok,0.000085,0.000085;0.000086;0.000086
B,4,204,1787806832.191590,"(256, 1, 1)",1763,0.19344000000000003,1,ok,0.000076,0.000077;0.000077;0.000076
B,4,205,1787806832.231815,"(256, 1, 1)",586,0.19344000000000003,1,ok,0.000086,0.000086;0.000086;0.000087
B,4,206,1787806832.341443,"(256, 1, 1)",598,0.19344000000000003,1,ok,0.000105,0.000105;0.000105;0.000105
B,4,207,1787806833.099153,"(32, 1, 1)",2036,0.17376000000000003,1,ok,0.000110,0.000110;0.000111;0.000111
B,4,208,1787806833.117658,"(64, 1, 1)",1987,0.17376000000000003,1,ok,0.000066,0.000066;0.000067;0.000066
B,4,209,1787806835.248014,"(64, 1, 1)",2090,0.17376000000000003,1,ok,0.000089,0.000089;0.000090;0.000090
B,4,210,1787806836.725755,"(32, 1, 1)",1211,0.17376000000000003,1,ok,0.000092,0.000093;0.000092;0.000092
B,4,211,1787806837.054417,"(16, 1, 1)",1213,0.17376000000000003,1,ok,0.000164,0.000164;0.000164;0.000165
B,4,212,1787806837.099473,"(64, 1, 1)",1208,0.17376000000000003,1,ok,0.000097,0.000097;0.000099;0.000098
B,4,213,1787806837.388530,"(64, 1, 1)",1215,0.17376000000000003,1,ok,0.000091,0.000091;0.000091;0.000092
B,4,214,1787806838.512425,"(128, 1, 1)",1174,0.17376000000000003,1,ok,0.000060,0.000061;0.000060;0.000060
B,4,215,1787806839.305155,"(128, 1, 1)",1956,0.17376000000000003,1,ok,0.000070,0.000071;0.000070;0.000070
B,4,216,1787806839.835069,"(128, 1, 1)",2476,0.17376000000000003,1,ok,0.000084,0.000085;0.000084;0.000085
B,4,217,1787806840.183037,"(128, 1, 1)",1358,0.17376000000000003,1,ok,0.000064,0.000064;0.000066;0.000065
B,4,218,1787806841.243423,"(128, 1, 1)",2533,0.17376000000000003,1,ok,0.000074,0.000074;0.000075;0.000076
B,4,219,1787806841.538096,"(64, 1, 1)",797,0.17376000000000003,1,ok,0.000062,0.000062;0.000063;0.000062
B,4,220,1787806841.736911,"(32, 1, 1)",795,0.17376000000000003,1,ok,0.000137,0.000140;0.000137;0.000139
B,4,221,1787806841.890687,"(128, 1, 1)",2370,0.17376000000000003,1,ok,0.000062,0.000062;0.000062;0.000062
B,4,222,1787806841.968913,"(128, 1, 1)",791,0.17376000000000003,1,ok,0.000071,0.000072;0.000071;0.000072
B,4,223,1787806842.179035,"(128, 1, 1)",796,0.17376000000000003,1,ok,0.000099,0.000099;0.000100;0.000100
B,5,1,1787806842.632382,"(512, 1, 1)",182,inf,1,ok,0.000310,0.000319;0.000310;0.000310
B,5,2,1787806842.712904,"(256, 1, 1)",240,inf,1,ok,0.000409,0.000409;0.000410;0.000409
B,5,3,1787806842.760218,"(1024, 1, 1)",305,inf,1,ok,0.000447,0.000447;0.000447;0.000447
B,5,4,1787806842.772141,"(1024, 1, 1)",982,inf,1,ok,0.000435,0.000435;0.000435;0.000435
B,5,5,1787806842.791334,"(1024, 1, 1)",181,inf,1,ok,0.000411,0.000411;0.000411;0.000411
B,5,6,1787806842.839803,"(1024, 1, 1)",316,inf,1,ok,0.000447,0.000447;0.000447;0.000447
B,5,7,1787806842.884737,"(1024, 1, 1)",275,inf,1,ok,0.000402,0.000402;0.000403;0.000403
B,5,8,1787806842.906050,"(512, 1, 1)",158,inf,1,ok,0.000257,0.000258;0.000257;0.000258
B,5,9,1787806842.927253,"(256, 1, 1)",160,inf,1,ok,0.000242,0.000243;0.000242;0.000243
B,5,10,1787806842.948815,"(128, 1, 1)",158,inf,1,ok,0.000211,0.000211;0.000211;0.000211
B,5,11,1787806842.969891,"(64, 1, 1)",160,inf,1,ok,0.000219,0.000219;0.000220;0.000219
B,5,12,1787806842.999778,"(1024, 1, 1)",1540,inf,1,ok,0.000483,0.000484;0.000485;0.000483
B,5,13,1787806843.011354,"(1024, 1, 1)",169,inf,1,ok,0.000183,0.000183;0.000184;0.000183
B,5,14,1787806843.024188,"(1024, 1, 1)",169,inf,1,ok,0.000198,0.000199;0.000198;0.000198
B,5,15,1787806843.046792,"(1024, 1, 1)",169,inf,1,ok,0.000244,0.000244;0.000245;0.000245
B,5,16,1787806843.053386,"(1024, 1, 1)",183,inf,1,ok,0.000200,0.000201;0.000201;0.000200
B,5,17,1787806843.070460,"(32, 1, 1)",158,inf,1,ok,0.000271,0.000271;0.000271;0.000271
B,5,18,1787806843.077717,"(1024, 1, 1)",185,inf,1,ok,0.000190,0.000190;0.000190;0.000190
B,5,19,1787806843.175959,"(512, 1, 1)",219,0.55008,1,ok,0.000108,0.000108;0.000108;0.000108
B,5,20,1787806843.226119,"(256, 1, 1)",297,0.55008,1,ok,0.000074,0.000075;0.000075;0.000074
B,5,21,1787806843.458635,"(1024, 1, 1)",327,0.55008,1,ok,0.000182,0.000182;0.000182;0.000182
B,5,22,1787806843.493378,"(1024, 1, 1)",203,0.55008,1,ok,0.000179,0.000179;0.000179;0.000179
B,5,23,1787806843.552090,"(1024, 1, 1)",338,0.55008,1,ok,0.000201,0.000201;0.000202;0.000202
B,5,24,1787806843.602142,"(1024, 1, 1)",297,0.55008,1,ok,0.000158,0.000159;0.000159;0.000158
B,5,25,1787806843.631130,"(512, 1, 1)",183,0.55008,1,ok,0.000103,0.000104;0.000104;0.000103
B,5,26,1787806843.659356,"(256, 1, 1)",187,0.55008,1,ok,0.000115,0.000116;0.000115;0.000115
B,5,27,1787806843.687064,"(128, 1, 1)",183,0.55008,1,ok,0.000113,0.000113;0.000113;0.000114
B,5,28,1787806843.714361,"(64, 1, 1)",187,0.55008,1,ok,0.000112,0.000112;0.000112;0.000112
B,5,29,1787806843.742630,"(1024, 1, 1)",182,0.55008,1,ok,0.000100,0.000101;0.000101;0.000100
B,5,30,1787806843.769658,"(1024, 1, 1)",178,0.55008,1,ok,0.000128,0.000128;0.000128;0.000128
B,5,31,1787806843.796051,"(1024, 1, 1)",178,0.55008,1,ok,0.000188,0.000188;0.000188;0.000189
B,5,32,1787806843.804662,"(1024, 1, 1)",1562,0.55008,1,ok,0.000157,0.000157;0.000158;0.000157
B,5,33,1787806843.822365,"(1024, 1, 1)",176,0.55008,1,ok,0.000179,0.000179;0.000179;0.000180
B,5,34,1787806843.847926,"(1024, 1, 1)",182,0.55008,1,ok,0.000101,0.000101;0.000101;0.000101
B,5,35,1787806843.861461,"(1024, 1, 1)",181,0.55008,1,ok,0.000093,0.000093;0.000093;0.000093
B,5,36,1787806843.873683,"(1024, 1, 1)",182,0.55008,1,ok,0.000100,0.000100;0.000100;0.000100
B,5,37,1787806843.887642,"(32, 1, 1)",185,0.55008,1,ok,0.000214,0.000214;0.000214;0.000214
B,5,38,1787806843.915596,"(512, 1, 1)",235,0.55008,1,ok,0.000107,0.000107;0.000107;0.000107
B,5,39,1787806843.941207,"(256, 1, 1)",311,0.55008,1,ok,0.000083,0.000083;0.000084;0.000083
B,5,40,1787806843.978217,"(1024, 1, 1)",227,0.55008,1,ok,0.000186,0.000186;0.000188;0.000186
B,5,41,1787806843.993189,"(1024, 1, 1)",540,0.55008,1,ok,0.000442,0.000443;0.000442;0.000442
B,5,42,1787806844.034575,"(1024, 1, 1)",343,0.55008,1,ok,0.000185,0.000185;0.000186;0.000186
B,5,43,1787806844.071228,"(1024, 1, 1)",219,0.55008,1,ok,0.000183,0.000183;0.000183;0.000183
B,5,44,1787806844.251680,"(1024, 1, 1)",354,0.55008,1,ok,0.000233,0.000233;0.000234;0.000234
B,5,45,1787806844.306099,"(1024, 1, 1)",309,0.55008,1,ok,0.000166,0.000166;0.000166;0.000166
B,5,46,1787806844.318630,"(1024, 1, 1)",1574,0.55008,1,ok,0.000160,0.000162;0.000160;0.000161
B,5,47,1787806844.338883,"(512, 1, 1)",199,0.55008,1,ok,0.000104,0.000105;0.000104;0.000105
B,5,48,1787806844.347920,"(256, 1, 1)",201,0.55008,1,ok,0.000071,0.000071;0.000071;0.000071
B,5,49,1787806844.368770,"(128, 1, 1)",201,0.55008,1,ok,0.000071,0.000071;0.000071;0.000071
B,5,50,1787806844.379053,"(64, 1, 1)",201,0.55008,1,ok,0.000073,0.000073;0.000073;0.000073
B,5,51,1787806844.397512,"(1024, 1, 1)",192,0.55008,1,ok,0.000183,0.000183;0.000183;0.000183
B,5,52,1787806844.407618,"(1024, 1, 1)",192,0.55008,1,ok,0.000181,0.000181;0.000182;0.000182
B,5,53,1787806844.425366,"(1024, 1, 1)",192,0.55008,1,ok,0.000179,0.000180;0.000179;0.000180
B,5,54,1787806844.437321,"(32, 1, 1)",201,0.55008,1,ok,0.000118,0.000119;0.000118;0.000119
B,5,55,1787806844.542558,"(128, 1, 1)",252,0.21216000000000002,1,ok,0.000065,0.000066;0.000065;0.000066
B,5,56,1787806844.588180,"(256, 1, 1)",249,0.21216000000000002,1,ok,0.000077,0.000077;0.000077;0.000078
B,5,57,1787806844.610766,"(64, 1, 1)",338,0.21216000000000002,1,ok,0.000073,0.000073;0.000074;0.000073
B,5,58,1787806844.651632,"(256, 1, 1)",243,0.21216000000000002,1,ok,0.000071,0.000071;0.000071;0.000071
B,5,59,1787806844.668251,"(256, 1, 1)",551,0.21216000000000002,1,ok,0.000181,0.000181;0.000182;0.000182
B,5,60,1787806844.709789,"(256, 1, 1)",357,0.21216000000000002,1,ok,0.000071,0.000071;0.000071;0.000071
B,5,61,1787806844.750881,"(256, 1, 1)",235,0.21216000000000002,1,ok,0.000067,0.000067;0.000067;0.000068
B,5,62,1787806844.941409,"(256, 1, 1)",368,0.21216000000000002,1,ok,0.000105,0.000105;0.000108;0.000105
B,5,63,1787806844.999951,"(256, 1, 1)",1588,0.21216000000000002,1,ok,0.000065,0.000065;0.000065;0.000065
B,5,64,1787806845.014119,"(256, 1, 1)",325,0.21216000000000002,1,ok,0.000071,0.000071;0.000071;0.000071
B,5,65,1787806845.031134,"(128, 1, 1)",215,0.21216000000000002,1,ok,0.000071,0.000071;0.000071;0.000071
B,5,66,1787806845.038601,"(64, 1, 1)",215,0.21216000000000002,1,ok,0.000073,0.000074;0.000073;0.000073
B,5,67,1787806845.064163,"(32, 1, 1)",215,0.21216000000000002,1,ok,0.000119,0.000119;0.000119;0.000119
B,5,68,1787806845.071054,"(16, 1, 1)",213,0.21216000000000002,1,ok,0.000233,0.000233
B,5,69,1787806845.096093,"(256, 1, 1)",210,0.21216000000000002,1,ok,0.000068,0.000068;0.000068;0.000069
B,5,70,1787806845.102506,"(256, 1, 1)",210,0.21216000000000002,1,ok,0.000065,0.000066;0.000065;0.000066
B,5,71,1787806845.126561,"(256, 1, 1)",210,0.21216000000000002,1,ok,0.000067,0.000067;0.000067;0.000067
B,5,72,1787806845.133761,"(8, 1, 1)",213,0.21216000000000002,1,ok,0.000491,0.000491
B,5,73,1787806845.224201,"(128, 1, 1)",475,0.21216000000000002,1,ok,0.000098,0.000098;0.000098;0.000098
B,5,74,1787806845.269815,"(64, 1, 1)",250,0.21216000000000002,1,ok,0.000065,0.000065;0.000065;0.000065
B,5,75,1787806845.330517,"(32, 1, 1)",337,0.21216000000000002,1,ok,0.000078,0.000078;0.000078;0.000078
B,5,76,1787806845.383182,"(128, 1, 1)",247,0.21216000000000002,1,ok,0.000065,0.000066;0.000066;0.000065
B,5,77,1787806845.390310,"(128, 1, 1)",325,0.21216000000000002,1,ok,0.000072,0.000074;0.000072;0.000072
B,5,78,1787806845.431324,"(128, 1, 1)",241,0.21216000000000002,1,ok,0.000071,0.000071;0.000071;0.000071
B,5,79,1787806845.466730,"(128, 1, 1)",553,0.21216000000000002,1,ok,0.000141,0.000141;0.000141;0.000141
B,5,80,1787806845.487529,"(128, 1, 1)",355,0.21216000000000002,1,ok,0.000071,0.000071;0.000071;0.000071
B,5,81,1787806845.509312,"(128, 1, 1)",233,0.21216000000000002,1,ok,0.000067,0.000067;0.000067;0.000067
B,5,82,1787806845.570674,"(128, 1, 1)",368,0.21216000000000002,1,ok,0.000100,0.000101;0.000100;0.000101
B,5,83,1787806845.623293,"(128, 1, 1)",325,0.21216000000000002,1,ok,0.000071,0.000072;0.000071;0.000071
B,5,84,1787806845.655099,"(64, 1, 1)",213,0.21216000000000002,1,ok,0.000073,0.000073;0.000073;0.000074
B,5,85,1787806845.687461,"(32, 1, 1)",213,0.21216000000000002,1,ok,0.000119,0.000119;0.000119;0.000119
B,5,86,1787806845.719382,"(16, 1, 1)",211,0.21216000000000002,1,ok,0.000233,0.000233
B,5,87,1787806845.732594,"(128, 1, 1)",1588,0.21216000000000002,1,ok,0.000068,0.000069;0.000068;0.000068
B,5,88,1787806845.752227,"(8, 1, 1)",211,0.21216000000000002,1,ok,0.000490,0.000490
B,5,89,1787806845.763027,"(128, 1, 1)",206,0.21216000000000002,1,ok,0.000065,0.000065;0.000065;0.000066
B,5,90,1787806845.783223,"(128, 1, 1)",208,0.21216000000000002,1,ok,0.000064,0.000065;0.000064;0.000065
B,5,91,1787806845.793301,"(128, 1, 1)",206,0.21216000000000002,1,ok,0.000065,0.000065;0.000065;0.000066
B,5,92,1787806845.909556,"(64, 1, 1)",255,0.193248,1,ok,0.000042,0.000042;0.000043;0.000042
B,5,93,1787806845.959721,"(128, 1, 1)",481,0.193248,1,ok,0.000053,0.000053;0.000053;0.000053
B,5,94,1787806846.005875,"(128, 1, 1)",252,0.193248,1,ok,0.000043,0.000043;0.000043;0.000043
B,5,95,1787806846.070421,"(32, 1, 1)",341,0.193248,1,ok,0.000051,0.000051;0.000051;0.000051
B,5,96,1787806846.162067,"(128, 1, 1)",578,0.193248,1,ok,0.000066,0.000066;0.000066;0.000066
B,5,97,1787806846.184633,"(128, 1, 1)",330,0.193248,1,ok,0.000045,0.000045;0.000045;0.000045
B,5,98,1787806846.229042,"(128, 1, 1)",250,0.193248,1,ok,0.000064,0.000066;0.000065;0.000064
B,5,99,1787806846.260902,"(128, 1, 1)",240,0.193248,1,ok,0.000061,0.000062;0.000062;0.000061
B,5,100,1787806846.484120,"(128, 1, 1)",1597,0.193248,1,ok,0.000064,0.000064;0.000064;0.000064
B,5,101,1787806846.538878,"(128, 1, 1)",377,0.193248,1,ok,0.000050,0.000052;0.000051;0.000050
B,5,102,1787806846.546556,"(128, 1, 1)",332,0.193248,1,ok,0.000065,0.000066;0.000065;0.000065
B,5,103,1787806846.575736,"(32, 1, 1)",221,0.193248,1,ok,0.000082,0.000082;0.000082;0.000082
B,5,104,1787806846.582633,"(64, 1, 1)",221,0.193248,1,ok,0.000046,0.000046;0.000047;0.000046
B,5,105,1787806846.609480,"(128, 1, 1)",215,0.193248,1,ok,0.000047,0.000047;0.000047;0.000047
B,5,106,1787806846.616112,"(128, 1, 1)",218,0.193248,1,ok,0.000048,0.000048;0.000048;0.000048
B,5,107,1787806846.645958,"(128, 1, 1)",219,0.193248,1,ok,0.000066,0.000067;0.000067;0.000066
B,5,108,1787806846.831699,"(64, 1, 1)",325,0.193248,1,ok,0.000073,0.000074;0.000073;0.000074
B,5,109,1787806846.853127,"(64, 1, 1)",809,0.193248,1,ok,0.000106,0.000107;0.000107;0.000106
B,5,110,1787806846.987861,"(16, 1, 1)",517,0.193248,1,ok,0.000157,0.000158;0.000157;0.000158
B,5,111,1787806847.005891,"(64, 1, 1)",485,0.193248,1,ok,0.000096,0.000096;0.000097;0.000096
B,5,112,1787806847.121047,"(64, 1, 1)",313,0.193248,1,ok,0.000062,0.000063;0.000063;0.000062
B,5,113,1787806847.166390,"(64, 1, 1)",730,0.193248,1,ok,0.000188,0.000188;0.000189;0.000188
B,5,114,1787806847.213584,"(64, 1, 1)",467,0.193248,1,ok,0.000063,0.000063;0.000063;0.000063
B,5,115,1787806847.270046,"(64, 1, 1)",289,0.193248,1,ok,0.000058,0.000058;0.000058;0.000058
B,5,116,1787806847.408216,"(64, 1, 1)",480,0.193248,1,ok,0.000122,0.000123;0.000122;0.000123
B,5,117,1787806847.533359,"(64, 1, 1)",416,0.193248,1,ok,0.000059,0.000059;0.000060;0.000059
B,5,118,1787806847.620949,"(32, 1, 1)",262,0.193248,1,ok,0.000089,0.000089;0.000089;0.000089
B,5,119,1787806847.707848,"(16, 1, 1)",260,0.193248,1,ok,0.000147,0.000147;0.000147;0.000147
B,5,120,1787806847.770650,"(64, 1, 1)",2071,0.193248,1,ok,0.000060,0.000060;0.000061;0.000060
B,5,121,1787806847.797438,"(8, 1, 1)",260,0.193248,1,ok,0.000347,0.000347
B,5,122,1787806847.857075,"(4, 1, 1)",261,0.193248,1,ok,0.000751,0.000751
B,5,123,1787806847.887633,"(64, 1, 1)",257,0.193248,1,ok,0.000047,0.000047;0.000048;0.000047
B,5,124,1787806847.970445,"(64, 1, 1)",257,0.193248,1,ok,0.000045,0.000045;0.000046;0.000045
B,5,125,1787806848.242082,"(64, 1, 1)",816,0.126432,1,ok,0.000060,0.000060;0.000060;0.000060
B,5,126,1787806848.312634,"(64, 1, 1)",334,0.126432,1,ok,0.000034,0.000034;0.000034;0.000034
B,5,127,1787806848.408939,"(16, 1, 1)",523,0.126432,1,ok,0.000089,0.000089;0.000090;0.000090
B,5,128,1787806848.422979,"(64, 1, 1)",495,0.126432,1,ok,0.000041,0.000041;0.000041;0.000041
B,5,129,1787806848.569903,"(64, 1, 1)",771,0.126432,1,ok,0.000071,0.000072;0.000071;0.000071
B,5,130,1787806848.731324,"(64, 1, 1)",318,0.126432,1,ok,0.000042,0.000042;0.000042;0.000042
B,5,131,1787806848.742206,"(64, 1, 1)",296,0.126432,1,ok,0.000038,0.000039;0.000038;0.000038
B,5,132,1787806848.834698,"(64, 1, 1)",421,0.126432,1,ok,0.000042,0.000043;0.000042;0.000043
B,5,133,1787806848.843014,"(64, 1, 1)",488,0.126432,1,ok,0.000047,0.000047;0.000047;0.000048
B,5,134,1787806848.889728,"(32, 1, 1)",270,0.126432,1,ok,0.000058,0.000059;0.000058;0.000059
B,5,135,1787806848.896583,"(16, 1, 1)",270,0.126432,1,ok,0.000127,0.000127
B,5,136,1787806848.939821,"(64, 1, 1)",259,0.126432,1,ok,0.000035,0.000035;0.000035;0.000035
B,5,137,1787806848.946578,"(64, 1, 1)",262,0.126432,1,ok,0.000035,0.000035;0.000035;0.000035
B,5,138,1787806848.992906,"(64, 1, 1)",269,0.126432,1,ok,0.000054,0.000054;0.000054;0.000054
B,5,139,1787806849.170046,"(32, 1, 1)",503,0.126432,1,ok,0.000044,0.000044;0.000044;0.000045
B,5,140,1787806849.261730,"(128, 1, 1)",464,0.126432,1,ok,0.000059,0.000060;0.000060;0.000059
B,5,141,1787806849.272274,"(128, 1, 1)",768,0.126432,1,ok,0.000068,0.000068;0.000068;0.000068
B,5,142,1787806849.329437,"(128, 1, 1)",315,0.126432,1,ok,0.000043,0.000044;0.000043;0.000044
B,5,143,1787806849.344306,"(128, 1, 1)",289,0.126432,1,ok,0.000039,0.000039;0.000039;0.000039
B,5,144,1787806849.446087,"(128, 1, 1)",485,0.126432,1,ok,0.000068,0.000068;0.000069;0.000068
B,5,145,1787806849.533311,"(128, 1, 1)",418,0.126432,1,ok,0.000042,0.000043;0.000042;0.000043
B,5,146,1787806849.586709,"(64, 1, 1)",267,0.126432,1,ok,0.000042,0.000042;0.000043;0.000042
B,5,147,1787806849.640351,"(32, 1, 1)",265,0.126432,1,ok,0.000072,0.000072;0.000072;0.000072
B,5,148,1787806849.694177,"(16, 1, 1)",265,0.126432,1,ok,0.000152,0.000152
B,5,149,1787806849.744690,"(128, 1, 1)",259,0.126432,1,ok,0.000043,0.000044;0.000043;0.000043
B,5,150,1787806849.752936,"(128, 1, 1)",2075,0.126432,1,ok,0.000041,0.000041;0.000042;0.000041
B,5,151,1787806849.795836,"(128, 1, 1)",262,0.126432,1,ok,0.000042,0.000043;0.000042;0.000042
B,5,152,1787806849.802424,"(128, 1, 1)",265,0.126432,1,ok,0.000052,0.000053;0.000052;0.000053
B,5,153,1787806849.847059,"(128, 1, 1)",270,0.126432,1,ok,0.000122,0.000122;0.000123;0.000122
B,5,154,1787806850.347967,"(64, 1, 1)",495,0.100704,1,ok,0.000041,0.000041;0.000042;0.000041
B,5,155,1787806850.596659,"(64, 1, 1)",1141,0.100704,1,ok,0.000078,0.000078;0.000078;0.000078
B,5,156,1787806850.608797,"(16, 1, 1)",855,0.100704,1,ok,0.000141,0.000141
B,5,157,1787806850.709675,"(64, 1, 1)",441,0.100704,1,ok,0.000032,0.000032;0.000033;0.000032
B,5,158,1787806850.740695,"(64, 1, 1)",668,0.100704,1,ok,0.000059,0.000059;0.000059;0.000060
B,5,159,1787806850.813146,"(64, 1, 1)",387,0.100704,1,ok,0.000029,0.000030;0.000029;0.000030
B,5,160,1787806850.891292,"(64, 1, 1)",690,0.100704,1,ok,0.000069,0.000069;0.000069;0.000069
B,5,161,1787806850.944495,"(64, 1, 1)",584,0.100704,1,ok,0.000032,0.000032;0.000033;0.000032
B,5,162,1787806850.970960,"(32, 1, 1)",347,0.100704,1,ok,0.000052,0.000053;0.000053;0.000052
B,5,163,1787806851.023851,"(16, 1, 1)",347,0.100704,1,ok,0.000107,0.000107
B,5,164,1787806851.048930,"(8, 1, 1)",347,0.100704,1,ok,0.000309,0.000309
B,5,165,1787806851.100554,"(64, 1, 1)",339,0.100704,1,ok,0.000036,0.000036;0.000036;0.000036
B,5,166,1787806851.125790,"(64, 1, 1)",339,0.100704,1,ok,0.000035,0.000035;0.000035;0.000036
B,5,167,1787806851.179279,"(64, 1, 1)",349,0.100704,1,ok,0.000051,0.000052;0.000052;0.000051
B,5,168,1787806851.203090,"(64, 1, 1)",344,0.100704,1,ok,0.000110,0.000110
B,5,169,1787806851.290679,"(32, 1, 1)",352,0.100704,1,ok,0.000065,0.000065;0.000065;0.000065
B,5,170,1787806851.377530,"(64, 1, 1)",822,0.100704,1,ok,0.000045,0.000046;0.000045;0.000045
B,5,171,1787806851.480830,"(16, 1, 1)",535,0.100704,1,ok,0.000139,0.000139
B,5,172,1787806851.497459,"(64, 1, 1)",500,0.100704,1,ok,0.000038,0.000038;0.000038;0.000038
B,5,173,1787806851.596028,"(64, 1, 1)",474,0.100704,1,ok,0.000046,0.000047;0.000046;0.000046
B,5,174,1787806851.639685,"(64, 1, 1)",781,0.100704,1,ok,0.000050,0.000050;0.000050;0.000051
B,5,175,1787806851.712652,"(64, 1, 1)",325,0.100704,1,ok,0.000035,0.000035;0.000035;0.000035
B,5,176,1787806851.790012,"(64, 1, 1)",495,0.100704,1,ok,0.000037,0.000037;0.000037;0.000037
B,5,177,1787806851.810370,"(64, 1, 1)",428,0.100704,1,ok,0.000033,0.000033;0.000033;0.000033
B,5,178,1787806851.848234,"(32, 1, 1)",279,0.100704,1,ok,0.000056,0.000056;0.000057;0.000057
B,5,179,1787806851.867776,"(64, 1, 1)",275,0.100704,1,ok,0.000038,0.000038;0.000038;0.000038
B,5,180,1787806852.279053,"(64, 1, 1)",953,0.087648,1,ok,0.000055,0.000055;0.000055;0.000055
B,5,181,1787806852.308322,"(32, 1, 1)",584,0.087648,1,ok,0.000042,0.000042;0.000042;0.000042
B,5,182,1787806852.467524,"(64, 1, 1)",576,0.087648,1,ok,0.000044,0.000045;0.000044;0.000044
B,5,183,1787806852.647254,"(16, 1, 1)",992,0.087648,1,ok,0.000054,0.000054;0.000055;0.000055
B,5,184,1787806852.879845,"(64, 1, 1)",862,0.087648,1,ok,0.000050,0.000050;0.000050;0.000050
B,5,185,1787806852.971234,"(64, 1, 1)",1643,0.087648,1,ok,0.000095,0.000095
B,5,186,1787806853.038900,"(64, 1, 1)",559,0.087648,1,ok,0.000029,0.000029;0.000029;0.000029
B,5,187,1787806853.346247,"(64, 1, 1)",934,0.087648,1,ok,0.000055,0.000055;0.000055;0.000056
B,5,188,1787806853.437837,"(64, 1, 1)",775,0.087648,1,ok,0.000029,0.000029;0.000029;0.000029
B,5,189,1787806853.467233,"(32, 1, 1)",400,0.087648,1,ok,0.000042,0.000042;0.000042;0.000042
B,5,190,1787806853.556309,"(16, 1, 1)",400,0.087648,1,ok,0.000088,0.000088
B,5,191,1787806853.584417,"(8, 1, 1)",400,0.087648,1,ok,0.000218,0.000218
B,5,192,1787806853.668573,"(64, 1, 1)",392,0.087648,1,ok,0.000032,0.000033;0.000032;0.000032
B,5,193,1787806853.699213,"(64, 1, 1)",400,0.087648,1,ok,0.000047,0.000047;0.000047;0.000047
B,5,194,1787806853.782341,"(64, 1, 1)",397,0.087648,1,ok,0.000104,0.000104
B,5,195,1787806853.998123,"(32, 1, 1)",921,0.087648,1,ok,0.000049,0.000049;0.000049;0.000049
B,5,196,1787806854.115956,"(64, 1, 1)",1563,0.087648,1,ok,0.000048,0.000048;0.000048;0.000048
B,5,197,1787806854.212142,"(64, 1, 1)",911,0.087648,1,ok,0.000038,0.000038;0.000039;0.000038
B,5,198,1787806854.517276,"(16, 1, 1)",1604,0.087648,1,ok,0.000164,0.000164
B,5,199,1787806854.897182,"(64, 1, 1)",1722,0.087648,1,ok,0.000052,0.000052;0.000052;0.000052
B,5,200,1787806855.097883,"(64, 1, 1)",961,0.087648,1,ok,0.000033,0.000034;0.000033;0.000034
B,5,201,1787806855.455655,"(64, 1, 1)",1740,0.087648,1,ok,0.000054,0.000054;0.000054;0.000054
B,5,202,1787806855.814328,"(64, 1, 1)",1628,0.087648,1,ok,0.000033,0.000033;0.000033;0.000033
B,5,203,1787806855.836616,"(32, 1, 1)",595,0.087648,1,ok,0.000048,0.000049;0.000048;0.000049
B,5,204,1787806855.949344,"(16, 1, 1)",597,0.087648,1,ok,0.000099,0.000099
B,5,205,1787806855.970166,"(8, 1, 1)",595,0.087648,1,ok,0.000278,0.000278
B,5,206,1787806856.082947,"(64, 1, 1)",591,0.087648,1,ok,0.000034,0.000035;0.000035;0.000034
B,5,207,1787806856.138447,"(64, 1, 1)",591,0.087648,1,ok,0.000035,0.000035;0.000036;0.000035
B,5,208,1787806856.272204,"(64, 1, 1)",589,0.087648,1,ok,0.000107,0.000107
B,5,209,1787806856.403909,"(64, 1, 1)",599,0.087648,1,ok,0.000052,0.000052;0.000052;0.000052
B,5,210,1787806856.821948,"(32, 1, 1)",1174,0.08688000000000001,1,ok,0.000039,0.000040;0.000039;0.000039
B,5,211,1787806857.122324,"(64, 1, 1)",1166,0.08688000000000001,1,ok,0.000040,0.000041;0.000041;0.000040
B,5,212,1787806857.254729,"(64, 1, 1)",1946,0.08688000000000001,1,ok,0.000051,0.000052;0.000052;0.000051
B,5,213,1787806857.973178,"(16, 1, 1)",1985,0.08688000000000001,1,ok,0.000058,0.000058;0.000058;0.000058
B,5,214,1787806858.621196,"(64, 1, 1)",2462,0.08688000000000001,1,ok,0.000055,0.000055;0.000055;0.000055
B,5,215,1787806858.994178,"(64, 1, 1)",1353,0.08688000000000001,1,ok,0.000028,0.000029;0.000029;0.000028
B,5,216,1787806859.696968,"(64, 1, 1)",2528,0.08688000000000001,1,ok,0.000055,0.000056;0.000056;0.000055
B,5,217,1787806860.163770,"(32, 1, 1)",784,0.08688000000000001,1,ok,0.000039,0.000039;0.000040;0.000040
B,5,218,1787806860.260593,"(64, 1, 1)",2364,0.08688000000000001,1,ok,0.000028,0.000029;0.000029;0.000028
B,5,219,1787806860.364519,"(16, 1, 1)",786,0.08688000000000001,1,ok,0.000074,0.000074;0.000074;0.000074
B,5,220,1787806860.471584,"(8, 1, 1)",784,0.08688000000000001,1,ok,0.000190,0.000190
B,5,221,1787806860.560376,"(64, 1, 1)",780,0.08688000000000001,1,ok,0.000031,0.000031;0.000031;0.000032
B,5,222,1787806860.671320,"(64, 1, 1)",778,0.08688000000000001,1,ok,0.000104,0.000104
B,5,223,1787806860.760879,"(64, 1, 1)",788,0.08688000000000001,1,ok,0.000047,0.000047;0.000047;0.000047
B,5,224,1787806861.076057,"(32, 1, 1)",866,0.08688000000000001,1,ok,0.000061,0.000061;0.000062;0.000062
B,5,225,1787806861.184310,"(64, 1, 1)",1463,0.08688000000000001,1,ok,0.000063,0.000064;0.000063;0.000064
B,5,226,1787806861.347857,"(64, 1, 1)",860,0.08688000000000001,1,ok,0.000038,0.000038;0.000038;0.000038
B,5,227,1787806861.687569,"(16, 1, 1)",1502,0.08688000000000001,1,ok,0.000110,0.000110
B,5,228,1787806862.053512,"(64, 1, 1)",1532,0.08688000000000001,1,ok,0.000064,0.000064;0.000064;0.000065
B,5,229,1787806862.573806,"(64, 1, 1)",1660,0.08688000000000001,1,ok,0.000063,0.000063;0.000063;0.000063
B,5,230,1787806862.747169,"(32, 1, 1)",574,0.08688000000000001,1,ok,0.000060,0.000060;0.000060;0.000060
B,5,231,1787806862.774773,"(16, 1, 1)",574,0.08688000000000001,1,ok,0.000115,0.000115
B,5,232,1787806862.912289,"(8, 1, 1)",574,0.08688000000000001,1,ok,0.000221,0.000221
B,5,233,1787806862.934591,"(64, 1, 1)",570,0.08688000000000001,1,ok,0.000047,0.000048;0.000047;0.000047
B,5,234,1787806863.072232,"(64, 1, 1)",569,0.08688000000000001,1,ok,0.000106,0.000106
B,5,235,1787806863.893934,"(32, 1, 1)",2068,0.08448,1,ok,0.000038,0.000038;0.000039;0.000038
B,5,236,1787806865.094428,"(64, 1, 1)",2060,0.08448,1,ok,0.000034,0.000034;0.000034;0.000034
B,5,237,1787806868.535153,"(32, 1, 1)",1364,0.08448,1,ok,0.000045,0.000046;0.000045;0.000045
B,5,238,1787806868.897354,"(16, 1, 1)",1364,0.08448,1,ok,0.000083,0.000084;0.000083;0.000083
B,5,239,1787806869.343999,"(8, 1, 1)",1364,0.08448,1,ok,0.000182,0.000182
B,5,240,1787806869.537013,"(64, 1, 1)",1320,0.08448,1,ok,0.000104,0.000104
B,5,241,1787806869.807702,"(64, 1, 1)",1364,0.08448,1,ok,0.000047,0.000047;0.000047;0.000047
B,5,242,1787806872.833776,"(32, 1, 1)",2373,0.08448,1,ok,0.000042,0.000042;0.000042;0.000042
B,5,243,1787806873.010208,"(16, 1, 1)",2375,0.08448,1,ok,0.000072,0.000072;0.000073;0.000072
B,5,244,1787806873.559408,"(8, 1, 1)",2373,0.08448,1,ok,0.000165,0.000165
B,5,245,1787806873.789515,"(64, 1, 1)",2369,0.08448,1,ok,0.000032,0.000033;0.000033;0.000032
B,5,246,1787806874.230217,"(64, 1, 1)",2369,0.08448,1,ok,0.000032,0.000033;0.000033;0.000032
B,6,1,1787806874.714385,"(16, 1, 1)",68,inf,1,ok,0.000011,0.000012;0.000011;0.000011
B,6,2,1787806874.720436,"(8, 1, 1)",106,inf,1,ok,0.000013,0.000014;0.000013;0.000014
B,6,3,1787806874.726381,"(32, 1, 1)",60,inf,1,ok,0.000010,0.000010;0.000010;0.000011
B,6,4,1787806874.731358,"(16, 1, 1)",56,inf,1,ok,0.000010,0.000011;0.000010;0.000011
B,6,5,1787806874.736902,"(8, 1, 1)",58,inf,1,ok,0.000011,0.000011;0.000011;0.000011
B,6,6,1787806874.742560,"(4, 1, 1)",58,inf,1,ok,0.000010,0.000011;0.000010;0.000011
B,6,7,1787806874.748046,"(2, 1, 1)",58,inf,1,ok,0.000011,0.000011;0.000011;0.000011
B,6,8,1787806874.752976,"(32, 1, 1)",75,inf,1,ok,0.000010,0.000010;0.000010;0.000010
B,6,9,1787806874.758473,"(32, 1, 1)",73,inf,1,ok,0.000010,0.000010;0.000010;0.000010
B,6,10,1787806874.764677,"(32, 1, 1)",73,inf,1,ok,0.000010,0.000010;0.000010;0.000011
B,6,11,1787806874.770480,"(32, 1, 1)",56,inf,1,ok,0.000010,0.000010;0.000011;0.000010
B,6,12,1787806874.775843,"(32, 1, 1)",73,inf,1,ok,0.000010,0.000010;0.000010;0.000010
B,6,13,1787806874.781399,"(32, 1, 1)",75,inf,1,ok,0.000009,0.000009;0.000010;0.000010
B,6,14,1787806874.791546,"(32, 1, 1)",75,inf,1,ok,0.000010,0.000010;0.000010;0.000010
B,6,15,1787806874.798914,"(1, 1, 1)",45,inf,1,ok,0.000012,0.000012;0.000013;0.000012
B,6,16,1787806874.863689,"(16, 1, 1)",111,0.028223999999999996,1,ok,0.000010,0.000010;0.000010;0.000010
B,6,17,1787806875.462634,"(8, 1, 1)",167,0.028223999999999996,1,ok,0.000010,0.000010;0.000011;0.000010
B,6,18,1787806875.506280,"(32, 1, 1)",157,0.028223999999999996,1,ok,0.000009,0.000009;0.000010;0.000010
B,6,19,1787806875.546067,"(32, 1, 1)",88,0.028223999999999996,1,ok,0.000010,0.000010;0.000010;0.000010
B,6,20,1787806875.609017,"(16, 1, 1)",85,0.028223999999999996,1,ok,0.000010,0.000010;0.000010;0.000010
B,6,21,1787806875.615322,"(8, 1, 1)",89,0.028223999999999996,1,ok,0.000010,0.000010;0.000010;0.000010
B,6,22,1787806875.642125,"(4, 1, 1)",89,0.028223999999999996,1,ok,0.000010,0.000010;0.000010;0.000010
B,6,23,1787806875.647851,"(2, 1, 1)",91,0.028223999999999996,1,ok,0.000010,0.000010;0.000010;0.000010
B,6,24,1787806875.680457,"(32, 1, 1)",71,0.028223999999999996,1,ok,0.000010,0.000010;0.000011;0.000010
B,6,25,1787806875.713431,"(32, 1, 1)",87,0.028223999999999996,1,ok,0.000010,0.000010;0.000010;0.000010
B,6,26,1787806875.719605,"(32, 1, 1)",89,0.028223999999999996,1,ok,0.000010,0.000010;0.000010;0.000010
B,6,27,1787806875.734288,"(16, 1, 1)",111,0.028223999999999996,1,ok,0.000010,0.000010;0.000010;0.000010
B,6,28,1787806875.745290,"(1, 1, 1)",80,0.028223999999999996,1,ok,0.000010,0.000010;0.000010;0.000010
B,6,29,1787806875.760590,"(8, 1, 1)",167,0.028223999999999996,1,ok,0.000011,0.000011;0.000011;0.000011
B,6,30,1787806875.787443,"(16, 1, 1)",85,0.028223999999999996,1,ok,0.000010,0.000010;0.000010;0.000010
B,6,31,1787806875.793308,"(32, 1, 1)",269,0.028223999999999996,1,ok,0.000010,0.000010;0.000010;0.000010
B,6,32,1787806875.800525,"(8, 1, 1)",87,0.028223999999999996,1,ok,0.000010,0.000011;0.000010;0.000010
B,6,33,1787806875.806398,"(4, 1, 1)",87,0.028223999999999996,1,ok,0.000010,0.000010;0.000010;0.000010
B,6,34,1787806875.813301,"(2, 1, 1)",87,0.028223999999999996,1,ok,0.000010,0.000010;0.000010;0.000010
B,6,35,1787806875.820251,"(32, 1, 1)",90,0.028223999999999996,1,ok,0.000010,0.000010;0.000010;0.000011
B,6,36,1787806875.825589,"(32, 1, 1)",69,0.028223999999999996,1,ok,0.000010,0.000010;0.000010;0.000011
B,6,37,1787806875.836161,"(32, 1, 1)",87,0.028223999999999996,1,ok,0.000010,0.000010;0.000010;0.000010
B,6,38,1787806875.844171,"(32, 1, 1)",87,0.028223999999999996,1,ok,0.000009,0.000010;0.000010;0.000009
B,6,39,1787806875.857716,"(32, 1, 1)",89,0.028223999999999996,1,ok,0.000010,0.000010;0.000010;0.000010
B,6,40,1787806875.874436,"(1, 1, 1)",78,0.028223999999999996,1,ok,0.000010,0.000010;0.000010;0.000011
B,7,1,1787806875.940653,"(1, 1, 1)",174,inf,1,ok,0.000015,0.000015;0.000015;0.000015
B,7,2,1787806875.950238,"(4, 1, 1)",66,inf,1,ok,0.000011,0.000011;0.000011;0.000011
B,7,3,1787806876.028077,"(2, 1, 1)",104,inf,1,ok,0.000013,0.000013;0.000013;0.000013
B,7,4,1787806876.043243,"(8, 1, 1)",62,inf,1,ok,0.000010,0.000011;0.000011;0.000010
B,7,5,1787806876.051580,"(4, 1, 1)",54,inf,1,ok,0.000010,0.000011;0.000010;0.000010
B,7,6,1787806876.060379,"(2, 1, 1)",56,inf,1,ok,0.000010,0.000010;0.000010;0.000011
B,7,7,1787806876.067476,"(1, 1, 1)",45,inf,1,ok,0.000010,0.000011;0.000010;0.000010
B,7,8,1787806876.089565,"(8, 1, 1)",73,inf,1,ok,0.000010,0.000011;0.000011;0.000010
B,7,9,1787806876.101632,"(8, 1, 1)",73,inf,1,ok,0.000010,0.000010;0.000010;0.000010
B,7,10,1787806876.110931,"(8, 1, 1)",56,inf,1,ok,0.000010,0.000010;0.000010;0.000010
B,7,11,1787806876.123502,"(8, 1, 1)",75,inf,1,ok,0.000010,0.000010;0.000010;0.000010
B,7,12,1787806876.136092,"(8, 1, 1)",73,inf,1,ok,0.000009,0.000009;0.000010;0.000011
B,7,13,1787806876.144260,"(8, 1, 1)",75,inf,1,ok,0.000010,0.000010;0.000010;0.000010
B,7,14,1787806876.150304,"(8, 1, 1)",73,inf,1,ok,0.000010,0.000010;0.000010;0.000010
B,7,15,1787806876.287521,"(4, 1, 1)",111,0.028416,1,ok,0.000010,0.000010;0.000010;0.000010
B,7,16,1787806876.346330,"(2, 1, 1)",167,0.028416,1,ok,0.000010,0.000010;0.000010;0.000010
B,7,17,1787806876.388012,"(1, 1, 1)",282,0.028416,1,ok,0.000011,0.000011;0.000011;0.000011
B,7,18,1787806876.428327,"(8, 1, 1)",157,0.028416,1,ok,0.000010,0.000010;0.000010;0.000011
B,7,19,1787806876.434222,"(8, 1, 1)",88,0.028416,1,ok,0.000010,0.000010;0.000011;0.000010
B,7,20,1787806876.463799,"(4, 1, 1)",85,0.028416,1,ok,0.000010,0.000010;0.000010;0.000010
B,7,21,1787806876.506503,"(2, 1, 1)",89,0.028416,1,ok,0.000010,0.000010;0.000010;0.000010
B,7,22,1787806876.537641,"(1, 1, 1)",78,0.028416,1,ok,0.000009,0.000009;0.000010;0.000010
B,7,23,1787806876.577146,"(8, 1, 1)",69,0.028416,1,ok,0.000010,0.000010;0.000011;0.000011
B,7,24,1787806876.623091,"(8, 1, 1)",87,0.028416,1,ok,0.000010,0.000011;0.000010;0.000010
B,7,25,1787806876.709335,"(1, 1, 1)",280,0.028416,1,ok,0.000011,0.000011;0.000011;0.000011
B,7,26,1787806876.755549,"(4, 1, 1)",108,0.028416,1,ok,0.000010,0.000010;0.000010;0.000011
B,7,27,1787806876.823032,"(2, 1, 1)",165,0.028416,1,ok,0.000010,0.000010;0.000010;0.000010
B,7,28,1787806876.855517,"(8, 1, 1)",63,0.028416,1,ok,0.000010,0.000010;0.000010;0.000010
B,7,29,1787806876.870097,"(8, 1, 1)",87,0.028416,1,ok,0.000010,0.000010;0.000010;0.000010
B,7,30,1787806876.889005,"(8, 1, 1)",94,0.028416,1,ok,0.000010,0.000010;0.000010;0.000011
B,7,31,1787806876.909406,"(4, 1, 1)",87,0.028416,1,ok,0.000010,0.000010;0.000010;0.000010
B,7,32,1787806876.928003,"(2, 1, 1)",89,0.028416,1,ok,0.000009,0.000010;0.000009;0.000010
B,7,33,1787806876.946451,"(1, 1, 1)",80,0.028416,1,ok,0.000010,0.000010;0.000010;0.000010
B,7,34,1787806876.965043,"(8, 1, 1)",69,0.028416,1,ok,0.000010,0.000010;0.000010;0.000010
B,7,35,1787806877.081930,"(1, 1, 1)",116,0.027936,1,ok,0.000010,0.000010;0.000010;0.000010
B,7,36,1787806877.145320,"(1, 1, 1)",172,0.027936,1,ok,0.000010,0.000010;0.000010;0.000011
B,7,37,1787806877.189480,"(1, 1, 1)",162,0.027936,1,ok,0.000009,0.000009;0.000010;0.000010
B,7,38,1787806877.230440,"(1, 1, 1)",91,0.027936,1,ok,0.000010,0.000010;0.000010;0.000010
B,7,39,1787806877.303777,"(1, 1, 1)",68,0.027936,1,ok,0.000012,0.000012;0.000012;0.000012
B,7,40,1787806877.350210,"(1, 1, 1)",90,0.027936,1,ok,0.000009,0.000010;0.000010;0.000009
B,7,41,1787806877.381626,"(1, 1, 1)",77,0.027936,1,ok,0.000010,0.000010;0.000010;0.000010
B,7,42,1787806877.389746,"(1, 1, 1)",90,0.027936,1,ok,0.000009,0.000009;0.000010;0.000010
B,7,43,1787806877.454735,"(1, 1, 1)",115,0.027936,1,ok,0.000010,0.000010;0.000010;0.000010
B,7,44,1787806877.470857,"(2, 1, 1)",120,0.027936,1,ok,0.000010,0.000010;0.000010;0.000010
B,7,45,1787806877.493174,"(2, 1, 1)",79,0.027936,1,ok,0.000010,0.000010;0.000010;0.000010
B,7,46,1787806877.506605,"(2, 1, 1)",106,0.027936,1,ok,0.000010,0.000010;0.000010;0.000010
B,7,47,1787806877.535379,"(1, 1, 1)",91,0.027936,1,ok,0.000010,0.000010;0.000010;0.000010
B,7,48,1787806877.574098,"(2, 1, 1)",80,0.027936,1,ok,0.000010,0.000011;0.000010;0.000010
B,8,1,1787806877.666891,"(64, 32, 1)",120,inf,1,ok,0.000011,0.000011;0.000011;0.000011
B,8,2,1787806877.709230,"(32, 2, 32)",207,inf,1,ok,0.000011,0.000011;0.000011;0.000011
B,8,3,1787806877.733700,"(64, 2, 16)",158,inf,1,ok,0.000011,0.000012;0.000012;0.000011
B,8,4,1787806877.743131,"(64, 2, 8)",211,inf,1,ok,0.000010,0.000010;0.000011;0.000011
B,8,5,1787806877.762593,"(64, 2, 16)",134,inf,1,ok,0.000011,0.000012;0.000011;0.000011
B,8,6,1787806877.779369,"(64, 32, 1)",127,inf,1,ok,0.000011,0.000011;0.000011;0.000011
B,8,7,1787806877.794971,"(16, 2, 32)",361,inf,1,ok,0.000011,0.000011;0.000011;0.000011
B,8,8,1787806877.801645,"(32, 2, 32)",132,inf,1,ok,0.000011,0.000012;0.000011;0.000012
B,8,9,1787806877.814766,"(64, 2, 8)",137,inf,1,ok,0.000011,0.000011;0.000011;0.000011
B,8,10,1787806877.820589,"(16, 2, 32)",135,inf,1,ok,0.000010,0.000012;0.000010;0.000011
B,8,11,1787806877.834656,"(64, 2, 4)",137,inf,1,ok,0.000010,0.000011;0.000010;0.000011
B,8,12,1787806877.840174,"(8, 2, 32)",135,inf,1,ok,0.000010,0.000010;0.000011;0.000010
B,8,13,1787806877.854512,"(64, 2, 2)",137,inf,1,ok,0.000010,0.000010;0.000011;0.000010
B,8,14,1787806877.860754,"(4, 2, 32)",135,inf,1,ok,0.000010,0.000011;0.000010;0.000010
B,8,15,1787806877.871848,"(64, 2, 1)",127,inf,1,ok,0.000010,0.000010;0.000011;0.000010
B,8,16,1787806877.877946,"(64, 32, 2)",127,inf,1,ok,0.000013,0.000013;0.000013;0.000013
B,8,17,1787806877.890134,"(32, 2, 64)",127,inf,1,ok,0.000013,0.000013;0.000013;0.000013
B,8,18,1787806877.896419,"(2, 64, 32)",127,inf,1,ok,0.000013,0.000013;0.000013;0.000013
B,8,19,1787806877.974486,"(8, 32, 1)",128,0.029759999999999998,1,ok,0.000010,0.000010;0.000010;0.000010
B,8,20,1787806878.125046,"(2, 32, 1)",761,0.029759999999999998,1,ok,0.000010,0.000010;0.000010;0.000011
B,8,21,1787806878.171548,"(8, 2, 16)",165,0.029759999999999998,1,ok,0.000010,0.000010;0.000010;0.000011
B,8,22,1787806878.229108,"(4, 2, 32)",224,0.029759999999999998,1,ok,0.000010,0.000010;0.000010;0.000011
B,8,23,1787806878.294318,"(8, 2, 32)",213,0.029759999999999998,1,ok,0.000010,0.000011;0.000011;0.000010
B,8,24,1787806878.343222,"(8, 2, 32)",684,0.029759999999999998,1,ok,0.000010,0.000010;0.000010;0.000011
B,8,25,1787806878.352722,"(8, 2, 8)",218,0.029759999999999998,1,ok,0.000010,0.000010;0.000010;0.000010
B,8,26,1787806878.430358,"(2, 2, 32)",404,0.029759999999999998,1,ok,0.000010,0.000010;0.000010;0.000011
B,8,27,1787806878.438474,"(8, 2, 32)",365,0.029759999999999998,1,ok,0.000010,0.000010;0.000011;0.000011
B,8,28,1787806878.469723,"(8, 2, 16)",141,0.029759999999999998,1,ok,0.000010,0.000011;0.000010;0.000011
B,8,29,1787806878.475964,"(8, 32, 1)",135,0.029759999999999998,1,ok,0.000010,0.000010;0.000011;0.000010
B,8,30,1787806878.509820,"(4, 2, 32)",142,0.029759999999999998,1,ok,0.000010,0.000011;0.000010;0.000010
B,8,31,1787806878.517110,"(8, 2, 8)",144,0.029759999999999998,1,ok,0.000010,0.000010;0.000010;0.000010
B,8,32,1787806878.553064,"(2, 2, 32)",142,0.029759999999999998,1,ok,0.000010,0.000010;0.000011;0.000010
B,8,33,1787806878.593333,"(8, 2, 4)",144,0.029759999999999998,1,ok,0.000010,0.000010;0.000010;0.000010
B,8,34,1787806878.631767,"(2, 32, 1)",135,0.029759999999999998,1,ok,0.000010,0.000010;0.000010;0.000010
B,8,35,1787806878.673714,"(8, 2, 2)",145,0.029759999999999998,1,ok,0.000010,0.000010;0.000011;0.000010
B,8,36,1787806878.712179,"(8, 32, 2)",135,0.029759999999999998,1,ok,0.000010,0.000010;0.000011;0.000010
B,8,37,1787806878.750172,"(32, 2, 8)",135,0.029759999999999998,1,ok,0.000011,0.000011;0.000011;0.000011
B,8,38,1787806878.787443,"(2, 8, 32)",135,0.029759999999999998,1,ok,0.000010,0.000011;0.000010;0.000011
B,8,39,1787806878.804656,"(64, 1, 1)",120,0.029759999999999998,1,ok,0.000010,0.000010;0.000010;0.000011
B,8,40,1787806878.842340,"(32, 2, 1)",207,0.029759999999999998,1,ok,0.000010,0.000011;0.000010;0.000010
B,8,41,1787806878.867175,"(64, 2, 1)",158,0.029759999999999998,1,ok,0.000010,0.000010;0.000010;0.000011
B,8,42,1787806878.927162,"(16, 2, 1)",361,0.029759999999999998,1,ok,0.000010,0.000010;0.000011;0.000011
B,8,43,1787806878.936930,"(8, 2, 1)",135,0.029759999999999998,1,ok,0.000010,0.000010;0.000010;0.000010
B,8,44,1787806878.954582,"(64, 1, 1)",127,0.029759999999999998,1,ok,0.000010,0.000010;0.000011;0.000010
B,8,45,1787806878.960759,"(64, 2, 1)",211,0.029759999999999998,1,ok,0.000011,0.000011;0.000011;0.000011
B,8,46,1787806878.975714,"(32, 2, 1)",132,0.029759999999999998,1,ok,0.000010,0.000010;0.000010;0.000010
B,8,47,1787806878.998968,"(16, 2, 1)",135,0.029759999999999998,1,ok,0.000010,0.000011;0.000011;0.000010
B,8,48,1787806879.015450,"(8, 2, 1)",135,0.029759999999999998,1,ok,0.000011,0.000011;0.000012;0.000011
B,8,49,1787806879.034893,"(4, 2, 1)",135,0.029759999999999998,1,ok,0.000011,0.000012;0.000011;0.000012
B,8,50,1787806879.052827,"(2, 64, 1)",127,0.029759999999999998,1,ok,0.000010,0.000010;0.000010;0.000010
B,8,51,1787806879.250110,"(32, 1, 1)",753,0.029088,1,ok,0.000010,0.000010;0.000010;0.000010
B,8,52,1787806879.299782,"(8, 16, 1)",159,0.029088,1,ok,0.000010,0.000010;0.000010;0.000010
B,8,53,1787806879.363936,"(4, 32, 1)",218,0.029088,1,ok,0.000010,0.000010;0.000010;0.000010
B,8,54,1787806879.397577,"(8, 32, 1)",676,0.029088,1,ok,0.000010,0.000010;0.000010;0.000011
B,8,55,1787806879.434385,"(8, 32, 1)",209,0.029088,1,ok,0.000010,0.000010;0.000011;0.000010
B,8,56,1787806879.457652,"(8, 8, 1)",212,0.029088,1,ok,0.000010,0.000010;0.000010;0.000011
B,8,57,1787806879.527478,"(2, 32, 1)",396,0.029088,1,ok,0.000010,0.000010;0.000010;0.000010
B,8,58,1787806879.551848,"(8, 32, 1)",359,0.029088,1,ok,0.000010,0.000011;0.000010;0.000010
B,8,59,1787806879.564734,"(8, 16, 1)",134,0.029088,1,ok,0.000010,0.000010;0.000011;0.000010
B,8,60,1787806879.590728,"(4, 32, 1)",137,0.029088,1,ok,0.000010,0.000011;0.000010;0.000010
B,8,61,1787806879.602970,"(8, 8, 1)",137,0.029088,1,ok,0.000010,0.000010;0.000010;0.000010
B,8,62,1787806879.629706,"(2, 32, 1)",135,0.029088,1,ok,0.000010,0.000010;0.000010;0.000010
B,8,63,1787806879.640804,"(8, 4, 1)",137,0.029088,1,ok,0.000010,0.000010;0.000010;0.000010
B,8,64,1787806879.666318,"(32, 1, 1)",128,0.029088,1,ok,0.000010,0.000011;0.000010;0.000010
B,8,65,1787806879.679653,"(8, 2, 1)",138,0.029088,1,ok,0.000010,0.000010;0.000011;0.000010
B,8,66,1787806879.704282,"(8, 1, 1)",128,0.029088,1,ok,0.000010,0.000010;0.000010;0.000010
B,8,67,1787806879.743881,"(32, 8, 1)",128,0.029088,1,ok,0.000010,0.000011;0.000010;0.000010
B,8,68,1787806879.780370,"(32, 1, 1)",125,0.029088,1,ok,0.000010,0.000010;0.000011;0.000010
B,8,69,1787806879.870030,"(32, 2, 1)",163,0.029088,1,ok,0.000010,0.000010;0.000010;0.000010
B,8,70,1787806879.955618,"(8, 2, 1)",404,0.029088,1,ok,0.000011,0.000011;0.000011;0.000011
B,8,71,1787806880.011189,"(32, 2, 1)",216,0.029088,1,ok,0.000010,0.000011;0.000010;0.000011
B,8,72,1787806880.049364,"(32, 1, 1)",132,0.029088,1,ok,0.000010,0.000011;0.000010;0.000010
B,8,73,1787806880.089652,"(16, 2, 1)",140,0.029088,1,ok,0.000010,0.000011;0.000010;0.000010
B,8,74,1787806880.113404,"(16, 2, 1)",225,0.029088,1,ok,0.000010,0.000011;0.000011;0.000010
B,8,75,1787806880.129031,"(8, 2, 1)",142,0.029088,1,ok,0.000010,0.000010;0.000010;0.000011
B,8,76,1787806880.157975,"(4, 2, 1)",140,0.029088,1,ok,0.000011,0.000011;0.000012;0.000011
B,8,77,1787806880.200687,"(2, 2, 1)",140,0.029088,1,ok,0.000012,0.000012;0.000012;0.000012
B,8,78,1787806880.237404,"(2, 32, 1)",132,0.029088,1,ok,0.000011,0.000011;0.000011;0.000011
B,8,79,1787806880.346158,"(32, 1, 1)",220,0.028703999999999993,1,ok,0.000010,0.000011;0.000010;0.000010
B,8,80,1787806880.466400,"(2, 16, 1)",166,0.028703999999999993,1,ok,0.000010,0.000010;0.000010;0.000010
B,8,81,1787806880.541422,"(2, 32, 1)",213,0.028703999999999993,1,ok,0.000010,0.000011;0.000010;0.000010
B,8,82,1787806880.595545,"(2, 32, 1)",681,0.028703999999999993,1,ok,0.000010,0.000010;0.000010;0.000010
B,8,83,1787806880.607149,"(2, 32, 1)",225,0.028703999999999993,1,ok,0.000010,0.000010;0.000010;0.000010
B,8,84,1787806880.656856,"(2, 8, 1)",217,0.028703999999999993,1,ok,0.000010,0.000011;0.000010;0.000011
B,8,85,1787806880.695523,"(2, 16, 1)",141,0.028703999999999993,1,ok,0.000010,0.000010;0.000010;0.000010
B,8,86,1787806880.702213,"(2, 32, 1)",364,0.028703999999999993,1,ok,0.000010,0.000010;0.000010;0.000010
B,8,87,1787806880.733545,"(32, 1, 1)",135,0.028703999999999993,1,ok,0.000010,0.000010;0.000010;0.000011
B,8,88,1787806880.741324,"(2, 8, 1)",142,0.028703999999999993,1,ok,0.000010,0.000010;0.000010;0.000010
B,8,89,1787806880.773259,"(2, 4, 1)",142,0.028703999999999993,1,ok,0.000010,0.000010;0.000010;0.000010
B,8,90,1787806880.780384,"(2, 2, 1)",143,0.028703999999999993,1,ok,0.000010,0.000011;0.000010;0.000010
B,8,91,1787806880.811861,"(2, 1, 1)",135,0.028703999999999993,1,ok,0.000010,0.000010;0.000010;0.000010
B,8,92,1787806880.818273,"(32, 2, 1)",135,0.028703999999999993,1,ok,0.000010,0.000011;0.000010;0.000010
B,8,93,1787806881.023297,"(16, 1, 1)",943,0.028703999999999993,1,ok,0.000010,0.000010;0.000011;0.000011
B,8,94,1787806881.038013,"(8, 1, 1)",954,0.028703999999999993,1,ok,0.000011,0.000011;0.000011;0.000011
B,8,95,1787806881.154132,"(4, 16, 1)",273,0.028703999999999993,1,ok,0.000010,0.000010;0.000011;0.000010
B,8,96,1787806881.216946,"(8, 16, 1)",808,0.028703999999999993,1,ok,0.000010,0.000011;0.000010;0.000010
B,8,97,1787806881.238734,"(8, 16, 1)",254,0.028703999999999993,1,ok,0.000010,0.000011;0.000010;0.000010
B,8,98,1787806881.301429,"(8, 4, 1)",317,0.028703999999999993,1,ok,0.000010,0.000011;0.000010;0.000010
B,8,99,1787806881.363977,"(2, 16, 1)",498,0.028703999999999993,1,ok,0.000010,0.000010;0.000011;0.000010
B,8,100,1787806881.483352,"(8, 16, 1)",428,0.028703999999999993,1,ok,0.000010,0.000010;0.000010;0.000011
B,8,101,1787806881.534208,"(4, 16, 1)",168,0.028703999999999993,1,ok,0.000010,0.000010;0.000010;0.000010
B,8,102,1787806881.583406,"(8, 4, 1)",167,0.028703999999999993,1,ok,0.000010,0.000010;0.000010;0.000010
B,8,103,1787806881.662708,"(8, 2, 1)",167,0.028703999999999993,1,ok,0.000010,0.000010;0.000010;0.000010
B,8,104,1787806881.741784,"(8, 8, 1)",165,0.028703999999999993,1,ok,0.000010,0.000010;0.000010;0.000010
B,8,105,1787806881.789707,"(16, 1, 1)",159,0.028703999999999993,1,ok,0.000010,0.000010;0.000010;0.000010
B,8,106,1787806881.839062,"(8, 1, 1)",159,0.028703999999999993,1,ok,0.000010,0.000010;0.000010;0.000010
B,8,107,1787806882.081195,"(16, 8, 1)",159,0.028703999999999993,1,ok,0.000010,0.000010;0.000010;0.000010
B,9,1,1787806882.326198,"(64, 2, 8)",321,inf,1,ok,0.000593,0.000597;0.000593;0.000593
B,9,2,1787806882.383265,"(64, 8, 2)",373,inf,1,ok,0.000805,0.000805;0.000808;0.000805
B,9,3,1787806882.403363,"(64, 2, 2)",910,inf,1,ok,0.001297,0.001297;0.001297;0.001297
B,9,4,1787806882.449244,"(128, 4, 2)",409,inf,1,ok,0.000803,0.000803;0.000803;0.000803
B,9,5,1787806882.483285,"(64, 8, 2)",458,inf,1,ok,0.000805,0.000805;0.000806;0.000807
B,9,6,1787806882.537868,"(128, 2, 2)",579,inf,1,ok,0.000792,0.000792;0.000794;0.000794
B,9,7,1787806882.602509,"(32, 8, 2)",721,inf,1,ok,0.000788,0.000789;0.000788;0.000789
B,9,8,1787806882.665118,"(128, 8, 2)",370,inf,1,ok,0.001129,0.001145;0.001129;0.001150
B,9,9,1787806882.723894,"(128, 8, 2)",359,inf,1,ok,0.000991,0.000991;0.001002;0.001006
B,9,10,1787806882.754956,"(128, 8, 2)",1542,inf,1,ok,0.001165,0.001169;0.001167;0.001165
B,9,11,1787806882.783937,"(128, 8, 2)",374,inf,1,ok,0.001052,0.001052;0.001072;0.001053
B,9,12,1787806882.869191,"(128, 8, 2)",568,inf,1,ok,0.001136,0.001136;0.001136;0.001142
B,9,13,1787806882.945159,"(128, 8, 2)",470,inf,1,ok,0.000931,0.000933;0.000931;0.000932
B,9,14,1787806882.991020,"(64, 2, 8)",322,inf,1,ok,0.000592,0.000592;0.000592;0.000593
B,9,15,1787806883.039236,"(128, 4, 2)",336,inf,1,ok,0.000595,0.000596;0.000595;0.000595
B,9,16,1787806883.061104,"(128, 8, 2)",1993,inf,1,ok,0.000945,0.000947;0.000947;0.000945
B,9,17,1787806883.083878,"(64, 8, 2)",322,inf,1,ok,0.000597,0.000598;0.000597;0.000597
B,9,18,1787806883.108794,"(64, 8, 2)",332,inf,1,ok,0.000589,0.000589;0.000590;0.000591
B,9,19,1787806883.134014,"(128, 2, 2)",336,inf,1,ok,0.000342,0.000342;0.000342;0.000342
B,9,20,1787806883.157794,"(32, 8, 2)",332,inf,1,ok,0.000323,0.000323;0.000324;0.000323
B,9,21,1787806883.180144,"(64, 2, 2)",322,inf,1,ok,0.000450,0.000450;0.000451;0.000450
B,9,22,1787806883.207315,"(16, 8, 2)",332,inf,1,ok,0.000353,0.000353;0.000353;0.000353
B,9,23,1787806883.230393,"(8, 8, 2)",332,inf,1,ok,0.000309,0.000310;0.000309;0.000310
B,9,24,1787806883.263049,"(128, 8, 2)",345,inf,1,ok,0.000374,0.000374;0.000375;0.000378
B,9,25,1787806883.317603,"(128, 8, 2)",345,inf,1,ok,0.000554,0.000554;0.000555;0.000555
B,9,26,1787806883.370873,"(128, 8, 2)",345,inf,1,ok,0.000546,0.000554;0.000553;0.000546
B,9,27,1787806883.425852,"(128, 8, 2)",357,inf,1,ok,0.000402,0.000402;0.000402;0.000405
B,9,28,1787806883.558635,"(128, 8, 2)",359,inf,1,ok,0.000382,0.000383;0.000382;0.000382
B,9,29,1787806883.606990,"(128, 2, 8)",323,inf,1,ok,0.001061,0.001062;0.001061;0.001061
B,9,30,1787806883.656368,"(4, 8, 64)",323,inf,1,ok,0.001069,0.001069;0.001069;0.001070
B,9,31,1787806883.695166,"(128, 8, 2)",323,inf,1,ok,0.001082,0.001083;0.001082;0.001083
B,9,32,1787806883.706053,"(512, 2, 2)",323,inf,1,ok,0.001076,0.001076;0.001076;0.001076
B,9,33,1787806883.743116,"(16, 64, 2)",319,inf,1,ok,0.001077,0.001077;0.001079;0.001080
B,9,34,1787806883.753595,"(128, 8, 2)",319,inf,1,ok,0.001061,0.001061;0.001061;0.001081
B,9,35,1787806883.960547,"(4, 2, 8)",330,0.927456,1,ok,0.000287,0.000288;0.000287;0.000287
B,9,36,1787806884.019515,"(4, 8, 2)",382,0.927456,1,ok,0.000385,0.000385;0.000385;0.000385
B,9,37,1787806884.036519,"(4, 2, 2)",919,0.927456,1,ok,0.001447,0.001447
B,9,38,1787806884.131765,"(2, 8, 2)",764,0.927456,1,ok,0.000744,0.000745;0.000744;0.000745
B,9,39,1787806884.202382,"(8, 4, 2)",418,0.927456,1,ok,0.000383,0.000383;0.000384;0.000384
B,9,40,1787806884.280320,"(4, 8, 2)",480,0.927456,1,ok,0.000387,0.000388;0.000388;0.000387
B,9,41,1787806884.364845,"(8, 8, 2)",467,0.927456,1,ok,0.000399,0.000399;0.000400;0.000400
B,9,42,1787806884.389770,"(8, 8, 2)",2388,0.927456,1,ok,0.001767,0.001767
B,9,43,1787806884.456339,"(8, 2, 2)",588,0.927456,1,ok,0.000744,0.000745;0.000745;0.000744
B,9,44,1787806884.508592,"(8, 8, 2)",730,0.927456,1,ok,0.000751,0.000751;0.000751;0.000751
B,9,45,1787806884.571483,"(8, 8, 2)",379,0.927456,1,ok,0.000293,0.000293;0.000293;0.000293
B,9,46,1787806884.633015,"(8, 8, 2)",368,0.927456,1,ok,0.000251,0.000251;0.000252;0.000251
B,9,47,1787806884.677595,"(8, 8, 2)",1551,0.927456,1,ok,0.000250,0.000255;0.000250;0.000252
B,9,48,1787806884.695274,"(8, 8, 2)",383,0.927456,1,ok,0.000263,0.000263;0.000263;0.000263
B,9,49,1787806884.793098,"(8, 8, 2)",577,0.927456,1,ok,0.000239,0.000240;0.000240;0.000239
B,9,50,1787806884.870977,"(8, 8, 2)",479,0.927456,1,ok,0.000265,0.000266;0.000265;0.000265
B,9,51,1787806884.919115,"(4, 2, 8)",331,0.927456,1,ok,0.000283,0.000284;0.000283;0.000284
B,9,52,1787806884.973074,"(8, 4, 2)",345,0.927456,1,ok,0.000331,0.000331;0.000331;0.000332
B,9,53,1787806884.998905,"(8, 8, 2)",2002,0.927456,1,ok,0.000204,0.000205;0.000204;0.000205
B,9,54,1787806885.020408,"(4, 8, 2)",331,0.927456,1,ok,0.000330,0.000331;0.000330;0.000331
B,9,55,1787806885.051196,"(4, 8, 2)",341,0.927456,1,ok,0.000331,0.000332;0.000331;0.000332
B,9,56,1787806885.106704,"(8, 2, 2)",345,0.927456,1,ok,0.000376,0.000376;0.000378;0.000379
B,9,57,1787806885.153984,"(2, 8, 2)",331,0.927456,1,ok,0.000368,0.000368;0.000368;0.000368
B,9,58,1787806885.205603,"(4, 2, 2)",331,0.927456,1,ok,0.000496,0.000498;0.000496;0.000501
B,9,59,1787806885.268237,"(8, 8, 2)",357,0.927456,1,ok,0.000116,0.000116;0.000117;0.000116
B,9,60,1787806885.362541,"(8, 8, 2)",357,0.927456,1,ok,0.000179,0.000179;0.000179;0.000180
B,9,61,1787806885.416591,"(8, 8, 2)",357,0.927456,1,ok,0.000167,0.000167;0.000167;0.000167
B,9,62,1787806885.477383,"(8, 8, 2)",371,0.927456,1,ok,0.000098,0.000099;0.000098;0.000099
B,9,63,1787806885.528597,"(8, 2, 8)",332,0.927456,1,ok,0.000309,0.000309;0.000309;0.000309
B,9,64,1787806885.564019,"(8, 8, 2)",368,0.927456,1,ok,0.000125,0.000125;0.000125;0.000126
B,9,65,1787806885.577261,"(8, 8, 2)",332,0.927456,1,ok,0.000308,0.000308;0.000308;0.000308
B,9,66,1787806885.615701,"(4, 8, 4)",332,0.927456,1,ok,0.000311,0.000312;0.000311;0.000312
B,9,67,1787806885.628457,"(32, 2, 2)",332,0.927456,1,ok,0.000311,0.000311;0.000311;0.000311
B,9,68,1787806885.665091,"(16, 4, 2)",328,0.927456,1,ok,0.000310,0.000310;0.000310;0.000310
B,9,69,1787806885.678600,"(8, 8, 2)",328,0.927456,1,ok,0.000311,0.000311;0.000311;0.000311
B,9,70,1787806885.716001,"(16, 2, 8)",330,0.927456,1,ok,0.000337,0.000338;0.000337;0.000337
B,9,71,1787806885.774784,"(16, 8, 2)",382,0.927456,1,ok,0.000444,0.000446;0.000444;0.000446
B,9,72,1787806885.809739,"(16, 2, 2)",919,0.927456,1,ok,0.001087,0.001087
B,9,73,1787806885.994236,"(32, 4, 2)",418,0.927456,1,ok,0.000443,0.000444;0.000443;0.000444
B,9,74,1787806886.072860,"(16, 8, 2)",478,0.927456,1,ok,0.000447,0.000447;0.000447;0.000447
B,9,75,1787806886.108902,"(2, 8, 2)",2546,0.927456,1,ok,0.001868,0.001868
B,9,76,1787806886.156172,"(32, 8, 2)",467,0.927456,1,ok,0.000430,0.000431;0.000430;0.000431
B,9,77,1787806886.200118,"(32, 2, 2)",588,0.927456,1,ok,0.000636,0.000636;0.000636;0.000636
B,9,78,1787806886.274176,"(8, 8, 2)",774,0.927456,1,ok,0.000635,0.000635;0.000635;0.000635
B,9,79,1787806886.336892,"(32, 8, 2)",379,0.927456,1,ok,0.000318,0.000319;0.000318;0.000318
B,9,80,1787806886.398662,"(32, 8, 2)",368,0.927456,1,ok,0.000283,0.000285;0.000283;0.000283
B,9,81,1787806886.425300,"(32, 8, 2)",1551,0.927456,1,ok,0.000312,0.000314;0.000314;0.000312
B,9,82,1787806886.492070,"(32, 8, 2)",383,0.927456,1,ok,0.000296,0.000297;0.000296;0.000297
B,9,83,1787806886.706268,"(32, 8, 2)",577,0.927456,1,ok,0.000340,0.000340;0.000340;0.000342
B,9,84,1787806886.791199,"(32, 8, 2)",481,0.927456,1,ok,0.000276,0.000277;0.000276;0.000276
B,9,85,1787806886.829114,"(32, 8, 2)",2002,0.927456,1,ok,0.000290,0.000290;0.000290;0.000290
B,9,86,1787806886.842745,"(16, 2, 8)",331,0.927456,1,ok,0.000333,0.000334;0.000333;0.000334
B,9,87,1787806886.880213,"(32, 4, 2)",345,0.927456,1,ok,0.000359,0.000360;0.000359;0.000360
B,9,88,1787806886.889090,"(16, 8, 2)",331,0.927456,1,ok,0.000355,0.000355;0.000356;0.000356
B,9,89,1787806886.930113,"(16, 8, 2)",341,0.927456,1,ok,0.000354,0.000355;0.000354;0.000355
B,9,90,1787806886.941180,"(32, 2, 2)",345,0.927456,1,ok,0.000314,0.000314;0.000315;0.000314
B,9,91,1787806886.980209,"(8, 8, 2)",341,0.927456,1,ok,0.000311,0.000311;0.000312;0.000311
B,9,92,1787806886.989008,"(16, 2, 2)",331,0.927456,1,ok,0.000333,0.000333;0.000333;0.000333
B,9,93,1787806887.031170,"(4, 8, 2)",341,0.927456,1,ok,0.000331,0.000332;0.000331;0.000331
B,9,94,1787806887.038610,"(2, 8, 2)",331,0.927456,1,ok,0.000368,0.000368;0.000368;0.000368
B,9,95,1787806887.087338,"(32, 8, 2)",357,0.927456,1,ok,0.000150,0.000150;0.000151;0.000151
B,9,96,1787806887.141917,"(32, 8, 2)",357,0.927456,1,ok,0.000167,0.000168;0.000168;0.000167
B,9,97,1787806887.153396,"(32, 8, 2)",357,0.927456,1,ok,0.000169,0.000169;0.000169;0.000169
B,9,98,1787806887.216024,"(32, 8, 2)",368,0.927456,1,ok,0.000138,0.000138;0.000139;0.000139
B,9,99,1787806887.275479,"(32, 8, 2)",371,0.927456,1,ok,0.000136,0.000138;0.000137;0.000136
B,9,100,1787806887.326666,"(32, 2, 8)",332,0.927456,1,ok,0.000323,0.000323;0.000323;0.000324
B,9,101,1787806887.377707,"(4, 8, 16)",332,0.927456,1,ok,0.000322,0.000322;0.000322;0.000323
B,9,102,1787806887.423636,"(32, 8, 2)",332,0.927456,1,ok,0.000324,0.000324;0.000324;0.000324
B,9,103,1787806887.431928,"(128, 2, 2)",332,0.927456,1,ok,0.000322,0.000323;0.000322;0.000322
B,9,104,1787806887.474478,"(16, 16, 2)",328,0.927456,1,ok,0.000323,0.000323;0.000323;0.000323
B,9,105,1787806887.483196,"(32, 8, 2)",329,0.927456,1,ok,0.000322,0.000322;0.000322;0.000323
B,9,106,1787806887.705408,"(4, 2, 8)",371,0.294912,1,ok,0.000064,0.000064;0.000064;0.000064
B,9,107,1787806887.783564,"(4, 8, 2)",438,0.294912,1,ok,0.000106,0.000106;0.000107;0.000107
B,9,108,1787806887.821468,"(4, 2, 2)",1048,0.294912,1,ok,0.000801,0.000801
B,9,109,1787806887.928939,"(2, 8, 2)",842,0.294912,1,ok,0.000286,0.000288;0.000287;0.000286
B,9,110,1787806888.127207,"(8, 4, 2)",474,0.294912,1,ok,0.000105,0.000107;0.000106;0.000105
B,9,111,1787806888.225649,"(4, 8, 2)",536,0.294912,1,ok,0.000098,0.000098;0.000099;0.000099
B,9,112,1787806888.327201,"(8, 8, 2)",521,0.294912,1,ok,0.000112,0.000113;0.000112;0.000114
B,9,113,1787806888.405145,"(8, 8, 2)",2588,0.294912,1,ok,0.000295,0.000295
B,9,114,1787806888.442721,"(8, 2, 2)",666,0.294912,1,ok,0.000279,0.000280;0.000279;0.000279
B,9,115,1787806888.548183,"(8, 8, 2)",798,0.294912,1,ok,0.000160,0.000161;0.000160;0.000160
B,9,116,1787806888.577516,"(8, 8, 2)",905,0.294912,1,ok,0.000223,0.000223;0.000227;0.000223
B,9,117,1787806888.622225,"(8, 8, 2)",440,0.294912,1,ok,0.000206,0.000206;0.000207;0.000206
B,9,118,1787806888.648940,"(8, 8, 2)",418,0.294912,1,ok,0.000113,0.000113;0.000113;0.000114
B,9,119,1787806888.705737,"(8, 8, 2)",407,0.294912,1,ok,0.000089,0.000090;0.000089;0.000090
B,9,120,1787806888.720269,"(8, 8, 2)",422,0.294912,1,ok,0.000099,0.000100;0.000099;0.000100
B,9,121,1787806888.778417,"(4, 2, 8)",370,0.294912,1,ok,0.000096,0.000097;0.000096;0.000096
B,9,122,1787806888.804671,"(8, 8, 2)",616,0.294912,1,ok,0.000161,0.000161;0.000172;0.000161
B,9,123,1787806888.836939,"(8, 4, 2)",387,0.294912,1,ok,0.000099,0.000099;0.000099;0.000099
B,9,124,1787806888.860681,"(4, 8, 2)",373,0.294912,1,ok,0.000101,0.000101;0.000102;0.000101
B,9,125,1787806888.895524,"(4, 8, 2)",383,0.294912,1,ok,0.000096,0.000096;0.000097;0.000097
B,9,126,1787806888.922434,"(8, 2, 2)",387,0.294912,1,ok,0.000250,0.000250;0.000250;0.000250
B,9,127,1787806888.952310,"(2, 8, 2)",373,0.294912,1,ok,0.000254,0.000254;0.000254;0.000254
B,9,128,1787806888.981554,"(4, 2, 2)",373,0.294912,1,ok,0.000652,0.000652
B,9,129,1787806889.009670,"(8, 8, 2)",378,0.294912,1,ok,0.000117,0.000117;0.000122;0.000117
B,9,130,1787806889.042811,"(8, 8, 2)",378,0.294912,1,ok,0.000096,0.000097;0.000097;0.000096
B,9,131,1787806889.067987,"(8, 8, 2)",378,0.294912,1,ok,0.000096,0.000096;0.000096;0.000096
B,9,132,1787806889.100195,"(8, 2, 8)",371,0.294912,1,ok,0.000100,0.000101;0.000100;0.000100
B,9,133,1787806889.123267,"(8, 8, 2)",371,0.294912,1,ok,0.000102,0.000102;0.000103;0.000103
B,9,134,1787806889.156720,"(4, 8, 4)",371,0.294912,1,ok,0.000104,0.000104;0.000104;0.000104
B,9,135,1787806889.182624,"(32, 2, 2)",371,0.294912,1,ok,0.000101,0.000101;0.000101;0.000102
B,9,136,1787806889.242843,"(16, 4, 2)",367,0.294912,1,ok,0.000101,0.000102;0.000101;0.000101
B,9,137,1787806889.459090,"(8, 8, 2)",367,0.294912,1,ok,0.000101,0.000101;0.000101;0.000101
B,9,138,1787806889.522867,"(4, 2, 8)",357,0.294912,1,ok,0.000053,0.000053;0.000053;0.000053
B,9,139,1787806889.603319,"(4, 8, 2)",424,0.294912,1,ok,0.000149,0.000149;0.000151;0.000151
B,9,140,1787806889.646396,"(4, 2, 2)",1036,0.294912,1,ok,0.000906,0.000906
B,9,141,1787806889.741296,"(2, 8, 2)",828,0.294912,1,ok,0.000413,0.000413
B,9,142,1787806889.823881,"(8, 4, 2)",460,0.294912,1,ok,0.000150,0.000150;0.000152;0.000152
B,9,143,1787806889.915533,"(4, 8, 2)",522,0.294912,1,ok,0.000150,0.000150;0.000150;0.000152
B,9,144,1787806890.014289,"(8, 8, 2)",507,0.294912,1,ok,0.000146,0.000148;0.000146;0.000147
B,9,145,1787806890.105571,"(8, 8, 2)",2578,0.294912,1,ok,0.000203,0.000203;0.000203;0.000203
B,9,146,1787806890.125715,"(8, 2, 2)",652,0.294912,1,ok,0.000429,0.000429
B,9,147,1787806890.248121,"(8, 8, 2)",788,0.294912,1,ok,0.000195,0.000196;0.000195;0.000195
B,9,148,1787806890.317498,"(8, 8, 2)",404,0.294912,1,ok,0.000210,0.000210;0.000210;0.000211
B,9,149,1787806890.395406,"(8, 8, 2)",393,0.294912,1,ok,0.000120,0.000120;0.000121;0.000120
B,9,150,1787806890.409764,"(8, 8, 2)",408,0.294912,1,ok,0.000171,0.000172;0.000172;0.000171
B,9,151,1787806890.505009,"(8, 8, 2)",601,0.294912,1,ok,0.000215,0.000215;0.000216;0.000216
B,9,152,1787806890.588504,"(8, 8, 2)",504,0.294912,1,ok,0.000102,0.000102;0.000102;0.000102
B,9,153,1787806890.643425,"(4, 2, 8)",356,0.294912,1,ok,0.000095,0.000095;0.000095;0.000095
B,9,154,1787806890.700209,"(8, 4, 2)",373,0.294912,1,ok,0.000176,0.000177;0.000176;0.000177
B,9,155,1787806890.721428,"(8, 8, 2)",2027,0.294912,1,ok,0.000068,0.000068;0.000069;0.000069
B,9,156,1787806890.754473,"(4, 8, 2)",359,0.294912,1,ok,0.000156,0.000157;0.000156;0.000157
B,9,157,1787806890.779690,"(4, 8, 2)",369,0.294912,1,ok,0.000154,0.000154;0.000156;0.000156
B,9,158,1787806890.811621,"(8, 2, 2)",373,0.294912,1,ok,0.000338,0.000338
B,9,159,1787806890.835539,"(2, 8, 2)",358,0.294912,1,ok,0.000338,0.000338
B,9,160,1787806890.867197,"(8, 8, 2)",364,0.294912,1,ok,0.000103,0.000104;0.000104;0.000103
B,9,161,1787806890.893921,"(8, 8, 2)",364,0.294912,1,ok,0.000101,0.000101;0.000101;0.000102
B,9,162,1787806890.954248,"(8, 8, 2)",364,0.294912,1,ok,0.000105,0.000105;0.000105;0.000107
B,9,163,1787806891.009147,"(8, 2, 8)",357,0.294912,1,ok,0.000125,0.000127;0.000125;0.000128
B,9,164,1787806891.066949,"(4, 8, 4)",357,0.294912,1,ok,0.000134,0.000134;0.000137;0.000134
B,9,165,1787806891.124893,"(32, 2, 2)",357,0.294912,1,ok,0.000124,0.000126;0.000127;0.000124
B,9,166,1787806891.145588,"(8, 8, 2)",357,0.294912,1,ok,0.000123,0.000125;0.000127;0.000123
B,9,167,1787806891.180278,"(16, 4, 2)",353,0.294912,1,ok,0.000132,0.000132;0.000134;0.000133
B,9,168,1787806891.199839,"(8, 8, 2)",353,0.294912,1,ok,0.000132,0.000133;0.000133;0.000132
B,9,169,1787806891.432462,"(4, 8, 1)",430,0.15916799999999998,1,ok,0.000129,0.000129;0.000129;0.000129
B,9,170,1787806891.517023,"(4, 2, 1)",1078,0.15916799999999998,1,ok,0.000897,0.000897
B,9,171,1787806891.589314,"(2, 8, 1)",846,0.15916799999999998,1,ok,0.000424,0.000424
B,9,172,1787806891.851577,"(4, 2, 4)",465,0.15916799999999998,1,ok,0.000130,0.000130;0.000130;0.000130
B,9,173,1787806891.960076,"(2, 2, 8)",527,0.15916799999999998,1,ok,0.000131,0.000132;0.000131;0.000132
B,9,174,1787806892.073424,"(4, 2, 8)",506,0.15916799999999998,1,ok,0.000058,0.000059;0.000058;0.000058
B,9,175,1787806892.104105,"(4, 2, 8)",2589,0.15916799999999998,1,ok,0.000144,0.000144;0.000145;0.000145
B,9,176,1787806892.201764,"(4, 2, 2)",669,0.15916799999999998,1,ok,0.000409,0.000409
B,9,177,1787806892.257893,"(4, 2, 8)",785,0.15916799999999998,1,ok,0.000074,0.000074;0.000076;0.000076
B,9,178,1787806892.331670,"(4, 2, 8)",404,0.15916799999999998,1,ok,0.000059,0.000060;0.000060;0.000059
B,9,179,1787806892.404999,"(4, 2, 8)",393,0.15916799999999998,1,ok,0.000047,0.000048;0.000048;0.000047
B,9,180,1787806892.444523,"(4, 2, 8)",1549,0.15916799999999998,1,ok,0.000159,0.000159
B,9,181,1787806892.479115,"(4, 2, 8)",408,0.15916799999999998,1,ok,0.000053,0.000053;0.000054;0.000054
B,9,182,1787806892.549365,"(4, 2, 8)",601,0.15916799999999998,1,ok,0.000079,0.000079;0.000079;0.000079
B,9,183,1787806892.568489,"(4, 2, 8)",504,0.15916799999999998,1,ok,0.000049,0.000049;0.000049;0.000049
B,9,184,1787806892.607228,"(4, 2, 4)",373,0.15916799999999998,1,ok,0.000132,0.000132;0.000132;0.000132
B,9,185,1787806892.621931,"(4, 8, 1)",360,0.15916799999999998,1,ok,0.000128,0.000128;0.000128;0.000128
B,9,186,1787806892.663192,"(2, 2, 8)",369,0.15916799999999998,1,ok,0.000131,0.000132;0.000131;0.000132
B,9,187,1787806892.678771,"(4, 2, 2)",373,0.15916799999999998,1,ok,0.000333,0.000333
B,9,188,1787806892.718330,"(2, 8, 1)",359,0.15916799999999998,1,ok,0.000337,0.000337
B,9,189,1787806892.733346,"(4, 2, 8)",364,0.15916799999999998,1,ok,0.000055,0.000055;0.000056;0.000056
B,9,190,1787806892.774424,"(4, 2, 8)",364,0.15916799999999998,1,ok,0.000055,0.000055;0.000055;0.000056
B,9,191,1787806892.786953,"(4, 2, 8)",364,0.15916799999999998,1,ok,0.000055,0.000055;0.000056;0.000055
B,9,192,1787806892.828294,"(4, 8, 2)",357,0.15916799999999998,1,ok,0.000053,0.000053;0.000054;0.000054
B,9,193,1787806892.839463,"(8, 2, 4)",357,0.15916799999999998,1,ok,0.000053,0.000053;0.000053;0.000054
B,9,194,1787806892.881932,"(2, 4, 8)",357,0.15916799999999998,1,ok,0.000053,0.000053;0.000054;0.000053
B,9,195,1787806892.967315,"(4, 8, 1)",444,0.15916799999999998,1,ok,0.000119,0.000120;0.000119;0.000121
B,9,196,1787806893.037428,"(4, 2, 1)",1090,0.15916799999999998,1,ok,0.000825,0.000825
B,9,197,1787806893.143733,"(2, 8, 1)",860,0.15916799999999998,1,ok,0.000326,0.000326
B,9,198,1787806893.378399,"(4, 2, 4)",479,0.15916799999999998,1,ok,0.000113,0.000113;0.000114;0.000113
B,9,199,1787806893.489930,"(2, 2, 8)",541,0.15916799999999998,1,ok,0.000102,0.000103;0.000103;0.000102
B,9,200,1787806893.604074,"(4, 2, 8)",520,0.15916799999999998,1,ok,0.000074,0.000075;0.000074;0.000074
B,9,201,1787806893.662105,"(4, 2, 8)",2599,0.15916799999999998,1,ok,0.000240,0.000240
B,9,202,1787806893.733292,"(4, 2, 2)",683,0.15916799999999998,1,ok,0.000410,0.000410
B,9,203,1787806893.821727,"(4, 2, 8)",795,0.15916799999999998,1,ok,0.000130,0.000131;0.000130;0.000130
B,9,204,1787806893.888667,"(4, 2, 8)",903,0.15916799999999998,1,ok,0.000183,0.000183
B,9,205,1787806893.971582,"(4, 2, 8)",440,0.15916799999999998,1,ok,0.000067,0.000067;0.000067;0.000067
B,9,206,1787806894.051832,"(4, 2, 8)",418,0.15916799999999998,1,ok,0.000064,0.000065;0.000064;0.000064
B,9,207,1787806894.131152,"(4, 2, 8)",422,0.15916799999999998,1,ok,0.000060,0.000061;0.000061;0.000060
B,9,208,1787806894.146641,"(4, 2, 8)",407,0.15916799999999998,1,ok,0.000054,0.000055;0.000054;0.000054
B,9,209,1787806894.209175,"(4, 2, 4)",387,0.15916799999999998,1,ok,0.000098,0.000099;0.000098;0.000098
B,9,210,1787806894.244332,"(4, 2, 8)",616,0.15916799999999998,1,ok,0.000125,0.000125;0.000125;0.000126
B,9,211,1787806894.266645,"(4, 8, 1)",374,0.15916799999999998,1,ok,0.000100,0.000101;0.000100;0.000101
B,9,212,1787806894.305204,"(2, 2, 8)",383,0.15916799999999998,1,ok,0.000097,0.000097;0.000097;0.000097
B,9,213,1787806894.326203,"(4, 2, 2)",387,0.15916799999999998,1,ok,0.000249,0.000249
B,9,214,1787806894.363285,"(2, 8, 1)",374,0.15916799999999998,1,ok,0.000254,0.000254
B,9,215,1787806894.383635,"(4, 2, 1)",374,0.15916799999999998,1,ok,0.000651,0.000651
B,9,216,1787806894.420411,"(4, 2, 8)",378,0.15916799999999998,1,ok,0.000053,0.000054;0.000054;0.000053
B,9,217,1787806894.441018,"(4, 2, 8)",378,0.15916799999999998,1,ok,0.000054,0.000054;0.000054;0.000055
B,9,218,1787806894.478642,"(4, 2, 8)",378,0.15916799999999998,1,ok,0.000054,0.000054;0.000054;0.000054
B,9,219,1787806894.495691,"(4, 8, 2)",371,0.15916799999999998,1,ok,0.000064,0.000064;0.000064;0.000064
B,9,220,1787806894.534568,"(8, 2, 4)",371,0.15916799999999998,1,ok,0.000064,0.000065;0.000065;0.000064
B,9,221,1787806894.551645,"(2, 4, 8)",371,0.15916799999999998,1,ok,0.000064,0.000064;0.000064;0.000064
B,9,222,1787806894.799990,"(4, 8, 1)",486,0.141312,1,ok,0.000097,0.000097;0.000098;0.000098
B,9,223,1787806894.957314,"(4, 2, 1)",1254,0.141312,1,ok,0.000554,0.000554
B,9,224,1787806894.989548,"(2, 8, 1)",942,0.141312,1,ok,0.000280,0.000280
B,9,225,1787806895.103625,"(4, 2, 4)",521,0.141312,1,ok,0.000104,0.000104;0.000104;0.000104
B,9,226,1787806895.233777,"(2, 2, 8)",583,0.141312,1,ok,0.000104,0.000104;0.000104;0.000105
B,9,227,1787806895.372229,"(4, 2, 8)",562,0.141312,1,ok,0.000049,0.000049;0.000049;0.000049
B,9,228,1787806895.534820,"(4, 2, 2)",765,0.141312,1,ok,0.000271,0.000271
B,9,229,1787806895.583175,"(4, 2, 8)",2925,0.141312,1,ok,0.000116,0.000116;0.000116;0.000116
B,9,230,1787806895.738188,"(4, 2, 8)",881,0.141312,1,ok,0.000058,0.000058;0.000058;0.000058
B,9,231,1787806895.928878,"(4, 2, 8)",495,0.141312,1,ok,0.000047,0.000048;0.000047;0.000047
B,9,232,1787806896.026033,"(4, 2, 8)",490,0.141312,1,ok,0.000044,0.000044;0.000044;0.000045
B,9,233,1787806896.154331,"(4, 2, 8)",2432,0.141312,1,ok,0.000129,0.000129;0.000129;0.000130
B,9,234,1787806896.177691,"(4, 2, 8)",808,0.141312,1,ok,0.000061,0.000061;0.000062;0.000062
B,9,235,1787806896.317366,"(4, 2, 8)",679,0.141312,1,ok,0.000037,0.000038;0.000037;0.000037
B,9,236,1787806896.394937,"(4, 8, 1)",396,0.141312,1,ok,0.000110,0.000112;0.000110;0.000111
B,9,237,1787806896.470909,"(4, 2, 4)",409,0.141312,1,ok,0.000110,0.000110;0.000110;0.000111
B,9,238,1787806896.478809,"(2, 2, 8)",405,0.141312,1,ok,0.000110,0.000111;0.000110;0.000111
B,9,239,1787806896.550880,"(2, 8, 1)",395,0.141312,1,ok,0.000287,0.000287
B,9,240,1787806896.555518,"(4, 2, 2)",409,0.141312,1,ok,0.000288,0.000288
B,9,241,1787806896.628156,"(4, 2, 8)",400,0.141312,1,ok,0.000049,0.000050;0.000050;0.000049
B,9,242,1787806896.635942,"(4, 2, 8)",400,0.141312,1,ok,0.000049,0.000049;0.000050;0.000049
B,9,243,1787806896.703160,"(4, 8, 2)",393,0.141312,1,ok,0.000047,0.000047;0.000047;0.000048
B,9,244,1787806896.710926,"(4, 2, 8)",404,0.141312,1,ok,0.000056,0.000057;0.000057;0.000056
B,9,245,1787806896.775690,"(8, 2, 4)",393,0.141312,1,ok,0.000047,0.000047;0.000048;0.000047
B,9,246,1787806896.783104,"(2, 4, 8)",393,0.141312,1,ok,0.000047,0.000047;0.000047;0.000047
B,9,247,1787806896.912535,"(4, 8, 1)",646,0.141312,1,ok,0.000099,0.000099;0.000099;0.000099
B,9,248,1787806897.130785,"(4, 2, 1)",1708,0.141312,1,ok,0.000422,0.000422
B,9,249,1787806897.155811,"(2, 8, 1)",1196,0.141312,1,ok,0.000214,0.000214
B,9,250,1787806897.296297,"(4, 2, 4)",681,0.141312,1,ok,0.000097,0.000098;0.000098;0.000097
B,9,251,1787806897.452164,"(2, 2, 8)",743,0.141312,1,ok,0.000099,0.000099;0.000099;0.000100
B,9,252,1787806897.614343,"(4, 2, 8)",722,0.141312,1,ok,0.000054,0.000054;0.000054;0.000054
B,9,253,1787806897.812507,"(4, 2, 2)",1023,0.141312,1,ok,0.000213,0.000213
B,9,254,1787806898.296847,"(4, 2, 8)",1130,0.141312,1,ok,0.000059,0.000060;0.000060;0.000059
B,9,255,1787806898.432747,"(4, 2, 8)",722,0.141312,1,ok,0.000049,0.000049;0.000049;0.000049
B,9,256,1787806898.692427,"(4, 2, 8)",705,0.141312,1,ok,0.000042,0.000043;0.000042;0.000043
B,9,257,1787806898.950425,"(4, 2, 8)",1253,0.141312,1,ok,0.000069,0.000070;0.000071;0.000069
B,9,258,1787806899.065668,"(4, 2, 8)",2029,0.141312,1,ok,0.000038,0.000038;0.000039;0.000038
B,9,259,1787806899.157354,"(4, 2, 8)",1157,0.141312,1,ok,0.000046,0.000047;0.000047;0.000046
B,9,260,1787806899.168262,"(4, 2, 4)",520,0.141312,1,ok,0.000117,0.000117;0.000117;0.000117
B,9,261,1787806899.247205,"(4, 8, 1)",507,0.141312,1,ok,0.000118,0.000118;0.000118;0.000118
B,9,262,1787806899.254977,"(2, 2, 8)",516,0.141312,1,ok,0.000117,0.000117;0.000118;0.000118
B,9,263,1787806899.338714,"(4, 2, 2)",520,0.141312,1,ok,0.000262,0.000262
B,9,264,1787806899.342994,"(2, 8, 1)",506,0.141312,1,ok,0.000269,0.000269
B,9,265,1787806899.430678,"(4, 2, 8)",511,0.141312,1,ok,0.000051,0.000051;0.000051;0.000051
B,9,266,1787806899.438669,"(4, 2, 8)",511,0.141312,1,ok,0.000051,0.000051;0.000051;0.000052
B,9,267,1787806899.523451,"(4, 8, 2)",504,0.141312,1,ok,0.000049,0.000049;0.000049;0.000049
B,9,268,1787806899.542059,"(4, 2, 8)",511,0.141312,1,ok,0.000051,0.000051;0.000051;0.000051
B,9,269,1787806899.613761,"(8, 2, 4)",504,0.141312,1,ok,0.000049,0.000049;0.000050;0.000049
B,9,270,1787806899.632587,"(2, 4, 8)",504,0.141312,1,ok,0.000049,0.000049;0.000049;0.000049
B,9,271,1787806899.975171,"(4, 8, 1)",880,0.110784,1,ok,0.000064,0.000065;0.000065;0.000064
B,9,272,1787806900.320490,"(4, 2, 1)",2296,0.110784,1,ok,0.000212,0.000212
B,9,273,1787806900.616033,"(2, 8, 1)",1548,0.110784,1,ok,0.000116,0.000116
B,9,274,1787806900.824815,"(4, 2, 4)",915,0.110784,1,ok,0.000064,0.000064;0.000064;0.000065
B,9,275,1787806901.047700,"(2, 2, 8)",977,0.110784,1,ok,0.000065,0.000065;0.000065;0.000065
B,9,276,1787806901.268935,"(4, 2, 8)",948,0.110784,1,ok,0.000040,0.000040;0.000040;0.000040
B,9,277,1787806901.552490,"(4, 2, 2)",1375,0.110784,1,ok,0.000116,0.000116
B,9,278,1787806901.871887,"(4, 2, 8)",1458,0.110784,1,ok,0.000053,0.000053;0.000054;0.000054
B,9,279,1787806902.087557,"(4, 2, 8)",1091,0.110784,1,ok,0.000038,0.000039;0.000038;0.000039
B,9,280,1787806902.305190,"(4, 2, 8)",1065,0.110784,1,ok,0.000035,0.000035;0.000035;0.000036
B,9,281,1787806903.394834,"(4, 2, 8)",2016,0.110784,1,ok,0.000052,0.000052;0.000052;0.000052
B,9,282,1787806903.457875,"(4, 2, 8)",1899,0.110784,1,ok,0.000035,0.000036;0.000036;0.000035
B,9,283,1787806903.528354,"(4, 2, 4)",695,0.110784,1,ok,0.000073,0.000074;0.000074;0.000073
B,9,284,1787806903.586331,"(4, 8, 1)",682,0.110784,1,ok,0.000081,0.000081;0.000081;0.000082
B,9,285,1787806903.665870,"(2, 2, 8)",691,0.110784,1,ok,0.000082,0.000082;0.000082;0.000082
B,9,286,1787806903.805856,"(4, 2, 2)",695,0.110784,1,ok,0.000167,0.000167
B,9,287,1787806903.939289,"(2, 8, 1)",681,0.110784,1,ok,0.000174,0.000174
B,9,288,1787806904.076690,"(4, 2, 8)",686,0.110784,1,ok,0.000039,0.000039;0.000039;0.000039
B,9,289,1787806904.087770,"(4, 2, 8)",686,0.110784,1,ok,0.000039,0.000039;0.000039;0.000039
B,9,290,1787806904.214981,"(4, 2, 8)",691,0.110784,1,ok,0.000047,0.000047;0.000047;0.000047
B,9,291,1787806904.225142,"(4, 8, 2)",679,0.110784,1,ok,0.000037,0.000038;0.000037;0.000037
B,9,292,1787806904.357736,"(8, 2, 4)",679,0.110784,1,ok,0.000037,0.000038;0.000037;0.000038
B,9,293,1787806904.492878,"(2, 4, 8)",679,0.110784,1,ok,0.000037,0.000037;0.000038;0.000037
B,9,294,1787806905.116496,"(4, 8, 1)",2822,0.110784,1,ok,0.000057,0.000058;0.000057;0.000057
B,9,295,1787806905.676510,"(4, 2, 4)",2855,0.110784,1,ok,0.000058,0.000058;0.000058;0.000058
B,9,296,1787806906.148792,"(2, 2, 8)",2911,0.110784,1,ok,0.000058,0.000059;0.000058;0.000059
B,9,297,1787806906.275652,"(4, 2, 8)",2898,0.110784,1,ok,0.000039,0.000039;0.000039;0.000039
B,9,298,1787806908.877267,"(4, 2, 4)",2043,0.110784,1,ok,0.000069,0.000069;0.000069;0.000069
B,9,299,1787806909.278618,"(4, 8, 1)",2032,0.110784,1,ok,0.000069,0.000069;0.000069;0.000069
B,9,300,1787806909.634695,"(2, 2, 8)",2041,0.110784,1,ok,0.000067,0.000067;0.000068;0.000067
B,9,301,1787806909.841557,"(4, 2, 2)",2043,0.110784,1,ok,0.000174,0.000174
B,9,302,1787806909.991963,"(2, 8, 1)",2031,0.110784,1,ok,0.000176,0.000176
B,9,303,1787806910.240520,"(4, 2, 8)",2036,0.110784,1,ok,0.000040,0.000040;0.000040;0.000040
B,9,304,1787806910.398993,"(4, 2, 8)",2036,0.110784,1,ok,0.000043,0.000043;0.000043;0.000043
B,9,305,1787806910.596374,"(4, 2, 8)",2036,0.110784,1,ok,0.000038,0.000038;0.000039;0.000039
B,9,306,1787806910.751881,"(4, 8, 2)",2029,0.110784,1,ok,0.000038,0.000038;0.000038;0.000039
B,9,307,1787806910.944033,"(8, 2, 4)",2029,0.110784,1,ok,0.000038,0.000038;0.000038;0.000039
B,9,308,1787806911.103264,"(2, 4, 8)",2029,0.110784,1,ok,0.000038,0.000038;0.000038;0.000038
B,9,309,1787806911.817483,"(4, 8, 1)",1404,0.10406400000000002,1,ok,0.000055,0.000055;0.000056;0.000056
B,9,310,1787806912.354712,"(2, 8, 1)",2334,0.10406400000000002,1,ok,0.000095,0.000095;0.000095;0.000095
B,9,311,1787806912.629292,"(4, 2, 4)",1439,0.10406400000000002,1,ok,0.000057,0.000057;0.000057;0.000057
B,9,312,1787806912.680151,"(2, 2, 8)",1501,0.10406400000000002,1,ok,0.000056,0.000056;0.000056;0.000056
B,9,313,1787806912.957432,"(4, 2, 8)",1472,0.10406400000000002,1,ok,0.000040,0.000040;0.000040;0.000040
B,9,314,1787806913.137459,"(4, 2, 2)",2173,0.10406400000000002,1,ok,0.000095,0.000096;0.000095;0.000096
B,9,315,1787806913.485506,"(4, 2, 8)",2258,0.10406400000000002,1,ok,0.000050,0.000050;0.000050;0.000050
B,9,316,1787806913.509056,"(4, 2, 8)",1884,0.10406400000000002,1,ok,0.000034,0.000034;0.000034;0.000034
B,9,317,1787806915.164671,"(4, 2, 4)",1081,0.10406400000000002,1,ok,0.000067,0.000067;0.000068;0.000068
B,9,318,1787806915.176933,"(4, 8, 1)",1068,0.10406400000000002,1,ok,0.000069,0.000069;0.000069;0.000070
B,9,319,1787806915.377159,"(2, 2, 8)",1077,0.10406400000000002,1,ok,0.000068,0.000068;0.000068;0.000068
B,9,320,1787806915.589139,"(4, 2, 2)",1081,0.10406400000000002,1,ok,0.000137,0.000137
B,9,321,1787806915.795203,"(2, 8, 1)",1067,0.10406400000000002,1,ok,0.000134,0.000134
B,9,322,1787806915.937679,"(4, 2, 8)",1072,0.10406400000000002,1,ok,0.000036,0.000036;0.000037;0.000037
B,9,323,1787806916.008495,"(4, 2, 8)",1077,0.10406400000000002,1,ok,0.000044,0.000044;0.000044;0.000044
B,9,324,1787806916.143965,"(4, 8, 2)",1065,0.10406400000000002,1,ok,0.000034,0.000035;0.000035;0.000034
B,9,325,1787806916.234118,"(8, 2, 4)",1065,0.10406400000000002,1,ok,0.000035,0.000035;0.000035;0.000035
B,9,326,1787806916.342548,"(2, 4, 8)",1065,0.10406400000000002,1,ok,0.000035,0.000035;0.000035;0.000035
B,9,327,1787806916.800651,"(4, 8, 1)",2532,0.10406400000000002,1,ok,0.000051,0.000051;0.000051;0.000052
B,9,328,1787806917.374962,"(4, 2, 4)",2565,0.10406400000000002,1,ok,0.000052,0.000053;0.000052;0.000053
B,9,329,1787806917.915803,"(2, 2, 8)",2629,0.10406400000000002,1,ok,0.000053,0.000053;0.000054;0.000053
B,9,330,1787806917.934019,"(4, 2, 8)",2600,0.10406400000000002,1,ok,0.000035,0.000036;0.000035;0.000036
B,9,331,1787806920.568419,"(4, 2, 4)",1913,0.10406400000000002,1,ok,0.000071,0.000071;0.000071;0.000072
B,9,332,1787806920.909697,"(4, 8, 1)",1902,0.10406400000000002,1,ok,0.000072,0.000072;0.000072;0.000072
B,9,333,1787806921.292628,"(2, 2, 8)",1911,0.10406400000000002,1,ok,0.000071,0.000071;0.000071;0.000071
B,9,334,1787806921.638439,"(4, 2, 2)",1913,0.10406400000000002,1,ok,0.000159,0.000159
B,9,335,1787806921.791766,"(2, 8, 1)",1901,0.10406400000000002,1,ok,0.000157,0.000157
B,9,336,1787806921.992672,"(4, 2, 8)",1906,0.10406400000000002,1,ok,0.000037,0.000037;0.000037;0.000037
B,9,337,1787806922.147944,"(4, 2, 8)",1906,0.10406400000000002,1,ok,0.000037,0.000037;0.000038;0.000037
B,9,338,1787806922.387115,"(4, 2, 8)",1906,0.10406400000000002,1,ok,0.000034,0.000034;0.000034;0.000034
B,9,339,1787806922.514233,"(4, 8, 2)",1899,0.10406400000000002,1,ok,0.000035,0.000036;0.000036;0.000035
B,9,340,1787806922.731755,"(8, 2, 4)",1899,0.10406400000000002,1,ok,0.000035,0.000035;0.000035;0.000035
B,9,341,1787806922.854175,"(2, 4, 8)",1899,0.10406400000000002,1,ok,0.000035,0.000035;0.000035;0.000035
B,9,342,1787806923.557774,"(4, 8, 1)",2539,0.100704,1,ok,0.000045,0.000045;0.000046;0.000045
B,9,343,1787806924.547314,"(2, 2, 8)",2636,0.100704,1,ok,0.000049,0.000049;0.000050;0.000050
B,9,344,1787806924.565923,"(4, 2, 4)",2572,0.100704,1,ok,0.000049,0.000050;0.000050;0.000049
B,9,345,1787806925.108743,"(4, 2, 8)",2607,0.100704,1,ok,0.000034,0.000034;0.000034;0.000034
B,9,346,1787806927.242676,"(4, 2, 4)",1917,0.100704,1,ok,0.000196,0.000196
B,9,347,1787806927.592052,"(4, 8, 1)",1906,0.100704,1,ok,0.000195,0.000195
B,9,348,1787806927.950488,"(2, 2, 8)",1914,0.100704,1,ok,0.000196,0.000196
B,9,349,1787806928.330068,"(4, 2, 8)",1909,0.100704,1,ok,0.000103,0.000103
B,9,350,1787806928.580798,"(4, 2, 8)",1908,0.100704,1,ok,0.000102,0.000102
B,9,351,1787806928.674193,"(4, 8, 2)",1906,0.100704,1,ok,0.000034,0.000034;0.000034;0.000034
B,9,352,1787806928.990908,"(8, 2, 4)",1906,0.100704,1,ok,0.000034,0.000034;0.000034;0.000034
B,9,353,1787806929.020020,"(2, 4, 8)",1906,0.100704,1,ok,0.000034,0.000034;0.000034;0.000034
B,9,354,1787806929.596822,"(4, 8, 1)",2519,0.100704,1,ok,0.000054,0.000055;0.000055;0.000054
B,9,355,1787806930.699601,"(2, 2, 8)",2610,0.100704,1,ok,0.000055,0.000056;0.000056;0.000055
B,9,356,1787806930.767723,"(4, 2, 4)",2554,0.100704,1,ok,0.000055,0.000055;0.000055;0.000055
B,9,357,1787806931.248663,"(4, 2, 8)",2587,0.100704,1,ok,0.000035,0.000036;0.000035;0.000037
B,9,358,1787806933.544944,"(4, 2, 4)",1900,0.100704,1,ok,0.000070,0.000070;0.000070;0.000070
B,9,359,1787806933.876633,"(4, 8, 1)",1887,0.100704,1,ok,0.000068,0.000068;0.000069;0.000069
B,9,360,1787806934.006906,"(2, 2, 8)",1896,0.100704,1,ok,0.000069,0.000070;0.000069;0.000070
B,9,361,1787806934.230672,"(4, 2, 2)",1900,0.100704,1,ok,0.000151,0.000151
B,9,362,1787806934.608128,"(2, 8, 1)",1886,0.100704,1,ok,0.000153,0.000153
B,9,363,1787806934.904988,"(4, 2, 8)",1896,0.100704,1,ok,0.000043,0.000044;0.000044;0.000043
B,9,364,1787806934.944385,"(4, 8, 2)",1884,0.100704,1,ok,0.000034,0.000034;0.000034;0.000035
B,9,365,1787806935.254498,"(8, 2, 4)",1884,0.100704,1,ok,0.000034,0.000034;0.000034;0.000034
B,9,366,1787806935.278383,"(2, 4, 8)",1884,0.100704,1,ok,0.000034,0.000034;0.000035;0.000034
B,10,1,1787806935.814944,"(UOp(Ops.ADD, dtypes.int, arg=None, src=(
  UOp(Ops.PARAM, dtypes.int, arg=ParamArg(3, dtypes.int, vmin_vmax=(0, 511), multiple_of=1, name='start_pos', addrspace=AddrSpace.ALU, device='NV'), src=(
    UOp(Ops.STACK, dtypes.void, arg=None, src=()),)),
  UOp(Ops.CONST, dtypes.weakint, arg=1, src=()),)), 16, 1)",125,inf,1,ok,0.000046,0.000047;0.000046;0.000046
B,10,2,1787806935.829992,"(UOp(Ops.ADD, dtypes.int, arg=None, src=(
  UOp(Ops.PARAM, dtypes.int, arg=ParamArg(3, dtypes.int, vmin_vmax=(0, 511), multiple_of=1, name='start_pos', addrspace=AddrSpace.ALU, device='NV'), src=(
    UOp(Ops.STACK, dtypes.void, arg=None, src=()),)),
  UOp(Ops.CONST, dtypes.weakint, arg=1, src=()),)), 8, 1)",211,inf,1,ok,0.000062,0.000062;0.000062;0.000062
B,10,3,1787806935.846756,"(UOp(Ops.ADD, dtypes.int, arg=None, src=(
  UOp(Ops.PARAM, dtypes.int, arg=ParamArg(3, dtypes.int, vmin_vmax=(0, 511), multiple_of=1, name='start_pos', addrspace=AddrSpace.ALU, device='NV'), src=(
    UOp(Ops.STACK, dtypes.void, arg=None, src=()),)),
  UOp(Ops.CONST, dtypes.weakint, arg=1, src=()),)), 16, 1)",92,inf,1,ok,0.000028,0.000028;0.000029;0.000028
B,10,4,1787806935.853571,"(UOp(Ops.ADD, dtypes.int, arg=None, src=(
  UOp(Ops.PARAM, dtypes.int, arg=ParamArg(3, dtypes.int, vmin_vmax=(0, 511), multiple_of=1, name='start_pos', addrspace=AddrSpace.ALU, device='NV'), src=(
    UOp(Ops.STACK, dtypes.void, arg=None, src=()),)),
  UOp(Ops.CONST, dtypes.weakint, arg=1, src=()),)), 32, 1)",150,inf,1,ok,0.000044,0.000044;0.000044;0.000044
B,10,5,1787806935.863715,"(UOp(Ops.ADD, dtypes.int, arg=None, src=(
  UOp(Ops.PARAM, dtypes.int, arg=ParamArg(3, dtypes.int, vmin_vmax=(0, 511), multiple_of=1, name='start_pos', addrspace=AddrSpace.ALU, device='NV'), src=(
    UOp(Ops.STACK, dtypes.void, arg=None, src=()),)),
  UOp(Ops.CONST, dtypes.weakint, arg=1, src=()),)), 8, 1)",94,inf,1,ok,0.000022,0.000023;0.000023;0.000022
B,10,6,1787806935.869641,"(UOp(Ops.ADD, dtypes.int, arg=None, src=(
  UOp(Ops.PARAM, dtypes.int, arg=ParamArg(3, dtypes.int, vmin_vmax=(0, 511), multiple_of=1, name='start_pos', addrspace=AddrSpace.ALU, device='NV'), src=(
    UOp(Ops.STACK, dtypes.void, arg=None, src=()),)),
  UOp(Ops.CONST, dtypes.weakint, arg=1, src=()),)), 4, 1)",98,inf,1,ok,0.000021,0.000021;0.000021;0.000021
B,10,7,1787806935.881813,"(UOp(Ops.ADD, dtypes.int, arg=None, src=(
  UOp(Ops.PARAM, dtypes.int, arg=ParamArg(3, dtypes.int, vmin_vmax=(0, 511), multiple_of=1, name='start_pos', addrspace=AddrSpace.ALU, device='NV'), src=(
    UOp(Ops.STACK, dtypes.void, arg=None, src=()),)),
  UOp(Ops.CONST, dtypes.weakint, arg=1, src=()),)), 2, 1)",94,inf,1,ok,0.000021,0.000021;0.000022;0.000022
B,10,8,1787806935.888821,"(UOp(Ops.ADD, dtypes.int, arg=None, src=(
  UOp(Ops.PARAM, dtypes.int, arg=ParamArg(3, dtypes.int, vmin_vmax=(0, 511), multiple_of=1, name='start_pos', addrspace=AddrSpace.ALU, device='NV'), src=(
    UOp(Ops.STACK, dtypes.void, arg=None, src=()),)),
  UOp(Ops.CONST, dtypes.weakint, arg=1, src=()),)), 32, 1)",118,inf,1,ok,0.000016,0.000016;0.000017;0.000016
B,10,9,1787806935.905101,"(UOp(Ops.ADD, dtypes.int, arg=None, src=(
  UOp(Ops.PARAM, dtypes.int, arg=ParamArg(3, dtypes.int, vmin_vmax=(0, 511), multiple_of=1, name='start_pos', addrspace=AddrSpace.ALU, device='NV'), src=(
    UOp(Ops.STACK, dtypes.void, arg=None, src=()),)),
  UOp(Ops.CONST, dtypes.weakint, arg=1, src=()),)), 32, 1)",116,inf,1,ok,0.000016,0.000016;0.000016;0.000016
B,10,10,1787806935.911415,"(UOp(Ops.ADD, dtypes.int, arg=None, src=(
  UOp(Ops.PARAM, dtypes.int, arg=ParamArg(3, dtypes.int, vmin_vmax=(0, 511), multiple_of=1, name='start_pos', addrspace=AddrSpace.ALU, device='NV'), src=(
    UOp(Ops.STACK, dtypes.void, arg=None, src=()),)),
  UOp(Ops.CONST, dtypes.weakint, arg=1, src=()),)), 32, 1)",116,inf,1,ok,0.000017,0.000017;0.000017;0.000017
B,10,11,1787806935.921998,"(UOp(Ops.ADD, dtypes.int, arg=None, src=(
  UOp(Ops.PARAM, dtypes.int, arg=ParamArg(3, dtypes.int, vmin_vmax=(0, 511), multiple_of=1, name='start_pos', addrspace=AddrSpace.ALU, device='NV'), src=(
    UOp(Ops.STACK, dtypes.void, arg=None, src=()),)),
  UOp(Ops.CONST, dtypes.weakint, arg=1, src=()),)), 32, 1)",94,inf,1,ok,0.000018,0.000018;0.000019;0.000018
B,10,12,1787806935.932783,"(UOp(Ops.ADD, dtypes.int, arg=None, src=(
  UOp(Ops.PARAM, dtypes.int, arg=ParamArg(3, dtypes.int, vmin_vmax=(0, 511), multiple_of=1, name='start_pos', addrspace=AddrSpace.ALU, device='NV'), src=(
    UOp(Ops.STACK, dtypes.void, arg=None, src=()),)),
  UOp(Ops.CONST, dtypes.weakint, arg=1, src=()),)), 32, 1)",116,inf,1,ok,0.000021,0.000021;0.000022;0.000022
B,10,13,1787806935.943219,"(UOp(Ops.ADD, dtypes.int, arg=None, src=(
  UOp(Ops.PARAM, dtypes.int, arg=ParamArg(3, dtypes.int, vmin_vmax=(0, 511), multiple_of=1, name='start_pos', addrspace=AddrSpace.ALU, device='NV'), src=(
    UOp(Ops.STACK, dtypes.void, arg=None, src=()),)),
  UOp(Ops.CONST, dtypes.weakint, arg=1, src=()),)), 32, 1)",118,inf,1,ok,0.000017,0.000017;0.000017;0.000017
B,10,14,1787806935.954369,"(UOp(Ops.ADD, dtypes.int, arg=None, src=(
  UOp(Ops.PARAM, dtypes.int, arg=ParamArg(3, dtypes.int, vmin_vmax=(0, 511), multiple_of=1, name='start_pos', addrspace=AddrSpace.ALU, device='NV'), src=(
    UOp(Ops.STACK, dtypes.void, arg=None, src=()),)),
  UOp(Ops.CONST, dtypes.weakint, arg=1, src=()),)), 32, 1)",118,inf,1,ok,0.000016,0.000016;0.000016;0.000016
B,10,15,1787806935.969833,"(UOp(Ops.ADD, dtypes.int, arg=None, src=(
  UOp(Ops.PARAM, dtypes.int, arg=ParamArg(3, dtypes.int, vmin_vmax=(0, 511), multiple_of=1, name='start_pos', addrspace=AddrSpace.ALU, device='NV'), src=(
    UOp(Ops.STACK, dtypes.void, arg=None, src=()),)),
  UOp(Ops.CONST, dtypes.weakint, arg=1, src=()),)), 1, 1)",83,inf,1,ok,0.000023,0.000023;0.000024;0.000023
B,10,16,1787806935.986790,"(32, UOp(Ops.ADD, dtypes.int, arg=None, src=(
  UOp(Ops.PARAM, dtypes.int, arg=ParamArg(3, dtypes.int, vmin_vmax=(0, 511), multiple_of=1, name='start_pos', addrspace=AddrSpace.ALU, device='NV'), src=(
    UOp(Ops.STACK, dtypes.void, arg=None, src=()),)),
  UOp(Ops.CONST, dtypes.weakint, arg=1, src=()),)), 1)",90,inf,1,ok,0.000044,0.000044;0.000044;0.000044
B,10,17,1787806936.071382,"(UOp(Ops.ADD, dtypes.int, arg=None, src=(
  UOp(Ops.PARAM, dtypes.int, arg=ParamArg(3, dtypes.int, vmin_vmax=(0, 511), multiple_of=1, name='start_pos', addrspace=AddrSpace.ALU, device='NV'), src=(
    UOp(Ops.STACK, dtypes.void, arg=None, src=()),)),
  UOp(Ops.CONST, dtypes.weakint, arg=1, src=()),)), 16, 1)",182,0.04752000000000001,1,ok,0.000014,0.000014;0.000014;0.000014
B,10,18,1787806936.136913,"(UOp(Ops.ADD, dtypes.int, arg=None, src=(
  UOp(Ops.PARAM, dtypes.int, arg=ParamArg(3, dtypes.int, vmin_vmax=(0, 511), multiple_of=1, name='start_pos', addrspace=AddrSpace.ALU, device='NV'), src=(
    UOp(Ops.STACK, dtypes.void, arg=None, src=()),)),
  UOp(Ops.CONST, dtypes.weakint, arg=1, src=()),)), 8, 1)",291,0.04752000000000001,1,ok,0.000013,0.000013;0.000013;0.000013
B,10,19,1787806936.286711,"(UOp(Ops.ADD, dtypes.int, arg=None, src=(
  UOp(Ops.PARAM, dtypes.int, arg=ParamArg(3, dtypes.int, vmin_vmax=(0, 511), multiple_of=1, name='start_pos', addrspace=AddrSpace.ALU, device='NV'), src=(
    UOp(Ops.STACK, dtypes.void, arg=None, src=()),)),
  UOp(Ops.CONST, dtypes.weakint, arg=1, src=()),)), 32, 1)",161,0.04752000000000001,1,ok,0.000016,0.000016;0.000016;0.000016
B,10,20,1787806936.322985,"(UOp(Ops.ADD, dtypes.int, arg=None, src=(
  UOp(Ops.PARAM, dtypes.int, arg=ParamArg(3, dtypes.int, vmin_vmax=(0, 511), multiple_of=1, name='start_pos', addrspace=AddrSpace.ALU, device='NV'), src=(
    UOp(Ops.STACK, dtypes.void, arg=None, src=()),)),
  UOp(Ops.CONST, dtypes.weakint, arg=1, src=()),)), 32, 1)",699,0.04752000000000001,1,ok,0.000042,0.000043;0.000043;0.000042
B,10,21,1787806936.334067,"(UOp(Ops.ADD, dtypes.int, arg=None, src=(
  UOp(Ops.PARAM, dtypes.int, arg=ParamArg(3, dtypes.int, vmin_vmax=(0, 511), multiple_of=1, name='start_pos', addrspace=AddrSpace.ALU, device='NV'), src=(
    UOp(Ops.STACK, dtypes.void, arg=None, src=()),)),
  UOp(Ops.CONST, dtypes.weakint, arg=1, src=()),)), 32, 1)",183,0.04752000000000001,1,ok,0.000018,0.000018;0.000018;0.000018
B,10,22,1787806936.341923,"(UOp(Ops.ADD, dtypes.int, arg=None, src=(
  UOp(Ops.PARAM, dtypes.int, arg=ParamArg(3, dtypes.int, vmin_vmax=(0, 511), multiple_of=1, name='start_pos', addrspace=AddrSpace.ALU, device='NV'), src=(
    UOp(Ops.STACK, dtypes.void, arg=None, src=()),)),
  UOp(Ops.CONST, dtypes.weakint, arg=1, src=()),)), 16, 1)",132,0.04752000000000001,1,ok,0.000014,0.000014;0.000014;0.000014
B,10,23,1787806936.358777,"(UOp(Ops.ADD, dtypes.int, arg=None, src=(
  UOp(Ops.PARAM, dtypes.int, arg=ParamArg(3, dtypes.int, vmin_vmax=(0, 511), multiple_of=1, name='start_pos', addrspace=AddrSpace.ALU, device='NV'), src=(
    UOp(Ops.STACK, dtypes.void, arg=None, src=()),)),
  UOp(Ops.CONST, dtypes.weakint, arg=1, src=()),)), 8, 1)",130,0.04752000000000001,1,ok,0.000013,0.000013;0.000014;0.000013
B,10,24,1787806936.367609,"(UOp(Ops.ADD, dtypes.int, arg=None, src=(
  UOp(Ops.PARAM, dtypes.int, arg=ParamArg(3, dtypes.int, vmin_vmax=(0, 511), multiple_of=1, name='start_pos', addrspace=AddrSpace.ALU, device='NV'), src=(
    UOp(Ops.STACK, dtypes.void, arg=None, src=()),)),
  UOp(Ops.CONST, dtypes.weakint, arg=1, src=()),)), 4, 1)",136,0.04752000000000001,1,ok,0.000013,0.000013;0.000014;0.000013
B,10,25,1787806936.386388,"(UOp(Ops.ADD, dtypes.int, arg=None, src=(
  UOp(Ops.PARAM, dtypes.int, arg=ParamArg(3, dtypes.int, vmin_vmax=(0, 511), multiple_of=1, name='start_pos', addrspace=AddrSpace.ALU, device='NV'), src=(
    UOp(Ops.STACK, dtypes.void, arg=None, src=()),)),
  UOp(Ops.CONST, dtypes.weakint, arg=1, src=()),)), 2, 1)",132,0.04752000000000001,1,ok,0.000013,0.000014;0.000013;0.000014
B,10,26,1787806936.408709,"(UOp(Ops.ADD, dtypes.int, arg=None, src=(
  UOp(Ops.PARAM, dtypes.int, arg=ParamArg(3, dtypes.int, vmin_vmax=(0, 511), multiple_of=1, name='start_pos', addrspace=AddrSpace.ALU, device='NV'), src=(
    UOp(Ops.STACK, dtypes.void, arg=None, src=()),)),
  UOp(Ops.CONST, dtypes.weakint, arg=1, src=()),)), 32, 1)",110,0.04752000000000001,1,ok,0.000018,0.000018;0.000019;0.000019
B,10,27,1787806936.432841,"(UOp(Ops.ADD, dtypes.int, arg=None, src=(
  UOp(Ops.PARAM, dtypes.int, arg=ParamArg(3, dtypes.int, vmin_vmax=(0, 511), multiple_of=1, name='start_pos', addrspace=AddrSpace.ALU, device='NV'), src=(
    UOp(Ops.STACK, dtypes.void, arg=None, src=()),)),
  UOp(Ops.CONST, dtypes.weakint, arg=1, src=()),)), 1, 1)",121,0.04752000000000001,1,ok,0.000016,0.000016;0.000016;0.000016
B,10,28,1787806936.457384,"(32, UOp(Ops.ADD, dtypes.int, arg=None, src=(
  UOp(Ops.PARAM, dtypes.int, arg=ParamArg(3, dtypes.int, vmin_vmax=(0, 511), multiple_of=1, name='start_pos', addrspace=AddrSpace.ALU, device='NV'), src=(
    UOp(Ops.STACK, dtypes.void, arg=None, src=()),)),
  UOp(Ops.CONST, dtypes.weakint, arg=1, src=()),)), 1)",123,0.04752000000000001,1,ok,0.000015,0.000016;0.000016;0.000015
B,10,29,1787806936.540339,"(UOp(Ops.ADD, dtypes.int, arg=None, src=(
  UOp(Ops.PARAM, dtypes.int, arg=ParamArg(3, dtypes.int, vmin_vmax=(0, 511), multiple_of=1, name='start_pos', addrspace=AddrSpace.ALU, device='NV'), src=(
    UOp(Ops.STACK, dtypes.void, arg=None, src=()),)),
  UOp(Ops.CONST, dtypes.weakint, arg=1, src=()),)), 16, 1)",180,0.04752000000000001,1,ok,0.000014,0.000014;0.000014;0.000014
B,10,30,1787806936.682066,"(UOp(Ops.ADD, dtypes.int, arg=None, src=(
  UOp(Ops.PARAM, dtypes.int, arg=ParamArg(3, dtypes.int, vmin_vmax=(0, 511), multiple_of=1, name='start_pos', addrspace=AddrSpace.ALU, device='NV'), src=(
    UOp(Ops.STACK, dtypes.void, arg=None, src=()),)),
  UOp(Ops.CONST, dtypes.weakint, arg=1, src=()),)), 32, 1)",403,0.04752000000000001,1,ok,0.000040,0.000040;0.000040;0.000041
B,10,31,1787806936.760314,"(UOp(Ops.ADD, dtypes.int, arg=None, src=(
  UOp(Ops.PARAM, dtypes.int, arg=ParamArg(3, dtypes.int, vmin_vmax=(0, 511), multiple_of=1, name='start_pos', addrspace=AddrSpace.ALU, device='NV'), src=(
    UOp(Ops.STACK, dtypes.void, arg=None, src=()),)),
  UOp(Ops.CONST, dtypes.weakint, arg=1, src=()),)), 32, 1)",230,0.04752000000000001,1,ok,0.000016,0.000016;0.000016;0.000016
B,10,32,1787806936.839191,"(UOp(Ops.ADD, dtypes.int, arg=None, src=(
  UOp(Ops.PARAM, dtypes.int, arg=ParamArg(3, dtypes.int, vmin_vmax=(0, 511), multiple_of=1, name='start_pos', addrspace=AddrSpace.ALU, device='NV'), src=(
    UOp(Ops.STACK, dtypes.void, arg=None, src=()),)),
  UOp(Ops.CONST, dtypes.weakint, arg=1, src=()),)), 32, 1)",184,0.04752000000000001,1,ok,0.000018,0.000019;0.000018;0.000019
B,10,33,1787806936.847946,"(UOp(Ops.ADD, dtypes.int, arg=None, src=(
  UOp(Ops.PARAM, dtypes.int, arg=ParamArg(3, dtypes.int, vmin_vmax=(0, 511), multiple_of=1, name='start_pos', addrspace=AddrSpace.ALU, device='NV'), src=(
    UOp(Ops.STACK, dtypes.void, arg=None, src=()),)),
  UOp(Ops.CONST, dtypes.weakint, arg=1, src=()),)), 8, 1)",290,0.04752000000000001,1,ok,0.000014,0.000015;0.000014;0.000014
B,10,34,1787806936.896050,"(UOp(Ops.ADD, dtypes.int, arg=None, src=(
  UOp(Ops.PARAM, dtypes.int, arg=ParamArg(3, dtypes.int, vmin_vmax=(0, 511), multiple_of=1, name='start_pos', addrspace=AddrSpace.ALU, device='NV'), src=(
    UOp(Ops.STACK, dtypes.void, arg=None, src=()),)),
  UOp(Ops.CONST, dtypes.weakint, arg=1, src=()),)), 16, 1)",130,0.04752000000000001,1,ok,0.000013,0.000014;0.000014;0.000013
B,10,35,1787806936.907904,"(UOp(Ops.ADD, dtypes.int, arg=None, src=(
  UOp(Ops.PARAM, dtypes.int, arg=ParamArg(3, dtypes.int, vmin_vmax=(0, 511), multiple_of=1, name='start_pos', addrspace=AddrSpace.ALU, device='NV'), src=(
    UOp(Ops.STACK, dtypes.void, arg=None, src=()),)),
  UOp(Ops.CONST, dtypes.weakint, arg=1, src=()),)), 32, 1)",179,0.04752000000000001,1,ok,0.000016,0.000016;0.000016;0.000016
B,10,36,1787806936.945460,"(UOp(Ops.ADD, dtypes.int, arg=None, src=(
  UOp(Ops.PARAM, dtypes.int, arg=ParamArg(3, dtypes.int, vmin_vmax=(0, 511), multiple_of=1, name='start_pos', addrspace=AddrSpace.ALU, device='NV'), src=(
    UOp(Ops.STACK, dtypes.void, arg=None, src=()),)),
  UOp(Ops.CONST, dtypes.weakint, arg=1, src=()),)), 8, 1)",130,0.04752000000000001,1,ok,0.000012,0.000013;0.000012;0.000013
B,10,37,1787806936.957699,"(UOp(Ops.ADD, dtypes.int, arg=None, src=(
  UOp(Ops.PARAM, dtypes.int, arg=ParamArg(3, dtypes.int, vmin_vmax=(0, 511), multiple_of=1, name='start_pos', addrspace=AddrSpace.ALU, device='NV'), src=(
    UOp(Ops.STACK, dtypes.void, arg=None, src=()),)),
  UOp(Ops.CONST, dtypes.weakint, arg=1, src=()),)), 4, 1)",130,0.04752000000000001,1,ok,0.000012,0.000012;0.000012;0.000012
B,10,38,1787806936.996155,"(UOp(Ops.ADD, dtypes.int, arg=None, src=(
  UOp(Ops.PARAM, dtypes.int, arg=ParamArg(3, dtypes.int, vmin_vmax=(0, 511), multiple_of=1, name='start_pos', addrspace=AddrSpace.ALU, device='NV'), src=(
    UOp(Ops.STACK, dtypes.void, arg=None, src=()),)),
  UOp(Ops.CONST, dtypes.weakint, arg=1, src=()),)), 2, 1)",132,0.04752000000000001,1,ok,0.000012,0.000012;0.000012;0.000013
B,10,39,1787806937.009302,"(UOp(Ops.ADD, dtypes.int, arg=None, src=(
  UOp(Ops.PARAM, dtypes.int, arg=ParamArg(3, dtypes.int, vmin_vmax=(0, 511), multiple_of=1, name='start_pos', addrspace=AddrSpace.ALU, device='NV'), src=(
    UOp(Ops.STACK, dtypes.void, arg=None, src=()),)),
  UOp(Ops.CONST, dtypes.weakint, arg=1, src=()),)), 32, 1)",112,0.04752000000000001,1,ok,0.000019,0.000019;0.000020;0.000019
B,10,40,1787806937.048724,"(UOp(Ops.ADD, dtypes.int, arg=None, src=(
  UOp(Ops.PARAM, dtypes.int, arg=ParamArg(3, dtypes.int, vmin_vmax=(0, 511), multiple_of=1, name='start_pos', addrspace=AddrSpace.ALU, device='NV'), src=(
    UOp(Ops.STACK, dtypes.void, arg=None, src=()),)),
  UOp(Ops.CONST, dtypes.weakint, arg=1, src=()),)), 32, 1)",130,0.04752000000000001,1,ok,0.000016,0.000017;0.000017;0.000016
B,10,41,1787806937.056641,"(UOp(Ops.ADD, dtypes.int, arg=None, src=(
  UOp(Ops.PARAM, dtypes.int, arg=ParamArg(3, dtypes.int, vmin_vmax=(0, 511), multiple_of=1, name='start_pos', addrspace=AddrSpace.ALU, device='NV'), src=(
    UOp(Ops.STACK, dtypes.void, arg=None, src=()),)),
  UOp(Ops.CONST, dtypes.weakint, arg=1, src=()),)), 1, 1)",123,0.04752000000000001,1,ok,0.000012,0.000012;0.000012;0.000012
B,10,42,1787806937.097898,"(32, UOp(Ops.ADD, dtypes.int, arg=None, src=(
  UOp(Ops.PARAM, dtypes.int, arg=ParamArg(3, dtypes.int, vmin_vmax=(0, 511), multiple_of=1, name='start_pos', addrspace=AddrSpace.ALU, device='NV'), src=(
    UOp(Ops.STACK, dtypes.void, arg=None, src=()),)),
  UOp(Ops.CONST, dtypes.weakint, arg=1, src=()),)), 1)",125,0.04752000000000001,1,ok,0.000016,0.000016;0.000016;0.000016
B,10,43,1787806937.252672,"(UOp(Ops.ADD, dtypes.int, arg=None, src=(
  UOp(Ops.PARAM, dtypes.int, arg=ParamArg(3, dtypes.int, vmin_vmax=(0, 511), multiple_of=1, name='start_pos', addrspace=AddrSpace.ALU, device='NV'), src=(
    UOp(Ops.STACK, dtypes.void, arg=None, src=()),)),
  UOp(Ops.CONST, dtypes.weakint, arg=1, src=()),)), 1, 1)",293,0.03504,1,ok,0.000013,0.000013;0.000013;0.000013
B,10,44,1787806937.325375,"(UOp(Ops.ADD, dtypes.int, arg=None, src=(
  UOp(Ops.PARAM, dtypes.int, arg=ParamArg(3, dtypes.int, vmin_vmax=(0, 511), multiple_of=1, name='start_pos', addrspace=AddrSpace.ALU, device='NV'), src=(
    UOp(Ops.STACK, dtypes.void, arg=None, src=()),)),
  UOp(Ops.CONST, dtypes.weakint, arg=1, src=()),)), 4, 1)",513,0.03504,1,ok,0.000015,0.000015;0.000015;0.000016
B,10,45,1787806937.403215,"(UOp(Ops.ADD, dtypes.int, arg=None, src=(
  UOp(Ops.PARAM, dtypes.int, arg=ParamArg(3, dtypes.int, vmin_vmax=(0, 511), multiple_of=1, name='start_pos', addrspace=AddrSpace.ALU, device='NV'), src=(
    UOp(Ops.STACK, dtypes.void, arg=None, src=()),)),
  UOp(Ops.CONST, dtypes.weakint, arg=1, src=()),)), 2, 1)",194,0.03504,1,ok,0.000012,0.000013;0.000012;0.000013
B,10,46,1787806937.514286,"(UOp(Ops.ADD, dtypes.int, arg=None, src=(
  UOp(Ops.PARAM, dtypes.int, arg=ParamArg(3, dtypes.int, vmin_vmax=(0, 511), multiple_of=1, name='start_pos', addrspace=AddrSpace.ALU, device='NV'), src=(
    UOp(Ops.STACK, dtypes.void, arg=None, src=()),)),
  UOp(Ops.CONST, dtypes.weakint, arg=1, src=()),)), 4, 1)",303,0.03504,1,ok,0.000012,0.000013;0.000012;0.000012
B,10,47,1787806937.660917,"(UOp(Ops.ADD, dtypes.int, arg=None, src=(
  UOp(Ops.PARAM, dtypes.int, arg=ParamArg(3, dtypes.int, vmin_vmax=(0, 511), multiple_of=1, name='start_pos', addrspace=AddrSpace.ALU, device='NV'), src=(
    UOp(Ops.STACK, dtypes.void, arg=None, src=()),)),
  UOp(Ops.CONST, dtypes.weakint, arg=1, src=()),)), 4, 1)",408,0.03504,1,ok,0.000015,0.000015;0.000015;0.000015
B,10,48,1787806937.697022,"(UOp(Ops.ADD, dtypes.int, arg=None, src=(
  UOp(Ops.PARAM, dtypes.int, arg=ParamArg(3, dtypes.int, vmin_vmax=(0, 511), multiple_of=1, name='start_pos', addrspace=AddrSpace.ALU, device='NV'), src=(
    UOp(Ops.STACK, dtypes.void, arg=None, src=()),)),
  UOp(Ops.CONST, dtypes.weakint, arg=1, src=()),)), 4, 1)",191,0.03504,1,ok,0.000012,0.000012;0.000012;0.000012
B,10,49,1787806937.742492,"(UOp(Ops.ADD, dtypes.int, arg=None, src=(
  UOp(Ops.PARAM, dtypes.int, arg=ParamArg(3, dtypes.int, vmin_vmax=(0, 511), multiple_of=1, name='start_pos', addrspace=AddrSpace.ALU, device='NV'), src=(
    UOp(Ops.STACK, dtypes.void, arg=None, src=()),)),
  UOp(Ops.CONST, dtypes.weakint, arg=1, src=()),)), 4, 1)",250,0.03504,1,ok,0.000012,0.000012;0.000012;0.000012
B,10,50,1787806937.781359,"(UOp(Ops.ADD, dtypes.int, arg=None, src=(
  UOp(Ops.PARAM, dtypes.int, arg=ParamArg(3, dtypes.int, vmin_vmax=(0, 511), multiple_of=1, name='start_pos', addrspace=AddrSpace.ALU, device='NV'), src=(
    UOp(Ops.STACK, dtypes.void, arg=None, src=()),)),
  UOp(Ops.CONST, dtypes.weakint, arg=1, src=()),)), 4, 1)",198,0.03504,1,ok,0.000013,0.000013;0.000013;0.000013
B,10,51,1787806937.815010,"(UOp(Ops.ADD, dtypes.int, arg=None, src=(
  UOp(Ops.PARAM, dtypes.int, arg=ParamArg(3, dtypes.int, vmin_vmax=(0, 511), multiple_of=1, name='start_pos', addrspace=AddrSpace.ALU, device='NV'), src=(
    UOp(Ops.STACK, dtypes.void, arg=None, src=()),)),
  UOp(Ops.CONST, dtypes.weakint, arg=1, src=()),)), 4, 1)",199,0.03504,1,ok,0.000012,0.000012;0.000012;0.000012
B,10,52,1787806937.835110,"(UOp(Ops.ADD, dtypes.int, arg=None, src=(
  UOp(Ops.PARAM, dtypes.int, arg=ParamArg(3, dtypes.int, vmin_vmax=(0, 511), multiple_of=1, name='start_pos', addrspace=AddrSpace.ALU, device='NV'), src=(
    UOp(Ops.STACK, dtypes.void, arg=None, src=()),)),
  UOp(Ops.CONST, dtypes.weakint, arg=1, src=()),)), 2, 1)",146,0.03504,1,ok,0.000012,0.000012;0.000012;0.000012
B,10,53,1787806937.866220,"(UOp(Ops.ADD, dtypes.int, arg=None, src=(
  UOp(Ops.PARAM, dtypes.int, arg=ParamArg(3, dtypes.int, vmin_vmax=(0, 511), multiple_of=1, name='start_pos', addrspace=AddrSpace.ALU, device='NV'), src=(
    UOp(Ops.STACK, dtypes.void, arg=None, src=()),)),
  UOp(Ops.CONST, dtypes.weakint, arg=1, src=()),)), 1, 1)",137,0.03504,1,ok,0.000012,0.000012;0.000012;0.000013
B,10,54,1787806937.886984,"(UOp(Ops.ADD, dtypes.int, arg=None, src=(
  UOp(Ops.PARAM, dtypes.int, arg=ParamArg(3, dtypes.int, vmin_vmax=(0, 511), multiple_of=1, name='start_pos', addrspace=AddrSpace.ALU, device='NV'), src=(
    UOp(Ops.STACK, dtypes.void, arg=None, src=()),)),
  UOp(Ops.CONST, dtypes.weakint, arg=1, src=()),)), 4, 1)",125,0.03504,1,ok,0.000040,0.000040
B,10,55,1787806937.924848,"(UOp(Ops.ADD, dtypes.int, arg=None, src=(
  UOp(Ops.PARAM, dtypes.int, arg=ParamArg(3, dtypes.int, vmin_vmax=(0, 511), multiple_of=1, name='start_pos', addrspace=AddrSpace.ALU, device='NV'), src=(
    UOp(Ops.STACK, dtypes.void, arg=None, src=()),)),
  UOp(Ops.CONST, dtypes.weakint, arg=1, src=()),)), 4, 1)",146,0.03504,1,ok,0.000014,0.000015;0.000014;0.000015
B,10,56,1787806937.938684,"(4, UOp(Ops.ADD, dtypes.int, arg=None, src=(
  UOp(Ops.PARAM, dtypes.int, arg=ParamArg(3, dtypes.int, vmin_vmax=(0, 511), multiple_of=1, name='start_pos', addrspace=AddrSpace.ALU, device='NV'), src=(
    UOp(Ops.STACK, dtypes.void, arg=None, src=()),)),
  UOp(Ops.CONST, dtypes.weakint, arg=1, src=()),)), 1)",138,0.03504,1,ok,0.000012,0.000012;0.000012;0.000012
B,10,57,1787806938.080579,"(UOp(Ops.ADD, dtypes.int, arg=None, src=(
  UOp(Ops.PARAM, dtypes.int, arg=ParamArg(3, dtypes.int, vmin_vmax=(0, 511), multiple_of=1, name='start_pos', addrspace=AddrSpace.ALU, device='NV'), src=(
    UOp(Ops.STACK, dtypes.void, arg=None, src=()),)),
  UOp(Ops.CONST, dtypes.weakint, arg=1, src=()),)), 4, 1)",194,0.03504,1,ok,0.000012,0.000013;0.000013;0.000012
B,10,58,1787806938.100117,"(UOp(Ops.ADD, dtypes.int, arg=None, src=(
  UOp(Ops.PARAM, dtypes.int, arg=ParamArg(3, dtypes.int, vmin_vmax=(0, 511), multiple_of=1, name='start_pos', addrspace=AddrSpace.ALU, device='NV'), src=(
    UOp(Ops.STACK, dtypes.void, arg=None, src=()),)),
  UOp(Ops.CONST, dtypes.weakint, arg=1, src=()),)), 1, 1)",519,0.03504,1,ok,0.000013,0.000013;0.000014;0.000014
B,10,59,1787806938.160807,"(UOp(Ops.ADD, dtypes.int, arg=None, src=(
  UOp(Ops.PARAM, dtypes.int, arg=ParamArg(3, dtypes.int, vmin_vmax=(0, 511), multiple_of=1, name='start_pos', addrspace=AddrSpace.ALU, device='NV'), src=(
    UOp(Ops.STACK, dtypes.void, arg=None, src=()),)),
  UOp(Ops.CONST, dtypes.weakint, arg=1, src=()),)), 8, 1)",195,0.03504,1,ok,0.000012,0.000012;0.000012;0.000012
B,10,60,1787806938.206375,"(UOp(Ops.ADD, dtypes.int, arg=None, src=(
  UOp(Ops.PARAM, dtypes.int, arg=ParamArg(3, dtypes.int, vmin_vmax=(0, 511), multiple_of=1, name='start_pos', addrspace=AddrSpace.ALU, device='NV'), src=(
    UOp(Ops.STACK, dtypes.void, arg=None, src=()),)),
  UOp(Ops.CONST, dtypes.weakint, arg=1, src=()),)), 2, 1)",304,0.03504,1,ok,0.000012,0.000013;0.000012;0.000012
B,10,61,1787806938.313189,"(UOp(Ops.ADD, dtypes.int, arg=None, src=(
  UOp(Ops.PARAM, dtypes.int, arg=ParamArg(3, dtypes.int, vmin_vmax=(0, 511), multiple_of=1, name='start_pos', addrspace=AddrSpace.ALU, device='NV'), src=(
    UOp(Ops.STACK, dtypes.void, arg=None, src=()),)),
  UOp(Ops.CONST, dtypes.weakint, arg=1, src=()),)), 8, 1)",408,0.03504,1,ok,0.000018,0.000018;0.000018;0.000019
B,10,62,1787806938.396055,"(UOp(Ops.ADD, dtypes.int, arg=None, src=(
  UOp(Ops.PARAM, dtypes.int, arg=ParamArg(3, dtypes.int, vmin_vmax=(0, 511), multiple_of=1, name='start_pos', addrspace=AddrSpace.ALU, device='NV'), src=(
    UOp(Ops.STACK, dtypes.void, arg=None, src=()),)),
  UOp(Ops.CONST, dtypes.weakint, arg=1, src=()),)), 8, 1)",246,0.03504,1,ok,0.000012,0.000012;0.000012;0.000012
B,10,63,1787806938.470251,"(UOp(Ops.ADD, dtypes.int, arg=None, src=(
  UOp(Ops.PARAM, dtypes.int, arg=ParamArg(3, dtypes.int, vmin_vmax=(0, 511), multiple_of=1, name='start_pos', addrspace=AddrSpace.ALU, device='NV'), src=(
    UOp(Ops.STACK, dtypes.void, arg=None, src=()),)),
  UOp(Ops.CONST, dtypes.weakint, arg=1, src=()),)), 8, 1)",197,0.03504,1,ok,0.000012,0.000012;0.000012;0.000012
B,10,64,1787806938.523758,"(UOp(Ops.ADD, dtypes.int, arg=None, src=(
  UOp(Ops.PARAM, dtypes.int, arg=ParamArg(3, dtypes.int, vmin_vmax=(0, 511), multiple_of=1, name='start_pos', addrspace=AddrSpace.ALU, device='NV'), src=(
    UOp(Ops.STACK, dtypes.void, arg=None, src=()),)),
  UOp(Ops.CONST, dtypes.weakint, arg=1, src=()),)), 4, 1)",144,0.03504,1,ok,0.000012,0.000012;0.000013;0.000012
B,10,65,1787806938.578498,"(UOp(Ops.ADD, dtypes.int, arg=None, src=(
  UOp(Ops.PARAM, dtypes.int, arg=ParamArg(3, dtypes.int, vmin_vmax=(0, 511), multiple_of=1, name='start_pos', addrspace=AddrSpace.ALU, device='NV'), src=(
    UOp(Ops.STACK, dtypes.void, arg=None, src=()),)),
  UOp(Ops.CONST, dtypes.weakint, arg=1, src=()),)), 2, 1)",144,0.03504,1,ok,0.000012,0.000012;0.000012;0.000012
B,10,66,1787806938.632029,"(UOp(Ops.ADD, dtypes.int, arg=None, src=(
  UOp(Ops.PARAM, dtypes.int, arg=ParamArg(3, dtypes.int, vmin_vmax=(0, 511), multiple_of=1, name='start_pos', addrspace=AddrSpace.ALU, device='NV'), src=(
    UOp(Ops.STACK, dtypes.void, arg=None, src=()),)),
  UOp(Ops.CONST, dtypes.weakint, arg=1, src=()),)), 1, 1)",132,0.03504,1,ok,0.000012,0.000012;0.000012;0.000013
B,10,67,1787806938.661288,"(UOp(Ops.ADD, dtypes.int, arg=None, src=(
  UOp(Ops.PARAM, dtypes.int, arg=ParamArg(3, dtypes.int, vmin_vmax=(0, 511), multiple_of=1, name='start_pos', addrspace=AddrSpace.ALU, device='NV'), src=(
    UOp(Ops.STACK, dtypes.void, arg=None, src=()),)),
  UOp(Ops.CONST, dtypes.weakint, arg=1, src=()),)), 8, 1)",194,0.03504,1,ok,0.000013,0.000013;0.000013;0.000013
B,10,68,1787806938.688792,"(UOp(Ops.ADD, dtypes.int, arg=None, src=(
  UOp(Ops.PARAM, dtypes.int, arg=ParamArg(3, dtypes.int, vmin_vmax=(0, 511), multiple_of=1, name='start_pos', addrspace=AddrSpace.ALU, device='NV'), src=(
    UOp(Ops.STACK, dtypes.void, arg=None, src=()),)),
  UOp(Ops.CONST, dtypes.weakint, arg=1, src=()),)), 8, 1)",123,0.03504,1,ok,0.000033,0.000033;0.000033;0.000033
B,10,69,1787806938.720895,"(UOp(Ops.ADD, dtypes.int, arg=None, src=(
  UOp(Ops.PARAM, dtypes.int, arg=ParamArg(3, dtypes.int, vmin_vmax=(0, 511), multiple_of=1, name='start_pos', addrspace=AddrSpace.ALU, device='NV'), src=(
    UOp(Ops.STACK, dtypes.void, arg=None, src=()),)),
  UOp(Ops.CONST, dtypes.weakint, arg=1, src=()),)), 8, 1)",142,0.03504,1,ok,0.000014,0.000014;0.000015;0.000014
B,10,70,1787806938.741286,"(8, UOp(Ops.ADD, dtypes.int, arg=None, src=(
  UOp(Ops.PARAM, dtypes.int, arg=ParamArg(3, dtypes.int, vmin_vmax=(0, 511), multiple_of=1, name='start_pos', addrspace=AddrSpace.ALU, device='NV'), src=(
    UOp(Ops.STACK, dtypes.void, arg=None, src=()),)),
  UOp(Ops.CONST, dtypes.weakint, arg=1, src=()),)), 1)",138,0.03504,1,ok,0.000012,0.000012;0.000012;0.000012
B,10,71,1787806939.039373,"(4, UOp(Ops.ADD, dtypes.int, arg=None, src=(
  UOp(Ops.PARAM, dtypes.int, arg=ParamArg(3, dtypes.int, vmin_vmax=(0, 511), multiple_of=1, name='start_pos', addrspace=AddrSpace.ALU, device='NV'), src=(
    UOp(Ops.STACK, dtypes.void, arg=None, src=()),)),
  UOp(Ops.CONST, dtypes.weakint, arg=1, src=()),)), 1)",520,0.03465599999999999,1,ok,0.000015,0.000016;0.000016;0.000015
B,10,72,1787806939.121128,"(4, UOp(Ops.ADD, dtypes.int, arg=None, src=(
  UOp(Ops.PARAM, dtypes.int, arg=ParamArg(3, dtypes.int, vmin_vmax=(0, 511), multiple_of=1, name='start_pos', addrspace=AddrSpace.ALU, device='NV'), src=(
    UOp(Ops.STACK, dtypes.void, arg=None, src=()),)),
  UOp(Ops.CONST, dtypes.weakint, arg=1, src=()),)), 1)",199,0.03465599999999999,1,ok,0.000012,0.000012;0.000012;0.000013
B,10,73,1787806939.198341,"(2, UOp(Ops.ADD, dtypes.int, arg=None, src=(
  UOp(Ops.PARAM, dtypes.int, arg=ParamArg(3, dtypes.int, vmin_vmax=(0, 511), multiple_of=1, name='start_pos', addrspace=AddrSpace.ALU, device='NV'), src=(
    UOp(Ops.STACK, dtypes.void, arg=None, src=()),)),
  UOp(Ops.CONST, dtypes.weakint, arg=1, src=()),)), 1)",202,0.03465599999999999,1,ok,0.000012,0.000012;0.000012;0.000012
B,10,74,1787806939.233774,"(4, UOp(Ops.ADD, dtypes.int, arg=None, src=(
  UOp(Ops.PARAM, dtypes.int, arg=ParamArg(3, dtypes.int, vmin_vmax=(0, 511), multiple_of=1, name='start_pos', addrspace=AddrSpace.ALU, device='NV'), src=(
    UOp(Ops.STACK, dtypes.void, arg=None, src=()),)),
  UOp(Ops.CONST, dtypes.weakint, arg=1, src=()),)), 1)",311,0.03465599999999999,1,ok,0.000013,0.000013;0.000013;0.000013
B,10,75,1787806939.319631,"(4, UOp(Ops.ADD, dtypes.int, arg=None, src=(
  UOp(Ops.PARAM, dtypes.int, arg=ParamArg(3, dtypes.int, vmin_vmax=(0, 511), multiple_of=1, name='start_pos', addrspace=AddrSpace.ALU, device='NV'), src=(
    UOp(Ops.STACK, dtypes.void, arg=None, src=()),)),
  UOp(Ops.CONST, dtypes.weakint, arg=1, src=()),)), 1)",258,0.03465599999999999,1,ok,0.000012,0.000012;0.000012;0.000012
B,10,76,1787806939.348469,"(4, UOp(Ops.ADD, dtypes.int, arg=None, src=(
  UOp(Ops.PARAM, dtypes.int, arg=ParamArg(3, dtypes.int, vmin_vmax=(0, 511), multiple_of=1, name='start_pos', addrspace=AddrSpace.ALU, device='NV'), src=(
    UOp(Ops.STACK, dtypes.void, arg=None, src=()),)),
  UOp(Ops.CONST, dtypes.weakint, arg=1, src=()),)), 1)",416,0.03465599999999999,1,ok,0.000016,0.000016;0.000016;0.000016
B,10,77,1787806939.405194,"(4, UOp(Ops.ADD, dtypes.int, arg=None, src=(
  UOp(Ops.PARAM, dtypes.int, arg=ParamArg(3, dtypes.int, vmin_vmax=(0, 511), multiple_of=1, name='start_pos', addrspace=AddrSpace.ALU, device='NV'), src=(
    UOp(Ops.STACK, dtypes.void, arg=None, src=()),)),
  UOp(Ops.CONST, dtypes.weakint, arg=1, src=()),)), 1)",206,0.03465599999999999,1,ok,0.000012,0.000012;0.000012;0.000012
B,10,78,1787806939.422284,"(4, UOp(Ops.ADD, dtypes.int, arg=None, src=(
  UOp(Ops.PARAM, dtypes.int, arg=ParamArg(3, dtypes.int, vmin_vmax=(0, 511), multiple_of=1, name='start_pos', addrspace=AddrSpace.ALU, device='NV'), src=(
    UOp(Ops.STACK, dtypes.void, arg=None, src=()),)),
  UOp(Ops.CONST, dtypes.weakint, arg=1, src=()),)), 1)",207,0.03465599999999999,1,ok,0.000012,0.000012;0.000012;0.000012
B,10,79,1787806939.461133,"(2, UOp(Ops.ADD, dtypes.int, arg=None, src=(
  UOp(Ops.PARAM, dtypes.int, arg=ParamArg(3, dtypes.int, vmin_vmax=(0, 511), multiple_of=1, name='start_pos', addrspace=AddrSpace.ALU, device='NV'), src=(
    UOp(Ops.STACK, dtypes.void, arg=None, src=()),)),
  UOp(Ops.CONST, dtypes.weakint, arg=1, src=()),)), 1)",154,0.03465599999999999,1,ok,0.000012,0.000013;0.000012;0.000012
B,10,80,1787806939.501225,"(4, UOp(Ops.ADD, dtypes.int, arg=None, src=(
  UOp(Ops.PARAM, dtypes.int, arg=ParamArg(3, dtypes.int, vmin_vmax=(0, 511), multiple_of=1, name='start_pos', addrspace=AddrSpace.ALU, device='NV'), src=(
    UOp(Ops.STACK, dtypes.void, arg=None, src=()),)),
  UOp(Ops.CONST, dtypes.weakint, arg=1, src=()),)), 1)",133,0.03465599999999999,1,ok,0.000041,0.000041
B,10,81,1787806939.521424,"(4, UOp(Ops.ADD, dtypes.int, arg=None, src=(
  UOp(Ops.PARAM, dtypes.int, arg=ParamArg(3, dtypes.int, vmin_vmax=(0, 511), multiple_of=1, name='start_pos', addrspace=AddrSpace.ALU, device='NV'), src=(
    UOp(Ops.STACK, dtypes.void, arg=None, src=()),)),
  UOp(Ops.CONST, dtypes.weakint, arg=1, src=()),)), 1)",154,0.03465599999999999,1,ok,0.000015,0.000016;0.000016;0.000015
B,10,82,1787806939.628231,"(8, UOp(Ops.ADD, dtypes.int, arg=None, src=(
  UOp(Ops.PARAM, dtypes.int, arg=ParamArg(3, dtypes.int, vmin_vmax=(0, 511), multiple_of=1, name='start_pos', addrspace=AddrSpace.ALU, device='NV'), src=(
    UOp(Ops.STACK, dtypes.void, arg=None, src=()),)),
  UOp(Ops.CONST, dtypes.weakint, arg=1, src=()),)), 1)",297,0.03465599999999999,1,ok,0.000014,0.000014;0.000014;0.000014
B,10,83,1787806939.708902,"(4, UOp(Ops.ADD, dtypes.int, arg=None, src=(
  UOp(Ops.PARAM, dtypes.int, arg=ParamArg(3, dtypes.int, vmin_vmax=(0, 511), multiple_of=1, name='start_pos', addrspace=AddrSpace.ALU, device='NV'), src=(
    UOp(Ops.STACK, dtypes.void, arg=None, src=()),)),
  UOp(Ops.CONST, dtypes.weakint, arg=1, src=()),)), 1)",202,0.03465599999999999,1,ok,0.000012,0.000012;0.000012;0.000012
B,10,84,1787806939.722349,"(8, UOp(Ops.ADD, dtypes.int, arg=None, src=(
  UOp(Ops.PARAM, dtypes.int, arg=ParamArg(3, dtypes.int, vmin_vmax=(0, 511), multiple_of=1, name='start_pos', addrspace=AddrSpace.ALU, device='NV'), src=(
    UOp(Ops.STACK, dtypes.void, arg=None, src=()),)),
  UOp(Ops.CONST, dtypes.weakint, arg=1, src=()),)), 1)",203,0.03465599999999999,1,ok,0.000012,0.000012;0.000012;0.000012
B,10,85,1787806939.819704,"(2, UOp(Ops.ADD, dtypes.int, arg=None, src=(
  UOp(Ops.PARAM, dtypes.int, arg=ParamArg(3, dtypes.int, vmin_vmax=(0, 511), multiple_of=1, name='start_pos', addrspace=AddrSpace.ALU, device='NV'), src=(
    UOp(Ops.STACK, dtypes.void, arg=None, src=()),)),
  UOp(Ops.CONST, dtypes.weakint, arg=1, src=()),)), 1)",312,0.03465599999999999,1,ok,0.000013,0.000013;0.000013;0.000013
B,10,86,1787806939.869771,"(8, UOp(Ops.ADD, dtypes.int, arg=None, src=(
  UOp(Ops.PARAM, dtypes.int, arg=ParamArg(3, dtypes.int, vmin_vmax=(0, 511), multiple_of=1, name='start_pos', addrspace=AddrSpace.ALU, device='NV'), src=(
    UOp(Ops.STACK, dtypes.void, arg=None, src=()),)),
  UOp(Ops.CONST, dtypes.weakint, arg=1, src=()),)), 1)",416,0.03465599999999999,1,ok,0.000019,0.000019;0.000019;0.000019
B,10,87,1787806939.905643,"(8, UOp(Ops.ADD, dtypes.int, arg=None, src=(
  UOp(Ops.PARAM, dtypes.int, arg=ParamArg(3, dtypes.int, vmin_vmax=(0, 511), multiple_of=1, name='start_pos', addrspace=AddrSpace.ALU, device='NV'), src=(
    UOp(Ops.STACK, dtypes.void, arg=None, src=()),)),
  UOp(Ops.CONST, dtypes.weakint, arg=1, src=()),)), 1)",254,0.03465599999999999,1,ok,0.000011,0.000012;0.000011;0.000013
B,10,88,1787806939.952712,"(8, UOp(Ops.ADD, dtypes.int, arg=None, src=(
  UOp(Ops.PARAM, dtypes.int, arg=ParamArg(3, dtypes.int, vmin_vmax=(0, 511), multiple_of=1, name='start_pos', addrspace=AddrSpace.ALU, device='NV'), src=(
    UOp(Ops.STACK, dtypes.void, arg=None, src=()),)),
  UOp(Ops.CONST, dtypes.weakint, arg=1, src=()),)), 1)",202,0.03465599999999999,1,ok,0.000013,0.000013;0.000013;0.000013
B,10,89,1787806939.979677,"(8, UOp(Ops.ADD, dtypes.int, arg=None, src=(
  UOp(Ops.PARAM, dtypes.int, arg=ParamArg(3, dtypes.int, vmin_vmax=(0, 511), multiple_of=1, name='start_pos', addrspace=AddrSpace.ALU, device='NV'), src=(
    UOp(Ops.STACK, dtypes.void, arg=None, src=()),)),
  UOp(Ops.CONST, dtypes.weakint, arg=1, src=()),)), 1)",205,0.03465599999999999,1,ok,0.000011,0.000011;0.000012;0.000012
B,10,90,1787806940.008748,"(4, UOp(Ops.ADD, dtypes.int, arg=None, src=(
  UOp(Ops.PARAM, dtypes.int, arg=ParamArg(3, dtypes.int, vmin_vmax=(0, 511), multiple_of=1, name='start_pos', addrspace=AddrSpace.ALU, device='NV'), src=(
    UOp(Ops.STACK, dtypes.void, arg=None, src=()),)),
  UOp(Ops.CONST, dtypes.weakint, arg=1, src=()),)), 1)",152,0.03465599999999999,1,ok,0.000012,0.000012;0.000012;0.000012
B,10,91,1787806940.035901,"(2, UOp(Ops.ADD, dtypes.int, arg=None, src=(
  UOp(Ops.PARAM, dtypes.int, arg=ParamArg(3, dtypes.int, vmin_vmax=(0, 511), multiple_of=1, name='start_pos', addrspace=AddrSpace.ALU, device='NV'), src=(
    UOp(Ops.STACK, dtypes.void, arg=None, src=()),)),
  UOp(Ops.CONST, dtypes.weakint, arg=1, src=()),)), 1)",152,0.03465599999999999,1,ok,0.000012,0.000012;0.000012;0.000012
B,10,92,1787806940.094993,"(8, UOp(Ops.ADD, dtypes.int, arg=None, src=(
  UOp(Ops.PARAM, dtypes.int, arg=ParamArg(3, dtypes.int, vmin_vmax=(0, 511), multiple_of=1, name='start_pos', addrspace=AddrSpace.ALU, device='NV'), src=(
    UOp(Ops.STACK, dtypes.void, arg=None, src=()),)),
  UOp(Ops.CONST, dtypes.weakint, arg=1, src=()),)), 1)",131,0.03465599999999999,1,ok,0.000033,0.000034;0.000034;0.000033
B,10,93,1787806940.156094,"(8, UOp(Ops.ADD, dtypes.int, arg=None, src=(
  UOp(Ops.PARAM, dtypes.int, arg=ParamArg(3, dtypes.int, vmin_vmax=(0, 511), multiple_of=1, name='start_pos', addrspace=AddrSpace.ALU, device='NV'), src=(
    UOp(Ops.STACK, dtypes.void, arg=None, src=()),)),
  UOp(Ops.CONST, dtypes.weakint, arg=1, src=()),)), 1)",150,0.03465599999999999,1,ok,0.000015,0.000015;0.000015;0.000015
B,10,94,1787806940.506520,"(8, UOp(Ops.ADD, dtypes.int, arg=None, src=(
  UOp(Ops.PARAM, dtypes.int, arg=ParamArg(3, dtypes.int, vmin_vmax=(0, 511), multiple_of=1, name='start_pos', addrspace=AddrSpace.ALU, device='NV'), src=(
    UOp(Ops.STACK, dtypes.void, arg=None, src=()),)),
  UOp(Ops.CONST, dtypes.weakint, arg=1, src=()),)), 1)",801,0.034272,1,ok,0.000013,0.000014;0.000013;0.000014
B,10,95,1787806940.899973,"(UOp(Ops.ADD, dtypes.int, arg=None, src=(
  UOp(Ops.PARAM, dtypes.int, arg=ParamArg(3, dtypes.int, vmin_vmax=(0, 511), multiple_of=1, name='start_pos', addrspace=AddrSpace.ALU, device='NV'), src=(
    UOp(Ops.STACK, dtypes.void, arg=None, src=()),)),
  UOp(Ops.CONST, dtypes.weakint, arg=1, src=()),)), 1, 1)",1541,0.034272,1,ok,0.000013,0.000013;0.000013;0.000013
B,10,96,1787806940.950856,"(4, UOp(Ops.ADD, dtypes.int, arg=None, src=(
  UOp(Ops.PARAM, dtypes.int, arg=ParamArg(3, dtypes.int, vmin_vmax=(0, 511), multiple_of=1, name='start_pos', addrspace=AddrSpace.ALU, device='NV'), src=(
    UOp(Ops.STACK, dtypes.void, arg=None, src=()),)),
  UOp(Ops.CONST, dtypes.weakint, arg=1, src=()),)), 1)",448,0.034272,1,ok,0.000011,0.000012;0.000011;0.000012
B,10,97,1787806941.046451,"(8, UOp(Ops.ADD, dtypes.int, arg=None, src=(
  UOp(Ops.PARAM, dtypes.int, arg=ParamArg(3, dtypes.int, vmin_vmax=(0, 511), multiple_of=1, name='start_pos', addrspace=AddrSpace.ALU, device='NV'), src=(
    UOp(Ops.STACK, dtypes.void, arg=None, src=()),)),
  UOp(Ops.CONST, dtypes.weakint, arg=1, src=()),)), 1)",445,0.034272,1,ok,0.000012,0.000012;0.000012;0.000012
B,10,98,1787806941.243776,"(2, UOp(Ops.ADD, dtypes.int, arg=None, src=(
  UOp(Ops.PARAM, dtypes.int, arg=ParamArg(3, dtypes.int, vmin_vmax=(0, 511), multiple_of=1, name='start_pos', addrspace=AddrSpace.ALU, device='NV'), src=(
    UOp(Ops.STACK, dtypes.void, arg=None, src=()),)),
  UOp(Ops.CONST, dtypes.weakint, arg=1, src=()),)), 1)",818,0.034272,1,ok,0.000013,0.000013;0.000013;0.000014
B,10,99,1787806941.509658,"(8, UOp(Ops.ADD, dtypes.int, arg=None, src=(
  UOp(Ops.PARAM, dtypes.int, arg=ParamArg(3, dtypes.int, vmin_vmax=(0, 511), multiple_of=1, name='start_pos', addrspace=AddrSpace.ALU, device='NV'), src=(
    UOp(Ops.STACK, dtypes.void, arg=None, src=()),)),
  UOp(Ops.CONST, dtypes.weakint, arg=1, src=()),)), 1)",740,0.034272,1,ok,0.000013,0.000013;0.000013;0.000013
B,10,100,1787806941.597357,"(4, UOp(Ops.ADD, dtypes.int, arg=None, src=(
  UOp(Ops.PARAM, dtypes.int, arg=ParamArg(3, dtypes.int, vmin_vmax=(0, 511), multiple_of=1, name='start_pos', addrspace=AddrSpace.ALU, device='NV'), src=(
    UOp(Ops.STACK, dtypes.void, arg=None, src=()),)),
  UOp(Ops.CONST, dtypes.weakint, arg=1, src=()),)), 1)",270,0.034272,1,ok,0.000012,0.000012;0.000012;0.000012
B,10,101,1787806941.688467,"(2, UOp(Ops.ADD, dtypes.int, arg=None, src=(
  UOp(Ops.PARAM, dtypes.int, arg=ParamArg(3, dtypes.int, vmin_vmax=(0, 511), multiple_of=1, name='start_pos', addrspace=AddrSpace.ALU, device='NV'), src=(
    UOp(Ops.STACK, dtypes.void, arg=None, src=()),)),
  UOp(Ops.CONST, dtypes.weakint, arg=1, src=()),)), 1)",268,0.034272,1,ok,0.000012,0.000012;0.000013;0.000013
B,10,102,1787806941.774340,"(UOp(Ops.ADD, dtypes.int, arg=None, src=(
  UOp(Ops.PARAM, dtypes.int, arg=ParamArg(3, dtypes.int, vmin_vmax=(0, 511), multiple_of=1, name='start_pos', addrspace=AddrSpace.ALU, device='NV'), src=(
    UOp(Ops.STACK, dtypes.void, arg=None, src=()),)),
  UOp(Ops.CONST, dtypes.weakint, arg=1, src=()),)), 1, 1)",250,0.034272,1,ok,0.000012,0.000013;0.000012;0.000013
B,10,103,1787806941.831080,"(8, UOp(Ops.ADD, dtypes.int, arg=None, src=(
  UOp(Ops.PARAM, dtypes.int, arg=ParamArg(3, dtypes.int, vmin_vmax=(0, 511), multiple_of=1, name='start_pos', addrspace=AddrSpace.ALU, device='NV'), src=(
    UOp(Ops.STACK, dtypes.void, arg=None, src=()),)),
  UOp(Ops.CONST, dtypes.weakint, arg=1, src=()),)), 1)",2445,0.034272,1,ok,0.000017,0.000017;0.000019;0.000017
B,10,104,1787806942.053374,"(8, UOp(Ops.ADD, dtypes.int, arg=None, src=(
  UOp(Ops.PARAM, dtypes.int, arg=ParamArg(3, dtypes.int, vmin_vmax=(0, 511), multiple_of=1, name='start_pos', addrspace=AddrSpace.ALU, device='NV'), src=(
    UOp(Ops.STACK, dtypes.void, arg=None, src=()),)),
  UOp(Ops.CONST, dtypes.weakint, arg=1, src=()),)), 1)",573,0.034272,1,ok,0.000014,0.000014;0.000014;0.000014
B,10,105,1787806942.186319,"(4, UOp(Ops.ADD, dtypes.int, arg=None, src=(
  UOp(Ops.PARAM, dtypes.int, arg=ParamArg(3, dtypes.int, vmin_vmax=(0, 511), multiple_of=1, name='start_pos', addrspace=AddrSpace.ALU, device='NV'), src=(
    UOp(Ops.STACK, dtypes.void, arg=None, src=()),)),
  UOp(Ops.CONST, dtypes.weakint, arg=1, src=()),)), 1)",338,0.034272,1,ok,0.000012,0.000012;0.000012;0.000012
B,10,106,1787806942.225183,"(UOp(Ops.ADD, dtypes.int, arg=None, src=(
  UOp(Ops.PARAM, dtypes.int, arg=ParamArg(3, dtypes.int, vmin_vmax=(0, 511), multiple_of=1, name='start_pos', addrspace=AddrSpace.ALU, device='NV'), src=(
    UOp(Ops.STACK, dtypes.void, arg=None, src=()),)),
  UOp(Ops.CONST, dtypes.weakint, arg=1, src=()),)), 1, 1)",1069,0.034272,1,ok,0.000013,0.000013;0.000013;0.000013
B,10,107,1787806942.327797,"(8, UOp(Ops.ADD, dtypes.int, arg=None, src=(
  UOp(Ops.PARAM, dtypes.int, arg=ParamArg(3, dtypes.int, vmin_vmax=(0, 511), multiple_of=1, name='start_pos', addrspace=AddrSpace.ALU, device='NV'), src=(
    UOp(Ops.STACK, dtypes.void, arg=None, src=()),)),
  UOp(Ops.CONST, dtypes.weakint, arg=1, src=()),)), 1)",337,0.034272,1,ok,0.000012,0.000012;0.000013;0.000012
B,10,108,1787806942.444318,"(2, UOp(Ops.ADD, dtypes.int, arg=None, src=(
  UOp(Ops.PARAM, dtypes.int, arg=ParamArg(3, dtypes.int, vmin_vmax=(0, 511), multiple_of=1, name='start_pos', addrspace=AddrSpace.ALU, device='NV'), src=(
    UOp(Ops.STACK, dtypes.void, arg=None, src=()),)),
  UOp(Ops.CONST, dtypes.weakint, arg=1, src=()),)), 1)",586,0.034272,1,ok,0.000012,0.000012;0.000012;0.000012
B,10,109,1787806942.686887,"(8, UOp(Ops.ADD, dtypes.int, arg=None, src=(
  UOp(Ops.PARAM, dtypes.int, arg=ParamArg(3, dtypes.int, vmin_vmax=(0, 511), multiple_of=1, name='start_pos', addrspace=AddrSpace.ALU, device='NV'), src=(
    UOp(Ops.STACK, dtypes.void, arg=None, src=()),)),
  UOp(Ops.CONST, dtypes.weakint, arg=1, src=()),)), 1)",465,0.034272,1,ok,0.000013,0.000013;0.000013;0.000013
B,10,110,1787806942.765121,"(4, UOp(Ops.ADD, dtypes.int, arg=None, src=(
  UOp(Ops.PARAM, dtypes.int, arg=ParamArg(3, dtypes.int, vmin_vmax=(0, 511), multiple_of=1, name='start_pos', addrspace=AddrSpace.ALU, device='NV'), src=(
    UOp(Ops.STACK, dtypes.void, arg=None, src=()),)),
  UOp(Ops.CONST, dtypes.weakint, arg=1, src=()),)), 1)",217,0.034272,1,ok,0.000012,0.000012;0.000012;0.000012
B,10,111,1787806942.843525,"(2, UOp(Ops.ADD, dtypes.int, arg=None, src=(
  UOp(Ops.PARAM, dtypes.int, arg=ParamArg(3, dtypes.int, vmin_vmax=(0, 511), multiple_of=1, name='start_pos', addrspace=AddrSpace.ALU, device='NV'), src=(
    UOp(Ops.STACK, dtypes.void, arg=None, src=()),)),
  UOp(Ops.CONST, dtypes.weakint, arg=1, src=()),)), 1)",215,0.034272,1,ok,0.000012,0.000012;0.000013;0.000013
B,10,112,1787806942.917491,"(UOp(Ops.ADD, dtypes.int, arg=None, src=(
  UOp(Ops.PARAM, dtypes.int, arg=ParamArg(3, dtypes.int, vmin_vmax=(0, 511), multiple_of=1, name='start_pos', addrspace=AddrSpace.ALU, device='NV'), src=(
    UOp(Ops.STACK, dtypes.void, arg=None, src=()),)),
  UOp(Ops.CONST, dtypes.weakint, arg=1, src=()),)), 1, 1)",199,0.034272,1,ok,0.000013,0.000013;0.000013;0.000013
B,10,113,1787806942.937331,"(8, UOp(Ops.ADD, dtypes.int, arg=None, src=(
  UOp(Ops.PARAM, dtypes.int, arg=ParamArg(3, dtypes.int, vmin_vmax=(0, 511), multiple_of=1, name='start_pos', addrspace=AddrSpace.ALU, device='NV'), src=(
    UOp(Ops.STACK, dtypes.void, arg=None, src=()),)),
  UOp(Ops.CONST, dtypes.weakint, arg=1, src=()),)), 1)",1456,0.034272,1,ok,0.000019,0.000019;0.000019;0.000019
B,10,114,1787806942.992645,"(8, UOp(Ops.ADD, dtypes.int, arg=None, src=(
  UOp(Ops.PARAM, dtypes.int, arg=ParamArg(3, dtypes.int, vmin_vmax=(0, 511), multiple_of=1, name='start_pos', addrspace=AddrSpace.ALU, device='NV'), src=(
    UOp(Ops.STACK, dtypes.void, arg=None, src=()),)),
  UOp(Ops.CONST, dtypes.weakint, arg=1, src=()),)), 1)",201,0.034272,1,ok,0.000013,0.000013;0.000013;0.000013
B,11,1,1787806943.104815,"(16, 1, 1)",61,inf,1,ok,0.000014,0.000014;0.000014;0.000015
B,11,2,1787806943.111010,"(8, 1, 1)",93,inf,1,ok,0.000019,0.000020;0.000019;0.000020
B,11,3,1787806943.117082,"(16, 1, 1)",50,inf,1,ok,0.000013,0.000014;0.000014;0.000013
B,11,4,1787806943.122427,"(8, 1, 1)",52,inf,1,ok,0.000015,0.000015;0.000015;0.000015
B,11,5,1787806943.128183,"(4, 1, 1)",52,inf,1,ok,0.000014,0.000014;0.000014;0.000014
B,11,6,1787806943.133877,"(2, 1, 1)",52,inf,1,ok,0.000015,0.000015;0.000015;0.000015
B,11,7,1787806943.139218,"(1, 1, 1)",39,inf,1,ok,0.000018,0.000018;0.000018;0.000018
B,11,8,1787806943.207766,"(1, 1, 1)",338,0.040416,1,ok,0.000038,0.000039;0.000038;0.000040
B,11,9,1787806943.359121,"(8, 1, 1)",69,0.040416,1,ok,0.000014,0.000014;0.000015;0.000014
B,11,10,1787806943.375076,"(4, 1, 1)",107,0.040416,1,ok,0.000020,0.000020;0.000020;0.000020
B,11,11,1787806943.386017,"(8, 1, 1)",57,0.040416,1,ok,0.000014,0.000014;0.000014;0.000015
B,11,12,1787806943.394765,"(4, 1, 1)",59,0.040416,1,ok,0.000014,0.000014;0.000015;0.000015
B,11,13,1787806943.404058,"(2, 1, 1)",59,0.040416,1,ok,0.000015,0.000016;0.000016;0.000015
B,11,14,1787806943.462894,"(1, 1, 1)",50,0.040416,1,ok,0.000018,0.000018;0.000018;0.000018
B,11,15,1787806943.521493,"(4, 1, 1)",159,0.040416,1,ok,0.000023,0.000023;0.000024;0.000023
B,11,16,1787806943.614118,"(1, 1, 1)",551,0.040416,1,ok,0.000055,0.000055
B,11,17,1787806943.619862,"(4, 1, 1)",70,0.040416,1,ok,0.000015,0.000016;0.000015;0.000016
B,11,18,1787806943.653905,"(2, 1, 1)",70,0.040416,1,ok,0.000015,0.000016;0.000015;0.000016
B,11,19,1787806943.685769,"(1, 1, 1)",61,0.040416,1,ok,0.000018,0.000018;0.000019;0.000018
B,11,20,1787806943.710519,"(8, 1, 1)",68,0.040416,1,ok,0.000015,0.000015;0.000015;0.000015
B,12,1,1787806943.746865,"(16, 1, 1)",72,inf,1,ok,0.000020,0.000020;0.000021;0.000020
B,12,2,1787806943.753738,"(8, 1, 1)",110,inf,1,ok,0.000025,0.000025;0.000025;0.000025
B,12,3,1787806943.759362,"(16, 1, 1)",57,inf,1,ok,0.000014,0.000015;0.000014;0.000015
B,12,4,1787806943.764778,"(8, 1, 1)",59,inf,1,ok,0.000015,0.000015;0.000015;0.000015
B,12,5,1787806943.769628,"(4, 1, 1)",59,inf,1,ok,0.000015,0.000015;0.000015;0.000015
B,12,6,1787806943.774644,"(2, 1, 1)",59,inf,1,ok,0.000016,0.000017;0.000017;0.000016
B,12,7,1787806943.779355,"(1, 1, 1)",46,inf,1,ok,0.000019,0.000019;0.000019;0.000019
B,12,8,1787806943.826753,"(8, 1, 1)",80,0.043488,1,ok,0.000021,0.000021;0.000021;0.000021
B,12,9,1787806943.846479,"(4, 1, 1)",126,0.043488,1,ok,0.000025,0.000026;0.000025;0.000025
B,12,10,1787806943.861016,"(1, 1, 1)",405,0.043488,1,ok,0.000056,0.000056
B,12,11,1787806943.866438,"(8, 1, 1)",64,0.043488,1,ok,0.000015,0.000015;0.000015;0.000015
B,12,12,1787806943.880574,"(4, 1, 1)",66,0.043488,1,ok,0.000015,0.000015;0.000016;0.000015
B,12,13,1787806943.887438,"(2, 1, 1)",66,0.043488,1,ok,0.000016,0.000016;0.000016;0.000016
B,12,14,1787806943.895200,"(1, 1, 1)",57,0.043488,1,ok,0.000018,0.000018;0.000019;0.000019
B,12,15,1787806943.940168,"(1, 1, 1)",123,0.043488,1,ok,0.000030,0.000031;0.000030;0.000031
B,12,16,1787806943.997412,"(4, 1, 1)",190,0.043488,1,ok,0.000034,0.000034;0.000035;0.000035
B,12,17,1787806944.032238,"(4, 1, 1)",81,0.043488,1,ok,0.000021,0.000021;0.000022;0.000021
B,12,18,1787806944.078905,"(4, 1, 1)",115,0.043488,1,ok,0.000024,0.000025;0.000024;0.000025
B,12,19,1787806944.273426,"(2, 1, 1)",82,0.043488,1,ok,0.000023,0.000024;0.000023;0.000024
B,12,20,1787806944.304948,"(1, 1, 1)",59,0.043488,1,ok,0.000018,0.000018;0.000019;0.000019
B,12,21,1787806944.491478,"(2, 1, 1)",68,0.043488,1,ok,0.000016,0.000017;0.000016;0.000017
B,13,1,1787806944.554011,"(UOp(Ops.ADD, dtypes.int, arg=None, src=(
  UOp(Ops.PARAM, dtypes.int, arg=ParamArg(4, dtypes.int, vmin_vmax=(0, 511), multiple_of=1, name='start_pos', addrspace=AddrSpace.ALU, device='NV'), src=(
    UOp(Ops.STACK, dtypes.void, arg=None, src=()),)),
  UOp(Ops.CONST, dtypes.weakint, arg=1, src=()),)), 16, 1)",59,inf,1,ok,0.000012,0.000013;0.000013;0.000012
B,13,2,1787806944.561678,"(UOp(Ops.ADD, dtypes.int, arg=None, src=(
  UOp(Ops.PARAM, dtypes.int, arg=ParamArg(4, dtypes.int, vmin_vmax=(0, 511), multiple_of=1, name='start_pos', addrspace=AddrSpace.ALU, device='NV'), src=(
    UOp(Ops.STACK, dtypes.void, arg=None, src=()),)),
  UOp(Ops.CONST, dtypes.weakint, arg=1, src=()),)), 8, 1)",91,inf,1,ok,0.000011,0.000011;0.000011;0.000012
B,13,3,1787806944.567686,"(UOp(Ops.ADD, dtypes.int, arg=None, src=(
  UOp(Ops.PARAM, dtypes.int, arg=ParamArg(4, dtypes.int, vmin_vmax=(0, 511), multiple_of=1, name='start_pos', addrspace=AddrSpace.ALU, device='NV'), src=(
    UOp(Ops.STACK, dtypes.void, arg=None, src=()),)),
  UOp(Ops.CONST, dtypes.weakint, arg=1, src=()),)), 16, 1)",46,inf,1,ok,0.000012,0.000013;0.000012;0.000012
B,13,4,1787806944.573769,"(UOp(Ops.ADD, dtypes.int, arg=None, src=(
  UOp(Ops.PARAM, dtypes.int, arg=ParamArg(4, dtypes.int, vmin_vmax=(0, 511), multiple_of=1, name='start_pos', addrspace=AddrSpace.ALU, device='NV'), src=(
    UOp(Ops.STACK, dtypes.void, arg=None, src=()),)),
  UOp(Ops.CONST, dtypes.weakint, arg=1, src=()),)), 8, 1)",48,inf,1,ok,0.000011,0.000011;0.000011;0.000011
B,13,5,1787806944.579759,"(UOp(Ops.ADD, dtypes.int, arg=None, src=(
  UOp(Ops.PARAM, dtypes.int, arg=ParamArg(4, dtypes.int, vmin_vmax=(0, 511), multiple_of=1, name='start_pos', addrspace=AddrSpace.ALU, device='NV'), src=(
    UOp(Ops.STACK, dtypes.void, arg=None, src=()),)),
  UOp(Ops.CONST, dtypes.weakint, arg=1, src=()),)), 4, 1)",48,inf,1,ok,0.000011,0.000011;0.000011;0.000011
B,13,6,1787806944.585317,"(UOp(Ops.ADD, dtypes.int, arg=None, src=(
  UOp(Ops.PARAM, dtypes.int, arg=ParamArg(4, dtypes.int, vmin_vmax=(0, 511), multiple_of=1, name='start_pos', addrspace=AddrSpace.ALU, device='NV'), src=(
    UOp(Ops.STACK, dtypes.void, arg=None, src=()),)),
  UOp(Ops.CONST, dtypes.weakint, arg=1, src=()),)), 2, 1)",48,inf,1,ok,0.000011,0.000011;0.000011;0.000011
B,13,7,1787806944.590773,"(UOp(Ops.ADD, dtypes.int, arg=None, src=(
  UOp(Ops.PARAM, dtypes.int, arg=ParamArg(4, dtypes.int, vmin_vmax=(0, 511), multiple_of=1, name='start_pos', addrspace=AddrSpace.ALU, device='NV'), src=(
    UOp(Ops.STACK, dtypes.void, arg=None, src=()),)),
  UOp(Ops.CONST, dtypes.weakint, arg=1, src=()),)), 1, 1)",35,inf,1,ok,0.000010,0.000010;0.000011;0.000011
B,13,8,1787806944.596595,"(32, UOp(Ops.ADD, dtypes.int, arg=None, src=(
  UOp(Ops.PARAM, dtypes.int, arg=ParamArg(4, dtypes.int, vmin_vmax=(0, 511), multiple_of=1, name='start_pos', addrspace=AddrSpace.ALU, device='NV'), src=(
    UOp(Ops.STACK, dtypes.void, arg=None, src=()),)),
  UOp(Ops.CONST, dtypes.weakint, arg=1, src=()),)), 1)",40,inf,1,ok,0.000016,0.000016;0.000016;0.000016
B,13,9,1787806944.626101,"(UOp(Ops.ADD, dtypes.int, arg=None, src=(
  UOp(Ops.PARAM, dtypes.int, arg=ParamArg(4, dtypes.int, vmin_vmax=(0, 511), multiple_of=1, name='start_pos', addrspace=AddrSpace.ALU, device='NV'), src=(
    UOp(Ops.STACK, dtypes.void, arg=None, src=()),)),
  UOp(Ops.CONST, dtypes.weakint, arg=1, src=()),)), 1, 1)",59,0.0312,1,ok,0.000010,0.000011;0.000010;0.000011
B,13,10,1787806944.633376,"(UOp(Ops.ADD, dtypes.int, arg=None, src=(
  UOp(Ops.PARAM, dtypes.int, arg=ParamArg(4, dtypes.int, vmin_vmax=(0, 511), multiple_of=1, name='start_pos', addrspace=AddrSpace.ALU, device='NV'), src=(
    UOp(Ops.STACK, dtypes.void, arg=None, src=()),)),
  UOp(Ops.CONST, dtypes.weakint, arg=1, src=()),)), 1, 1)",91,0.0312,1,ok,0.000011,0.000011;0.000011;0.000011
B,13,11,1787806944.639827,"(UOp(Ops.ADD, dtypes.int, arg=None, src=(
  UOp(Ops.PARAM, dtypes.int, arg=ParamArg(4, dtypes.int, vmin_vmax=(0, 511), multiple_of=1, name='start_pos', addrspace=AddrSpace.ALU, device='NV'), src=(
    UOp(Ops.STACK, dtypes.void, arg=None, src=()),)),
  UOp(Ops.CONST, dtypes.weakint, arg=1, src=()),)), 1, 1)",55,0.0312,1,ok,0.000011,0.000011;0.000011;0.000011
B,13,12,1787806944.652937,"(UOp(Ops.ADD, dtypes.int, arg=None, src=(
  UOp(Ops.PARAM, dtypes.int, arg=ParamArg(4, dtypes.int, vmin_vmax=(0, 511), multiple_of=1, name='start_pos', addrspace=AddrSpace.ALU, device='NV'), src=(
    UOp(Ops.STACK, dtypes.void, arg=None, src=()),)),
  UOp(Ops.CONST, dtypes.weakint, arg=1, src=()),)), 2, 1)",68,0.0312,1,ok,0.000010,0.000011;0.000010;0.000011
B,13,13,1787806944.674987,"(UOp(Ops.ADD, dtypes.int, arg=None, src=(
  UOp(Ops.PARAM, dtypes.int, arg=ParamArg(4, dtypes.int, vmin_vmax=(0, 511), multiple_of=1, name='start_pos', addrspace=AddrSpace.ALU, device='NV'), src=(
    UOp(Ops.STACK, dtypes.void, arg=None, src=()),)),
  UOp(Ops.CONST, dtypes.weakint, arg=1, src=()),)), 2, 1)",96,0.0312,1,ok,0.000011,0.000011;0.000012;0.000011
B,13,14,1787806944.682063,"(UOp(Ops.ADD, dtypes.int, arg=None, src=(
  UOp(Ops.PARAM, dtypes.int, arg=ParamArg(4, dtypes.int, vmin_vmax=(0, 511), multiple_of=1, name='start_pos', addrspace=AddrSpace.ALU, device='NV'), src=(
    UOp(Ops.STACK, dtypes.void, arg=None, src=()),)),
  UOp(Ops.CONST, dtypes.weakint, arg=1, src=()),)), 1, 1)",48,0.0312,1,ok,0.000011,0.000011;0.000011;0.000011
B,13,15,1787806944.695280,"(UOp(Ops.ADD, dtypes.int, arg=None, src=(
  UOp(Ops.PARAM, dtypes.int, arg=ParamArg(4, dtypes.int, vmin_vmax=(0, 511), multiple_of=1, name='start_pos', addrspace=AddrSpace.ALU, device='NV'), src=(
    UOp(Ops.STACK, dtypes.void, arg=None, src=()),)),
  UOp(Ops.CONST, dtypes.weakint, arg=1, src=()),)), 2, 1)",276,0.0312,1,ok,0.000012,0.000012;0.000012;0.000013
B,13,16,1787806944.703003,"(2, UOp(Ops.ADD, dtypes.int, arg=None, src=(
  UOp(Ops.PARAM, dtypes.int, arg=ParamArg(4, dtypes.int, vmin_vmax=(0, 511), multiple_of=1, name='start_pos', addrspace=AddrSpace.ALU, device='NV'), src=(
    UOp(Ops.STACK, dtypes.void, arg=None, src=()),)),
  UOp(Ops.CONST, dtypes.weakint, arg=1, src=()),)), 1)",54,0.0312,1,ok,0.000010,0.000011;0.000011;0.000010
B,14,1,1787806944.744067,"(128, 16, 1)",85,inf,1,ok,0.000036,0.000036;0.000037;0.000036
B,14,2,1787806944.749755,"(64, 32, 1)",82,inf,1,ok,0.000034,0.000034;0.000035;0.000035
B,14,3,1787806944.761684,"(128, 8, 1)",128,inf,1,ok,0.000037,0.000037;0.000037;0.000037
B,14,4,1787806944.767669,"(32, 32, 1)",106,inf,1,ok,0.000024,0.000024;0.000024;0.000024
B,14,5,1787806944.773625,"(128, 16, 1)",73,inf,1,ok,0.000033,0.000033;0.000034;0.000034
B,14,6,1787806944.778869,"(64, 32, 1)",69,inf,1,ok,0.000033,0.000033;0.000034;0.000035
B,14,7,1787806944.784501,"(32, 32, 1)",69,inf,1,ok,0.000022,0.000023;0.000022;0.000022
B,14,8,1787806944.790376,"(128, 8, 1)",72,inf,1,ok,0.000023,0.000023;0.000023;0.000024
B,14,9,1787806944.796468,"(128, 4, 1)",81,inf,1,ok,0.000024,0.000024;0.000024;0.000024
B,14,10,1787806944.807194,"(16, 32, 1)",71,inf,1,ok,0.000022,0.000022;0.000022;0.000022
B,14,11,1787806944.820768,"(128, 2, 1)",77,inf,1,ok,0.000026,0.000026;0.000026;0.000027
B,14,12,1787806944.830796,"(8, 32, 1)",71,inf,1,ok,0.000022,0.000022;0.000022;0.000022
B,14,13,1787806944.841125,"(128, 1, 1)",66,inf,1,ok,0.000028,0.000028;0.000029;0.000028
B,14,14,1787806944.970273,"(32, 128, 1)",66,inf,1,ok,0.000054,0.000054;0.000054;0.000055
B,14,15,1787806945.038752,"(16, 32, 1)",165,0.06451200000000001,1,ok,0.000027,0.000027;0.000027;0.000027
B,14,16,1787806945.057239,"(16, 16, 1)",90,0.06451200000000001,1,ok,0.000016,0.000017;0.000016;0.000017
B,14,17,1787806945.072835,"(8, 32, 1)",91,0.06451200000000001,1,ok,0.000022,0.000023;0.000022;0.000023
B,14,18,1787806945.089227,"(16, 32, 1)",87,0.06451200000000001,1,ok,0.000022,0.000022;0.000022;0.000023
B,14,19,1787806945.109333,"(16, 8, 1)",131,0.06451200000000001,1,ok,0.000022,0.000023;0.000023;0.000022
B,14,20,1787806945.119571,"(32, 1, 1)",382,0.06451200000000001,1,ok,0.000066,0.000066
B,14,21,1787806945.129431,"(4, 32, 1)",133,0.06451200000000001,1,ok,0.000024,0.000024;0.000024;0.000024
B,14,22,1787806945.141082,"(16, 16, 1)",76,0.06451200000000001,1,ok,0.000022,0.000022;0.000022;0.000022
B,14,23,1787806945.148594,"(16, 32, 1)",109,0.06451200000000001,1,ok,0.000023,0.000023;0.000024;0.000024
B,14,24,1787806945.155354,"(8, 32, 1)",76,0.06451200000000001,1,ok,0.000022,0.000022;0.000022;0.000022
B,14,25,1787806945.162041,"(16, 8, 1)",75,0.06451200000000001,1,ok,0.000021,0.000022;0.000021;0.000022
B,14,26,1787806945.167858,"(4, 32, 1)",78,0.06451200000000001,1,ok,0.000021,0.000021;0.000022;0.000022
B,14,27,1787806945.173657,"(16, 4, 1)",84,0.06451200000000001,1,ok,0.000021,0.000021;0.000021;0.000022
B,14,28,1787806945.179370,"(2, 32, 1)",76,0.06451200000000001,1,ok,0.000021,0.000022;0.000021;0.000022
B,14,29,1787806945.187213,"(32, 1, 1)",71,0.06451200000000001,1,ok,0.000021,0.000021;0.000021;0.000022
B,14,30,1787806945.192972,"(16, 2, 1)",82,0.06451200000000001,1,ok,0.000022,0.000022;0.000022;0.000022
B,14,31,1787806945.198649,"(32, 16, 1)",71,0.06451200000000001,1,ok,0.000022,0.000022;0.000022;0.000022
B,14,32,1787806945.204040,"(16, 1, 1)",71,0.06451200000000001,1,ok,0.000022,0.000022;0.000023;0.000022
B,14,33,1787806945.245004,"(32, 16, 1)",92,0.06451200000000001,1,ok,0.000017,0.000018;0.000017;0.000017
B,14,34,1787806945.287645,"(32, 32, 1)",83,0.06451200000000001,1,ok,0.000023,0.000023;0.000023;0.000023
B,14,35,1787806945.323820,"(16, 32, 1)",91,0.06451200000000001,1,ok,0.000022,0.000023;0.000023;0.000022
B,14,36,1787806945.333563,"(32, 8, 1)",133,0.06451200000000001,1,ok,0.000023,0.000024;0.000023;0.000024
B,14,37,1787806945.379668,"(8, 32, 1)",131,0.06451200000000001,1,ok,0.000025,0.000025;0.000025;0.000025
B,14,38,1787806945.416860,"(32, 16, 1)",78,0.06451200000000001,1,ok,0.000022,0.000022;0.000022;0.000023
B,14,39,1787806945.453429,"(16, 32, 1)",74,0.06451200000000001,1,ok,0.000022,0.000022;0.000022;0.000022
B,14,40,1787806945.491300,"(8, 32, 1)",74,0.06451200000000001,1,ok,0.000022,0.000022;0.000022;0.000022
B,14,41,1787806945.529906,"(32, 4, 1)",84,0.06451200000000001,1,ok,0.000022,0.000022;0.000023;0.000022
B,14,42,1787806945.565776,"(4, 32, 1)",76,0.06451200000000001,1,ok,0.000022,0.000022;0.000022;0.000022
B,14,43,1787806945.603445,"(32, 2, 1)",82,0.06451200000000001,1,ok,0.000022,0.000022;0.000022;0.000023
B,14,44,1787806945.639305,"(2, 32, 1)",74,0.06451200000000001,1,ok,0.000021,0.000022;0.000021;0.000022
B,14,45,1787806945.758211,"(32, 8, 1)",77,0.06451200000000001,1,ok,0.000022,0.000022;0.000022;0.000022
B,14,46,1787806945.794696,"(32, 1, 1)",69,0.06451200000000001,1,ok,0.000023,0.000023;0.000023;0.000023
B,14,47,1787806946.048912,"(32, 32, 1)",69,0.06451200000000001,1,ok,0.000022,0.000022;0.000022;0.000023
B,14,48,1787806946.189424,"(16, 1, 1)",639,0.04704,1,ok,0.000070,0.000070
B,14,49,1787806946.204426,"(16, 1, 1)",728,0.04704,1,ok,0.000065,0.000065
B,14,50,1787806946.236657,"(16, 16, 1)",264,0.04704,1,ok,0.000036,0.000036;0.000036;0.000037
B,14,51,1787806946.250414,"(8, 16, 1)",124,0.04704,1,ok,0.000023,0.000024;0.000023;0.000023
B,14,52,1787806946.258036,"(16, 16, 1)",116,0.04704,1,ok,0.000022,0.000022;0.000023;0.000023
B,14,53,1787806946.289571,"(16, 4, 1)",217,0.04704,1,ok,0.000034,0.000034;0.000034;0.000034
B,14,54,1787806946.296421,"(4, 16, 1)",194,0.04704,1,ok,0.000025,0.000026;0.000026;0.000025
B,14,55,1787806946.307277,"(16, 8, 1)",98,0.04704,1,ok,0.000015,0.000015;0.000015;0.000016
B,14,56,1787806946.321310,"(16, 16, 1)",160,0.04704,1,ok,0.000023,0.000024;0.000024;0.000023
B,14,57,1787806946.327590,"(8, 16, 1)",95,0.04704,1,ok,0.000015,0.000015;0.000015;0.000015
B,14,58,1787806946.335959,"(4, 16, 1)",97,0.04704,1,ok,0.000015,0.000015;0.000015;0.000015
B,14,59,1787806946.341115,"(16, 4, 1)",103,0.04704,1,ok,0.000016,0.000017;0.000017;0.000016
B,14,60,1787806946.351388,"(2, 16, 1)",95,0.04704,1,ok,0.000016,0.000016;0.000017;0.000017
B,14,61,1787806946.356602,"(16, 2, 1)",103,0.04704,1,ok,0.000018,0.000018;0.000018;0.000018
B,14,62,1787806946.365681,"(16, 1, 1)",90,0.04704,1,ok,0.000020,0.000020;0.000020;0.000020
B,14,63,1787806946.371203,"(16, 1, 1)",90,0.04704,1,ok,0.000020,0.000020;0.000020;0.000020
B,14,64,1787806946.379634,"(16, 16, 1)",90,0.04704,1,ok,0.000016,0.000016;0.000016;0.000017
B,14,65,1787806946.438492,"(32, 16, 1)",159,0.04704,1,ok,0.000026,0.000026;0.000026;0.000026
B,14,66,1787806946.506578,"(16, 16, 1)",124,0.04704,1,ok,0.000024,0.000024;0.000024;0.000024
B,14,67,1787806946.519632,"(32, 1, 1)",728,0.04704,1,ok,0.000065,0.000065
B,14,68,1787806946.556972,"(32, 16, 1)",118,0.04704,1,ok,0.000024,0.000024;0.000024;0.000024
B,14,69,1787806946.572688,"(32, 4, 1)",217,0.04704,1,ok,0.000034,0.000034;0.000034;0.000034
B,14,70,1787806946.614510,"(32, 8, 1)",100,0.04704,1,ok,0.000016,0.000017;0.000016;0.000016
B,14,71,1787806946.622947,"(8, 16, 1)",194,0.04704,1,ok,0.000025,0.000025;0.000026;0.000025
B,14,72,1787806946.663512,"(16, 16, 1)",95,0.04704,1,ok,0.000016,0.000017;0.000016;0.000017
B,14,73,1787806946.709518,"(32, 4, 1)",103,0.04704,1,ok,0.000016,0.000016;0.000016;0.000016
B,14,74,1787806946.754016,"(8, 16, 1)",93,0.04704,1,ok,0.000015,0.000016;0.000015;0.000015
B,14,75,1787806947.114269,"(32, 2, 1)",105,0.04704,1,ok,0.000017,0.000017;0.000018;0.000017
B,14,76,1787806947.158124,"(32, 1, 1)",92,0.04704,1,ok,0.000018,0.000018;0.000018;0.000018
B,14,77,1787806947.187742,"(4, 16, 1)",95,0.04704,1,ok,0.000015,0.000015;0.000015;0.000015
B,14,78,1787806947.202332,"(2, 16, 1)",95,0.04704,1,ok,0.000016,0.000017;0.000017;0.000016
B,14,79,1787806947.231819,"(16, 32, 1)",92,0.04704,1,ok,0.000018,0.000018;0.000018;0.000018
B,14,80,1787806947.341603,"(16, 1, 1)",198,0.043584000000000005,1,ok,0.000025,0.000025;0.000026;0.000026
B,14,81,1787806947.400645,"(4, 16, 1)",160,0.043584000000000005,1,ok,0.000023,0.000024;0.000024;0.000023
B,14,82,1787806947.434356,"(4, 1, 1)",731,0.043584000000000005,1,ok,0.000065,0.000065
B,14,83,1787806947.481015,"(4, 8, 1)",136,0.043584000000000005,1,ok,0.000022,0.000023;0.000022;0.000023
B,14,84,1787806947.490108,"(4, 16, 1)",338,0.043584000000000005,1,ok,0.000040,0.000040;0.000040;0.000040
B,14,85,1787806947.533389,"(2, 16, 1)",131,0.043584000000000005,1,ok,0.000023,0.000023;0.000023;0.000024
B,14,86,1787806947.539595,"(4, 16, 1)",121,0.043584000000000005,1,ok,0.000022,0.000023;0.000023;0.000022
B,14,87,1787806947.585044,"(4, 16, 1)",129,0.043584000000000005,1,ok,0.000023,0.000023;0.000023;0.000023
B,14,88,1787806947.600938,"(4, 4, 1)",218,0.043584000000000005,1,ok,0.000034,0.000034;0.000034;0.000034
B,14,89,1787806947.646592,"(4, 8, 1)",103,0.043584000000000005,1,ok,0.000016,0.000016;0.000017;0.000016
B,14,90,1787806947.654627,"(4, 16, 1)",197,0.043584000000000005,1,ok,0.000025,0.000026;0.000026;0.000025
B,14,91,1787806947.693713,"(2, 16, 1)",100,0.043584000000000005,1,ok,0.000017,0.000017;0.000017;0.000017
B,14,92,1787806947.699948,"(4, 4, 1)",106,0.043584000000000005,1,ok,0.000019,0.000019;0.000019;0.000019
B,14,93,1787806947.737651,"(16, 1, 1)",95,0.043584000000000005,1,ok,0.000019,0.000020;0.000019;0.000020
B,14,94,1787806947.747255,"(4, 2, 1)",108,0.043584000000000005,1,ok,0.000020,0.000020;0.000020;0.000020
B,14,95,1787806947.785199,"(4, 1, 1)",95,0.043584000000000005,1,ok,0.000024,0.000024;0.000025;0.000024
B,14,96,1787806947.791384,"(16, 4, 1)",95,0.043584000000000005,1,ok,0.000015,0.000015;0.000015;0.000015
B,14,97,1787806947.847863,"(16, 1, 1)",344,0.043584000000000005,1,ok,0.000041,0.000041;0.000041;0.000041
B,14,98,1787806947.893481,"(8, 16, 1)",267,0.043584000000000005,1,ok,0.000037,0.000037;0.000037;0.000037
B,14,99,1787806947.912428,"(8, 1, 1)",731,0.043584000000000005,1,ok,0.000064,0.000064
B,14,100,1787806947.930412,"(8, 8, 1)",134,0.043584000000000005,1,ok,0.000023,0.000023;0.000023;0.000023
B,14,101,1787806947.938427,"(4, 16, 1)",129,0.043584000000000005,1,ok,0.000024,0.000024;0.000024;0.000024
B,14,102,1787806947.955535,"(8, 16, 1)",119,0.043584000000000005,1,ok,0.000022,0.000023;0.000022;0.000022
B,14,103,1787806947.978338,"(8, 4, 1)",218,0.043584000000000005,1,ok,0.000033,0.000034;0.000033;0.000035
B,14,104,1787806947.989308,"(2, 16, 1)",199,0.043584000000000005,1,ok,0.000026,0.000026;0.000026;0.000026
B,14,105,1787806948.026326,"(8, 16, 1)",163,0.043584000000000005,1,ok,0.000024,0.000024;0.000024;0.000024
B,14,106,1787806948.186408,"(8, 8, 1)",103,0.043584000000000005,1,ok,0.000015,0.000015;0.000016;0.000016
B,14,107,1787806948.204618,"(8, 4, 1)",106,0.043584000000000005,1,ok,0.000017,0.000017;0.000017;0.000017
B,14,108,1787806948.221756,"(2, 16, 1)",100,0.043584000000000005,1,ok,0.000016,0.000016;0.000016;0.000017
B,14,109,1787806948.233640,"(4, 16, 1)",100,0.043584000000000005,1,ok,0.000015,0.000015;0.000015;0.000015
B,14,110,1787806948.242388,"(8, 2, 1)",108,0.043584000000000005,1,ok,0.000019,0.000019;0.000020;0.000020
B,14,111,1787806948.249731,"(16, 1, 1)",95,0.043584000000000005,1,ok,0.000019,0.000019;0.000019;0.000020
B,14,112,1787806948.258906,"(8, 1, 1)",95,0.043584000000000005,1,ok,0.000019,0.000020;0.000020;0.000019
B,14,113,1787806948.265320,"(16, 8, 1)",95,0.043584000000000005,1,ok,0.000015,0.000015;0.000015;0.000015
B,15,1,1787806948.387889,"(2048, 1, 1)",140,inf,1,ok,0.000515,0.000534;0.000515;0.000515
B,15,2,1787806948.396412,"(1024, 1, 1)",202,inf,1,ok,0.000489,0.000490;0.000489;0.000490
B,15,3,1787806948.424627,"(4096, 1, 1)",169,inf,1,ok,0.000567,0.000568;0.000567;0.000568
B,15,4,1787806948.443705,"(4096, 1, 1)",109,inf,1,ok,0.000445,0.000445;0.000445;0.000446
B,15,5,1787806948.458710,"(4096, 1, 1)",473,inf,1,ok,0.000534,0.000535;0.000534;0.000534
B,15,6,1787806948.487325,"(4096, 1, 1)",179,inf,1,ok,0.000568,0.000569;0.000568;0.000569
B,15,7,1787806948.511279,"(4096, 1, 1)",150,inf,1,ok,0.000396,0.000397;0.000397;0.000396
B,15,8,1787806948.526109,"(2048, 1, 1)",116,inf,1,ok,0.000316,0.000324;0.000316;0.000317
B,15,9,1787806948.541963,"(1024, 1, 1)",118,inf,1,ok,0.000222,0.000222;0.000223;0.000222
B,15,10,1787806948.548554,"(4096, 1, 1)",588,inf,1,ok,0.000363,0.000365;0.000363;0.000363
B,15,11,1787806948.557646,"(512, 1, 1)",118,inf,1,ok,0.000193,0.000193;0.000193;0.000194
B,15,12,1787806948.563948,"(256, 1, 1)",118,inf,1,ok,0.000215,0.000215;0.000216;0.000217
B,15,13,1787806948.580527,"(4096, 1, 1)",127,inf,1,ok,0.000164,0.000164;0.000165;0.000165
B,15,14,1787806948.598198,"(4096, 1, 1)",127,inf,1,ok,0.000176,0.000177;0.000178;0.000176
B,15,15,1787806948.604443,"(4096, 1, 1)",127,inf,1,ok,0.000274,0.000275;0.000275;0.000274
B,15,16,1787806948.617151,"(4096, 1, 1)",139,inf,1,ok,0.000195,0.000196;0.000196;0.000195
B,15,17,1787806948.623659,"(4096, 1, 1)",139,inf,1,ok,0.000173,0.000174;0.000174;0.000173
B,15,18,1787806948.633237,"(128, 1, 1)",118,inf,1,ok,0.000240,0.000241;0.000240;0.000240
B,15,19,1787806948.715319,"(2048, 1, 1)",177,0.49286399999999997,1,ok,0.000120,0.000120;0.000120;0.000120
B,15,20,1787806948.758079,"(1024, 1, 1)",259,0.49286399999999997,1,ok,0.000141,0.000141;0.000141;0.000141
B,15,21,1787806948.850797,"(4096, 1, 1)",131,0.49286399999999997,1,ok,0.000153,0.000154;0.000153;0.000154
B,15,22,1787806948.868055,"(4096, 1, 1)",191,0.49286399999999997,1,ok,0.000159,0.000159;0.000160;0.000159
B,15,23,1787806948.906212,"(4096, 1, 1)",201,0.49286399999999997,1,ok,0.000211,0.000211;0.000211;0.000211
B,15,24,1787806948.937018,"(4096, 1, 1)",172,0.49286399999999997,1,ok,0.000077,0.000078;0.000078;0.000077
B,15,25,1787806948.958340,"(4096, 1, 1)",610,0.49286399999999997,1,ok,0.000065,0.000065;0.000065;0.000065
B,15,26,1787806948.967989,"(2048, 1, 1)",141,0.49286399999999997,1,ok,0.000111,0.000111;0.000112;0.000112
B,15,27,1787806948.983613,"(1024, 1, 1)",145,0.49286399999999997,1,ok,0.000108,0.000108;0.000108;0.000108
B,15,28,1787806949.008740,"(512, 1, 1)",145,0.49286399999999997,1,ok,0.000115,0.000116;0.000115;0.000115
B,15,29,1787806949.029067,"(256, 1, 1)",143,0.49286399999999997,1,ok,0.000127,0.000127;0.000127;0.000127
B,15,30,1787806949.049744,"(4096, 1, 1)",138,0.49286399999999997,1,ok,0.000119,0.000120;0.000119;0.000120
B,15,31,1787806949.070918,"(4096, 1, 1)",136,0.49286399999999997,1,ok,0.000227,0.000227;0.000227;0.000227
B,15,32,1787806949.090803,"(4096, 1, 1)",136,0.49286399999999997,1,ok,0.000157,0.000157;0.000157;0.000157
B,15,33,1787806949.130291,"(4096, 1, 1)",138,0.49286399999999997,1,ok,0.000089,0.000089;0.000090;0.000090
B,15,34,1787806949.150635,"(4096, 1, 1)",137,0.49286399999999997,1,ok,0.000090,0.000090;0.000090;0.000090
B,15,35,1787806949.170725,"(4096, 1, 1)",138,0.49286399999999997,1,ok,0.000120,0.000120;0.000120;0.000120
B,15,36,1787806949.180396,"(4096, 1, 1)",134,0.49286399999999997,1,ok,0.000152,0.000154;0.000152;0.000153
B,15,37,1787806949.191732,"(128, 1, 1)",145,0.49286399999999997,1,ok,0.000125,0.000127;0.000126;0.000125
B,15,38,1787806949.223066,"(2048, 1, 1)",189,0.49286399999999997,1,ok,0.000122,0.000123;0.000122;0.000122
B,15,39,1787806949.241044,"(1024, 1, 1)",269,0.49286399999999997,1,ok,0.000102,0.000102;0.000103;0.000102
B,15,40,1787806949.269986,"(4096, 1, 1)",279,0.49286399999999997,1,ok,0.000568,0.000568
B,15,41,1787806949.297785,"(4096, 1, 1)",153,0.49286399999999997,1,ok,0.000170,0.000170;0.000170;0.000170
B,15,42,1787806949.329382,"(4096, 1, 1)",203,0.49286399999999997,1,ok,0.000161,0.000162;0.000161;0.000161
B,15,43,1787806949.354567,"(4096, 1, 1)",143,0.49286399999999997,1,ok,0.000159,0.000159;0.000160;0.000159
B,15,44,1787806949.469857,"(4096, 1, 1)",622,0.49286399999999997,1,ok,0.000072,0.000072;0.000072;0.000072
B,15,45,1787806949.478892,"(4096, 1, 1)",213,0.49286399999999997,1,ok,0.000293,0.000294;0.000293;0.000293
B,15,46,1787806949.500604,"(4096, 1, 1)",184,0.49286399999999997,1,ok,0.000086,0.000087;0.000086;0.000087
B,15,47,1787806949.507701,"(2048, 1, 1)",153,0.49286399999999997,1,ok,0.000117,0.000117;0.000118;0.000117
B,15,48,1787806949.524001,"(1024, 1, 1)",155,0.49286399999999997,1,ok,0.000084,0.000084;0.000084;0.000084
B,15,49,1787806949.530280,"(512, 1, 1)",157,0.49286399999999997,1,ok,0.000088,0.000088;0.000088;0.000088
B,15,50,1787806949.547253,"(256, 1, 1)",155,0.49286399999999997,1,ok,0.000092,0.000092;0.000092;0.000092
B,15,51,1787806949.553158,"(4096, 1, 1)",146,0.49286399999999997,1,ok,0.000165,0.000165;0.000165;0.000166
B,15,52,1787806949.568994,"(4096, 1, 1)",146,0.49286399999999997,1,ok,0.000154,0.000156;0.000154;0.000157
B,15,53,1787806949.575666,"(4096, 1, 1)",146,0.49286399999999997,1,ok,0.000159,0.000159;0.000160;0.000159
B,15,54,1787806949.592195,"(128, 1, 1)",157,0.49286399999999997,1,ok,0.000089,0.000090;0.000089;0.000089
B,15,55,1787806949.882124,"(2048, 1, 1)",1094,0.19392,1,ok,0.000056,0.000056;0.000057;0.000056
B,15,56,1787806950.067998,"(1024, 1, 1)",2044,0.19392,1,ok,0.000061,0.000062;0.000061;0.000065
B,15,57,1787806950.252516,"(4096, 1, 1)",768,0.19392,1,ok,0.000067,0.000067;0.000067;0.000067
B,15,58,1787806950.326157,"(4096, 1, 1)",2151,0.19392,1,ok,0.000065,0.000065;0.000065;0.000065
B,15,59,1787806950.427901,"(2048, 1, 1)",624,0.19392,1,ok,0.000065,0.000066;0.000065;0.000065
B,15,60,1787806950.529630,"(1024, 1, 1)",628,0.19392,1,ok,0.000070,0.000073;0.000072;0.000070
B,15,61,1787806950.632341,"(512, 1, 1)",628,0.19392,1,ok,0.000072,0.000072;0.000073;0.000072
B,15,62,1787806950.698366,"(4096, 1, 1)",2187,0.19392,1,ok,0.000105,0.000105;0.000105;0.000105
B,15,63,1787806950.736333,"(256, 1, 1)",626,0.19392,1,ok,0.000072,0.000073;0.000072;0.000074
B,15,64,1787806950.803212,"(4096, 1, 1)",619,0.19392,1,ok,0.000059,0.000059;0.000059;0.000059
B,15,65,1787806950.844309,"(4096, 1, 1)",617,0.19392,1,ok,0.000066,0.000067;0.000066;0.000067
B,15,66,1787806950.950943,"(128, 1, 1)",626,0.19392,1,ok,0.000077,0.000078;0.000078;0.000077
B,15,67,1787806951.195228,"(2048, 1, 1)",1106,0.19392,1,ok,0.000061,0.000062;0.000061;0.000063
B,15,68,1787806951.484491,"(1024, 1, 1)",2054,0.19392,1,ok,0.000077,0.000080;0.000078;0.000077
B,15,69,1787806951.721283,"(4096, 1, 1)",1137,0.19392,1,ok,0.000069,0.000070;0.000069;0.000070
B,15,70,1787806952.150691,"(4096, 1, 1)",2163,0.19392,1,ok,0.000071,0.000071;0.000071;0.000072
B,15,71,1787806952.328129,"(4096, 1, 1)",780,0.19392,1,ok,0.000076,0.000076;0.000076;0.000076
B,15,72,1787806952.436905,"(2048, 1, 1)",636,0.19392,1,ok,0.000069,0.000069;0.000071;0.000070
B,15,73,1787806952.545469,"(1024, 1, 1)",638,0.19392,1,ok,0.000066,0.000067;0.000067;0.000066
B,15,74,1787806952.652618,"(512, 1, 1)",640,0.19392,1,ok,0.000069,0.000070;0.000069;0.000069
B,15,75,1787806952.739599,"(4096, 1, 1)",2199,0.19392,1,ok,0.000243,0.000243
B,15,76,1787806952.763308,"(256, 1, 1)",638,0.19392,1,ok,0.000073,0.000073;0.000073;0.000074
B,15,77,1787806952.878901,"(4096, 1, 1)",629,0.19392,1,ok,0.000065,0.000066;0.000065;0.000066
B,15,78,1787806952.992533,"(4096, 1, 1)",629,0.19392,1,ok,0.000058,0.000059;0.000058;0.000058
B,15,79,1787806953.109264,"(4096, 1, 1)",629,0.19392,1,ok,0.000075,0.000076;0.000075;0.000076
B,15,80,1787806953.118849,"(128, 1, 1)",638,0.19392,1,ok,0.000074,0.000074;0.000074;0.000074
B,15,81,1787806954.470358,"(2048, 1, 1)",1352,0.16723200000000002,1,ok,0.000053,0.000053;0.000054;0.000053
B,15,82,1787806954.833786,"(1024, 1, 1)",1110,0.16723200000000002,1,ok,0.000059,0.000060;0.000059;0.000059
B,15,83,1787806955.059222,"(512, 1, 1)",1108,0.16723200000000002,1,ok,0.000055,0.000055;0.000055;0.000055
B,15,84,1787806955.284962,"(256, 1, 1)",1108,0.16723200000000002,1,ok,0.000062,0.000063;0.000062;0.000062
B,15,85,1787806955.511737,"(128, 1, 1)",1106,0.16723200000000002,1,ok,0.000059,0.000061;0.000059;0.000060
B,15,86,1787806955.714034,"(2048, 1, 1)",1099,0.16723200000000002,1,ok,0.000048,0.000048;0.000048;0.000048
B,15,87,1787806955.740951,"(2048, 1, 1)",1103,0.16723200000000002,1,ok,0.000055,0.000055;0.000056;0.000056
B,15,88,1787806955.978820,"(64, 1, 1)",1110,0.16723200000000002,1,ok,0.000060,0.000060;0.000060;0.000060
B,15,89,1787806956.006359,"(2048, 1, 1)",1113,0.16723200000000002,1,ok,0.000041,0.000042;0.000041;0.000042
B,15,90,1787806956.438756,"(1024, 1, 1)",2061,0.16723200000000002,1,ok,0.000039,0.000039;0.000040;0.000039
B,15,91,1787806957.127249,"(4096, 1, 1)",1144,0.16723200000000002,1,ok,0.000055,0.000055;0.000056;0.000056
B,15,92,1787806957.303783,"(4096, 1, 1)",787,0.16723200000000002,1,ok,0.000056,0.000056;0.000056;0.000057
B,15,93,1787806957.524331,"(2048, 1, 1)",645,0.16723200000000002,1,ok,0.000057,0.000057;0.000057;0.000057
B,15,94,1787806957.632110,"(1024, 1, 1)",647,0.16723200000000002,1,ok,0.000054,0.000054;0.000054;0.000057
B,15,95,1787806957.740385,"(512, 1, 1)",647,0.16723200000000002,1,ok,0.000057,0.000057;0.000057;0.000058
B,15,96,1787806957.761681,"(4096, 1, 1)",2206,0.16723200000000002,1,ok,0.000069,0.000069;0.000069;0.000069
B,15,97,1787806957.850054,"(256, 1, 1)",645,0.16723200000000002,1,ok,0.000065,0.000065;0.000065;0.000065
B,15,98,1787806957.873465,"(4096, 1, 1)",638,0.16723200000000002,1,ok,0.000056,0.000056;0.000058;0.000058
B,15,99,1787806957.958403,"(4096, 1, 1)",635,0.16723200000000002,1,ok,0.000065,0.000065;0.000066;0.000066
B,15,100,1787806957.984674,"(128, 1, 1)",645,0.16723200000000002,1,ok,0.000065,0.000065;0.000065;0.000065
B,15,101,1787806959.676387,"(512, 1, 1)",2077,0.117024,1,ok,0.000040,0.000040;0.000040;0.000041
B,15,102,1787806959.739323,"(1024, 1, 1)",2519,0.117024,1,ok,0.000035,0.000035;0.000036;0.000036
B,15,103,1787806960.107982,"(256, 1, 1)",2075,0.117024,1,ok,0.000041,0.000041;0.000041;0.000041
B,15,104,1787806960.182086,"(128, 1, 1)",2075,0.117024,1,ok,0.000046,0.000047;0.000046;0.000046
B,15,105,1787806960.527701,"(64, 1, 1)",2079,0.117024,1,ok,0.000083,0.000083;0.000084;0.000084
B,15,106,1787806960.596645,"(1024, 1, 1)",2070,0.117024,1,ok,0.000039,0.000040;0.000039;0.000039
B,15,107,1787806960.966810,"(1024, 1, 1)",2068,0.117024,1,ok,0.000041,0.000041;0.000041;0.000041
B,15,108,1787806961.013427,"(32, 1, 1)",2075,0.117024,1,ok,0.000167,0.000167
B,15,109,1787806962.250977,"(2048, 1, 1)",2079,0.117024,1,ok,0.000043,0.000043;0.000044;0.000043
B,15,110,1787806962.593735,"(2048, 1, 1)",1371,0.117024,1,ok,0.000042,0.000042;0.000042;0.000042
B,15,111,1787806962.827528,"(1024, 1, 1)",1125,0.117024,1,ok,0.000042,0.000042;0.000042;0.000042
B,15,112,1787806963.059900,"(512, 1, 1)",1127,0.117024,1,ok,0.000043,0.000043;0.000043;0.000043
B,15,113,1787806963.714527,"(128, 1, 1)",1123,0.117024,1,ok,0.000048,0.000048;0.000049;0.000048
B,15,114,1787806963.727280,"(256, 1, 1)",1125,0.117024,1,ok,0.000047,0.000048;0.000047;0.000047
B,15,115,1787806963.949661,"(2048, 1, 1)",1117,0.117024,1,ok,0.000045,0.000046;0.000045;0.000045
B,15,116,1787806963.961303,"(2048, 1, 1)",1120,0.117024,1,ok,0.000051,0.000051;0.000052;0.000052
B,15,117,1787806964.180636,"(64, 1, 1)",1127,0.117024,1,ok,0.000123,0.000123
B,15,118,1787806964.919596,"(256, 1, 1)",2533,0.10579200000000001,1,ok,0.000038,0.000039;0.000038;0.000039
B,15,119,1787806964.958969,"(512, 1, 1)",2535,0.10579200000000001,1,ok,0.000036,0.000036;0.000037;0.000037
B,15,120,1787806965.534693,"(128, 1, 1)",2533,0.10579200000000001,1,ok,0.000039,0.000039;0.000039;0.000039
B,15,121,1787806965.583171,"(64, 1, 1)",2537,0.10579200000000001,1,ok,0.000039,0.000039;0.000040;0.000039
B,15,122,1787806966.138924,"(1024, 1, 1)",2492,0.10579200000000001,1,ok,0.000036,0.000036;0.000036;0.000036
B,15,123,1787806966.197067,"(32, 1, 1)",2533,0.10579200000000001,1,ok,0.000191,0.000191
B,15,124,1787806967.516095,"(512, 1, 1)",2079,0.10579200000000001,1,ok,0.000039,0.000040;0.000039;0.000039
B,15,125,1787806968.070399,"(256, 1, 1)",2077,0.10579200000000001,1,ok,0.000049,0.000049;0.000049;0.000050
B,15,126,1787806968.530782,"(128, 1, 1)",2077,0.10579200000000001,1,ok,0.000122,0.000122
B,15,127,1787806968.544062,"(64, 1, 1)",2079,0.10579200000000001,1,ok,0.000172,0.000172
B,15,128,1787806968.900836,"(1024, 1, 1)",2036,0.10579200000000001,1,ok,0.000044,0.000046;0.000044;0.000044
B,16,1,1787806969.625361,"(1, 1, 1)",55,inf,1,ok,0.000027,0.000029;0.000027;0.000028
B,16,2,1787806969.631045,"(1, 1, 1)",68,inf,1,ok,0.000013,0.000013;0.000013;0.000013
B,16,3,1787806969.635982,"(1, 1, 1)",68,inf,1,ok,0.000013,0.000013;0.000013;0.000013
B,16,4,1787806969.641276,"(1, 1, 1)",66,inf,1,ok,0.000012,0.000012;0.000012;0.000013
B,16,5,1787806969.646351,"(1, 1, 1)",68,inf,1,ok,0.000011,0.000011;0.000011;0.000012
B,16,6,1787806969.651459,"(1, 1, 1)",68,inf,1,ok,0.000017,0.000017;0.000017;0.000017
B,16,7,1787806969.657055,"(1, 1, 1)",68,inf,1,ok,0.000013,0.000013;0.000013;0.000013
B,16,8,1787806969.661982,"(1, 1, 1)",68,inf,1,ok,0.000011,0.000011;0.000012;0.000011
B,16,9,1787806969.688164,"(1, 1, 1)",87,0.033408,1,ok,0.000012,0.000012;0.000012;0.000013
B,16,10,1787806969.694252,"(1, 1, 1)",115,0.033408,1,ok,0.000010,0.000011;0.000011;0.000010
B,16,11,1787806969.701430,"(1, 1, 1)",81,0.033408,1,ok,0.000010,0.000010;0.000011;0.000011
B,16,12,1787806969.709895,"(1, 1, 1)",81,0.033408,1,ok,0.000021,0.000022;0.000021;0.000021
B,16,13,1787806969.718706,"(1, 1, 1)",104,0.033408,1,ok,0.000031,0.000031;0.000032;0.000032
B,16,14,1787806969.724791,"(1, 1, 1)",81,0.033408,1,ok,0.000014,0.000014;0.000014;0.000014
B,16,15,1787806969.732253,"(1, 1, 1)",87,0.033408,1,ok,0.000011,0.000011;0.000011;0.000011
B,16,16,1787806969.745808,"(1, 1, 1)",81,0.033408,1,ok,0.000011,0.000011;0.000011;0.000011
B,16,17,1787806969.761268,"(1, 1, 1)",85,0.033408,1,ok,0.000013,0.000013;0.000013;0.000013
B,16,18,1787806969.774653,"(1, 1, 1)",83,0.033408,1,ok,0.000085,0.000085
B,16,19,1787806969.787468,"(1, 1, 1)",80,0.033408,1,ok,0.000010,0.000011;0.000011;0.000010
B,16,20,1787806969.801112,"(1, 1, 1)",84,0.033408,1,ok,0.000010,0.000011;0.000010;0.000010
B,16,21,1787806969.813150,"(1, 1, 1)",80,0.033408,1,ok,0.000011,0.000011;0.000011;0.000011
B,16,22,1787806970.062200,"(1, 1, 1)",132,0.030143999999999997,1,ok,0.000012,0.000013;0.000012;0.000012
B,16,23,1787806970.104366,"(1, 1, 1)",279,0.030143999999999997,1,ok,0.000010,0.000011;0.000011;0.000010
B,16,24,1787806970.121743,"(1, 1, 1)",96,0.030143999999999997,1,ok,0.000010,0.000011;0.000011;0.000010
B,16,25,1787806970.137629,"(1, 1, 1)",113,0.030143999999999997,1,ok,0.000012,0.000012;0.000012;0.000012
B,16,26,1787806970.143833,"(1, 1, 1)",102,0.030143999999999997,1,ok,0.000011,0.000011;0.000011;0.000011
B,16,27,1787806970.154956,"(1, 1, 1)",94,0.030143999999999997,1,ok,0.000013,0.000013;0.000013;0.000013
B,16,28,1787806970.171090,"(1, 1, 1)",94,0.030143999999999997,1,ok,0.000085,0.000085
B,16,29,1787806970.202046,"(1, 1, 1)",79,0.030143999999999997,1,ok,0.000020,0.000020;0.000021;0.000020
B,16,30,1787806970.208859,"(1, 1, 1)",134,0.030143999999999997,1,ok,0.000010,0.000011;0.000010;0.000010
B,17,1,1787806970.359182,"(6144, 1, 1)",198,inf,1,ok,0.002742,0.002745;0.002742;0.002744
B,17,2,1787806970.374067,"(4096, 1, 1)",238,inf,1,ok,0.002202,0.002203;0.002209;0.002202
B,17,3,1787806970.398572,"(3072, 1, 1)",270,inf,1,ok,0.001934,0.001936;0.001934;0.001935
B,17,4,1787806970.446292,"(12288, 1, 1)",315,inf,1,ok,0.004517,0.004518;0.004521;0.004517
B,17,5,1787806970.479319,"(12288, 1, 1)",191,inf,1,ok,0.004097,0.004099;0.004098;0.004097
B,17,6,1787806970.500148,"(12288, 1, 1)",992,inf,1,ok,0.004393,0.004393;0.004393;0.004394
B,17,7,1787806970.549370,"(12288, 1, 1)",328,inf,1,ok,0.004526,0.004526;0.004530;0.004527
B,17,8,1787806970.594649,"(12288, 1, 1)",285,inf,1,ok,0.004010,0.004011;0.004010;0.004010
B,17,9,1787806970.617774,"(6144, 1, 1)",168,inf,1,ok,0.002301,0.002301;0.002304;0.002301
B,17,10,1787806970.640558,"(4096, 1, 1)",168,inf,1,ok,0.001598,0.001599;0.001598;0.001601
B,17,11,1787806970.663248,"(3072, 1, 1)",170,inf,1,ok,0.001274,0.001274;0.001278;0.001277
B,17,12,1787806970.685900,"(1536, 1, 1)",168,inf,1,ok,0.000855,0.000863;0.000859;0.000855
B,17,13,1787806970.705865,"(12288, 1, 1)",1550,inf,1,ok,0.004324,0.004324;0.004324;0.004324
B,17,14,1787806970.730409,"(768, 1, 1)",170,inf,1,ok,0.000698,0.000700;0.000698;0.000698
B,17,15,1787806970.740273,"(12288, 1, 1)",179,inf,1,ok,0.001888,0.001888;0.001890;0.001889
B,17,16,1787806970.784870,"(12288, 1, 1)",179,inf,1,ok,0.001928,0.001928;0.001928;0.001928
B,17,17,1787806970.812090,"(12288, 1, 1)",179,inf,1,ok,0.002230,0.002230;0.002231;0.002230
B,17,18,1787806970.840067,"(12288, 1, 1)",193,inf,1,ok,0.001947,0.001947;0.001948;0.001948
B,17,19,1787806970.865567,"(384, 1, 1)",170,inf,1,ok,0.000672,0.000672;0.000673;0.000677
B,17,20,1787806970.939255,"(12288, 1, 1)",195,inf,1,ok,0.001896,0.001896;0.001896;0.001896
B,17,21,1787806971.037657,"(192, 1, 1)",208,2.0171520000000003,1,ok,0.000786,0.000788;0.000786;0.000791
B,17,22,1787806971.048453,"(384, 1, 1)",209,2.0171520000000003,1,ok,0.000649,0.000649;0.000650;0.000650
B,17,23,1787806971.087455,"(128, 1, 1)",248,2.0171520000000003,1,ok,0.000946,0.000950;0.000946;0.000951
B,17,24,1787806971.126759,"(96, 1, 1)",284,2.0171520000000003,1,ok,0.001166,0.001168;0.001166;0.001189
B,17,25,1787806971.169038,"(384, 1, 1)",279,2.0171520000000003,1,ok,0.000656,0.000659;0.000656;0.000663
B,17,26,1787806971.221060,"(384, 1, 1)",328,2.0171520000000003,1,ok,0.000691,0.000693;0.000691;0.000691
B,17,27,1787806971.257132,"(384, 1, 1)",204,2.0171520000000003,1,ok,0.000429,0.000431;0.000429;0.000429
B,17,28,1787806971.388024,"(384, 1, 1)",1005,2.0171520000000003,1,ok,0.003463,0.003463
B,17,29,1787806971.442518,"(384, 1, 1)",339,2.0171520000000003,1,ok,0.000658,0.000658;0.000661;0.000662
B,17,30,1787806971.488191,"(384, 1, 1)",1561,2.0171520000000003,1,ok,0.000453,0.000455;0.000453;0.000455
B,17,31,1787806971.500091,"(384, 1, 1)",298,2.0171520000000003,1,ok,0.000636,0.000638;0.000636;0.000640
B,17,32,1787806971.514551,"(192, 1, 1)",181,2.0171520000000003,1,ok,0.000731,0.000731;0.000737;0.000731
B,17,33,1787806971.523096,"(128, 1, 1)",181,2.0171520000000003,1,ok,0.000683,0.000684;0.000683;0.000683
B,17,34,1787806971.539745,"(96, 1, 1)",181,2.0171520000000003,1,ok,0.000859,0.000860;0.000860;0.000859
B,17,35,1787806971.548393,"(48, 1, 1)",180,2.0171520000000003,1,ok,0.000866,0.000866;0.000866;0.000867
B,17,36,1787806971.565588,"(24, 1, 1)",180,2.0171520000000003,1,ok,0.001616,0.001616;0.001618;0.001617
B,17,37,1787806971.582148,"(384, 1, 1)",197,2.0171520000000003,1,ok,0.001393,0.001411;0.001393;0.001408
B,17,38,1787806971.612037,"(384, 1, 1)",197,2.0171520000000003,1,ok,0.000538,0.000538;0.000538;0.000539
B,17,39,1787806971.623308,"(384, 1, 1)",197,2.0171520000000003,1,ok,0.000589,0.000592;0.000590;0.000589
B,17,40,1787806971.642825,"(384, 1, 1)",209,2.0171520000000003,1,ok,0.000554,0.000556;0.000554;0.000555
B,17,41,1787806971.654566,"(384, 1, 1)",213,2.0171520000000003,1,ok,0.001543,0.001585;0.001594;0.001543
B,17,42,1787806971.668893,"(12, 1, 1)",179,2.0171520000000003,1,ok,0.003259,0.003259
B,17,43,1787806971.701798,"(384, 1, 1)",210,2.0171520000000003,1,ok,0.000649,0.000650;0.000650;0.000649
B,17,44,1787806971.735419,"(768, 1, 1)",209,2.0171520000000003,1,ok,0.000675,0.000676;0.000675;0.000678
B,17,45,1787806971.754566,"(768, 1, 1)",709,2.0171520000000003,1,ok,0.001452,0.001452;0.001452;0.001452
B,17,46,1787806971.773579,"(256, 1, 1)",248,2.0171520000000003,1,ok,0.000800,0.000800;0.000804;0.000802
B,17,47,1787806971.797097,"(192, 1, 1)",286,2.0171520000000003,1,ok,0.000785,0.000785;0.000786;0.000787
B,17,48,1787806971.818767,"(768, 1, 1)",281,2.0171520000000003,1,ok,0.000696,0.000696;0.000698;0.000697
B,17,49,1787806971.963515,"(768, 1, 1)",1003,2.0171520000000003,1,ok,0.003751,0.003751
B,17,50,1787806971.998912,"(768, 1, 1)",204,2.0171520000000003,1,ok,0.000466,0.000466;0.000467;0.000468
B,17,51,1787806972.047769,"(768, 1, 1)",326,2.0171520000000003,1,ok,0.000684,0.000684;0.000684;0.000684
B,17,52,1787806972.101274,"(768, 1, 1)",339,2.0171520000000003,1,ok,0.000673,0.000676;0.000676;0.000673
B,17,53,1787806972.151123,"(768, 1, 1)",296,2.0171520000000003,1,ok,0.000664,0.000665;0.000664;0.000664
B,17,54,1787806972.179104,"(384, 1, 1)",181,2.0171520000000003,1,ok,0.000673,0.000673;0.000674;0.000673
B,17,55,1787806972.205165,"(256, 1, 1)",183,2.0171520000000003,1,ok,0.000743,0.000744;0.000746;0.000743
B,17,56,1787806972.230284,"(192, 1, 1)",181,2.0171520000000003,1,ok,0.000731,0.000733;0.000731;0.000734
B,17,57,1787806972.240346,"(768, 1, 1)",1561,2.0171520000000003,1,ok,0.000506,0.000506;0.000508;0.000507
B,17,58,1787806972.257205,"(96, 1, 1)",181,2.0171520000000003,1,ok,0.000859,0.000859;0.000859;0.000860
B,17,59,1787806972.288071,"(48, 1, 1)",180,2.0171520000000003,1,ok,0.000867,0.000867;0.000867;0.000867
B,17,60,1787806972.319111,"(768, 1, 1)",197,2.0171520000000003,1,ok,0.001174,0.001174;0.001206;0.001175
B,17,61,1787806972.376155,"(768, 1, 1)",197,2.0171520000000003,1,ok,0.000369,0.000369;0.000369;0.000369
B,17,62,1787806972.408252,"(768, 1, 1)",211,2.0171520000000003,1,ok,0.000424,0.000426;0.000424;0.000426
B,17,63,1787806972.440484,"(768, 1, 1)",211,2.0171520000000003,1,ok,0.001196,0.001205;0.001196;0.001234
B,17,64,1787806972.465770,"(24, 1, 1)",180,2.0171520000000003,1,ok,0.001616,0.001616;0.001618;0.001617
B,17,65,1787806972.478655,"(768, 1, 1)",195,2.0171520000000003,1,ok,0.000387,0.000388;0.000387;0.000387
B,17,66,1787806972.601434,"(384, 1, 1)",253,1.106688,1,ok,0.000330,0.000332;0.000331;0.000330
B,17,67,1787806972.648997,"(768, 1, 1)",250,1.106688,1,ok,0.000266,0.000266;0.000267;0.000268
B,17,68,1787806972.698802,"(256, 1, 1)",313,1.106688,1,ok,0.000354,0.000355;0.000356;0.000354
B,17,69,1787806972.729957,"(768, 1, 1)",901,1.106688,1,ok,0.000373,0.000373;0.000375;0.000373
B,17,70,1787806972.759657,"(192, 1, 1)",352,1.106688,1,ok,0.000369,0.000369;0.000370;0.000369
B,17,71,1787806972.789277,"(768, 1, 1)",341,1.106688,1,ok,0.000267,0.000268;0.000267;0.000268
B,17,72,1787806972.963887,"(768, 1, 1)",1028,1.106688,1,ok,0.002270,0.002270
B,17,73,1787806973.036996,"(768, 1, 1)",231,1.106688,1,ok,0.000265,0.000266;0.000265;0.000266
B,17,74,1787806973.096620,"(768, 1, 1)",366,1.106688,1,ok,0.000785,0.000808;0.000788;0.000785
B,17,75,1787806973.151105,"(768, 1, 1)",323,1.106688,1,ok,0.000351,0.000353;0.000351;0.000352
B,17,76,1787806973.184867,"(384, 1, 1)",211,1.106688,1,ok,0.000361,0.000361;0.000362;0.000362
B,17,77,1787806973.207156,"(768, 1, 1)",1586,1.106688,1,ok,0.000251,0.000253;0.000251;0.000253
B,17,78,1787806973.221609,"(256, 1, 1)",213,1.106688,1,ok,0.000429,0.000431;0.000429;0.000430
B,17,79,1787806973.239433,"(192, 1, 1)",211,1.106688,1,ok,0.000423,0.000424;0.000423;0.000424
B,17,80,1787806973.249595,"(96, 1, 1)",211,1.106688,1,ok,0.000558,0.000558;0.000558;0.000558
B,17,81,1787806973.271894,"(48, 1, 1)",210,1.106688,1,ok,0.000567,0.000567;0.000567;0.000567
B,17,82,1787806973.280753,"(768, 1, 1)",204,1.106688,1,ok,0.000364,0.000365;0.000364;0.000365
B,17,83,1787806973.303909,"(768, 1, 1)",208,1.106688,1,ok,0.000437,0.000438;0.000437;0.000437
B,17,84,1787806973.335023,"(768, 1, 1)",202,1.106688,1,ok,0.000357,0.000357;0.000358;0.000358
B,17,85,1787806973.343379,"(768, 1, 1)",218,1.106688,1,ok,0.000351,0.000351;0.000351;0.000351
B,17,86,1787806973.366282,"(768, 1, 1)",208,1.106688,1,ok,0.000382,0.000382;0.000382;0.000382
B,17,87,1787806973.377448,"(768, 1, 1)",218,1.106688,1,ok,0.000351,0.000352;0.000351;0.000352
B,17,88,1787806973.398304,"(768, 1, 1)",208,1.106688,1,ok,0.000340,0.000340;0.000340;0.000340
B,17,89,1787806973.408361,"(768, 1, 1)",208,1.106688,1,ok,0.000437,0.000437;0.000438;0.000437
B,17,90,1787806973.455625,"(384, 1, 1)",254,1.106688,1,ok,0.000315,0.000315;0.000316;0.000316
B,17,91,1787806973.500803,"(768, 1, 1)",249,1.106688,1,ok,0.000376,0.000376;0.000376;0.000376
B,17,92,1787806973.548763,"(256, 1, 1)",311,1.106688,1,ok,0.000347,0.000347;0.000348;0.000348
B,17,93,1787806973.572154,"(768, 1, 1)",899,1.106688,1,ok,0.000712,0.000713;0.000713;0.000712
B,17,94,1787806973.609210,"(192, 1, 1)",352,1.106688,1,ok,0.000398,0.000398;0.000398;0.000398
B,17,95,1787806973.631767,"(768, 1, 1)",339,1.106688,1,ok,0.000384,0.000384;0.000386;0.000387
B,17,96,1787806973.922409,"(768, 1, 1)",351,1.106688,1,ok,0.000385,0.000385;0.000385;0.000385
B,17,97,1787806974.017197,"(768, 1, 1)",1028,1.106688,1,ok,0.001786,0.001786
B,17,98,1787806974.078449,"(768, 1, 1)",364,1.106688,1,ok,0.000382,0.000383;0.000383;0.000382
B,17,99,1787806974.132562,"(768, 1, 1)",323,1.106688,1,ok,0.000370,0.000370;0.000371;0.000370
B,17,100,1787806974.164161,"(384, 1, 1)",211,1.106688,1,ok,0.000391,0.000392;0.000391;0.000392
B,17,101,1787806974.172860,"(768, 1, 1)",1586,1.106688,1,ok,0.000362,0.000362;0.000363;0.000363
B,17,102,1787806974.196111,"(256, 1, 1)",213,1.106688,1,ok,0.000430,0.000431;0.000431;0.000430
B,17,103,1787806974.203568,"(192, 1, 1)",211,1.106688,1,ok,0.000431,0.000431;0.000431;0.000432
B,17,104,1787806974.227067,"(96, 1, 1)",211,1.106688,1,ok,0.000553,0.000553;0.000555;0.000553
B,17,105,1787806974.234868,"(48, 1, 1)",210,1.106688,1,ok,0.000539,0.000539;0.000539;0.000540
B,17,106,1787806974.258154,"(768, 1, 1)",204,1.106688,1,ok,0.000347,0.000347;0.000347;0.000348
B,17,107,1787806974.265550,"(768, 1, 1)",208,1.106688,1,ok,0.000528,0.000528;0.000528;0.000529
B,17,108,1787806974.289129,"(768, 1, 1)",203,1.106688,1,ok,0.000721,0.000721;0.000721;0.000721
B,17,109,1787806974.319099,"(768, 1, 1)",202,1.106688,1,ok,0.000350,0.000350;0.000350;0.000351
B,17,110,1787806974.351780,"(768, 1, 1)",218,1.106688,1,ok,0.000351,0.000351;0.000351;0.000351
B,17,111,1787806974.359273,"(768, 1, 1)",208,1.106688,1,ok,0.000390,0.000390;0.000390;0.000390
B,17,112,1787806974.385433,"(768, 1, 1)",218,1.106688,1,ok,0.000345,0.000345;0.000346;0.000346
B,17,113,1787806974.392834,"(768, 1, 1)",208,1.106688,1,ok,0.000435,0.000435;0.000436;0.000435
B,17,114,1787806974.416604,"(768, 1, 1)",208,1.106688,1,ok,0.000529,0.000529;0.000529;0.000529
B,17,115,1787806974.424599,"(24, 1, 1)",210,1.106688,1,ok,0.001061,0.001061;0.001061;0.001061
B,17,116,1787806974.896078,"(384, 1, 1)",2078,0.7533119999999999,1,ok,0.000207,0.000208;0.000208;0.000207
B,17,117,1787806974.913488,"(768, 1, 1)",2073,0.7533119999999999,1,ok,0.000207,0.000208;0.000208;0.000207
B,17,118,1787806975.341830,"(256, 1, 1)",2570,0.7533119999999999,1,ok,0.000213,0.000214;0.000213;0.000214
B,17,119,1787806976.395688,"(768, 1, 1)",2756,0.7533119999999999,1,ok,0.000248,0.000249;0.000248;0.000248
B,17,120,1787806976.895844,"(384, 1, 1)",1600,0.7533119999999999,1,ok,0.000251,0.000251;0.000251;0.000251
B,17,121,1787806977.127130,"(256, 1, 1)",1602,0.7533119999999999,1,ok,0.000297,0.000297;0.000297;0.000298
B,17,122,1787806977.359330,"(192, 1, 1)",1600,0.7533119999999999,1,ok,0.000296,0.000296;0.000298;0.000297
B,17,123,1787806977.598293,"(96, 1, 1)",1598,0.7533119999999999,1,ok,0.000378,0.000378;0.000380;0.000379
B,17,124,1787806977.828109,"(48, 1, 1)",1598,0.7533119999999999,1,ok,0.000375,0.000375;0.000376;0.000375
B,17,125,1787806977.847796,"(768, 1, 1)",1595,0.7533119999999999,1,ok,0.000253,0.000253;0.000253;0.000253
B,17,126,1787806978.108087,"(768, 1, 1)",1593,0.7533119999999999,1,ok,0.000341,0.000341;0.000341;0.000341
B,17,127,1787806978.319478,"(768, 1, 1)",1607,0.7533119999999999,1,ok,0.000241,0.000242;0.000242;0.000241
B,17,128,1787806978.571266,"(768, 1, 1)",1607,0.7533119999999999,1,ok,0.000247,0.000248;0.000247;0.000248
B,17,129,1787806978.646987,"(384, 1, 1)",292,0.7533119999999999,1,ok,0.000213,0.000213;0.000213;0.000213
B,17,130,1787806978.717067,"(768, 1, 1)",287,0.7533119999999999,1,ok,0.000209,0.000210;0.000210;0.000209
B,17,131,1787806978.732471,"(768, 1, 1)",1038,0.7533119999999999,1,ok,0.000336,0.000337;0.000337;0.000336
B,17,132,1787806978.795143,"(256, 1, 1)",361,0.7533119999999999,1,ok,0.000226,0.000226;0.000227;0.000227
B,17,133,1787806978.837842,"(192, 1, 1)",407,0.7533119999999999,1,ok,0.000228,0.000232;0.000228;0.000229
B,17,134,1787806978.894529,"(768, 1, 1)",392,0.7533119999999999,1,ok,0.000205,0.000206;0.000205;0.000205
B,17,135,1787806978.926662,"(768, 1, 1)",476,0.7533119999999999,1,ok,0.000449,0.000449;0.000451;0.000450
B,17,136,1787806979.215888,"(768, 1, 1)",1718,0.7533119999999999,1,ok,0.001244,0.001244
B,17,137,1787806979.319465,"(768, 1, 1)",532,0.7533119999999999,1,ok,0.000525,0.000525;0.000528;0.000552
B,17,138,1787806979.406466,"(768, 1, 1)",468,0.7533119999999999,1,ok,0.000251,0.000251;0.000251;0.000251
B,17,139,1787806979.448970,"(384, 1, 1)",243,0.7533119999999999,1,ok,0.000259,0.000260;0.000259;0.000260
B,17,140,1787806979.457881,"(256, 1, 1)",247,0.7533119999999999,1,ok,0.000307,0.000309;0.000309;0.000307
B,17,141,1787806979.505764,"(192, 1, 1)",245,0.7533119999999999,1,ok,0.000304,0.000305;0.000306;0.000304
B,17,142,1787806979.553569,"(96, 1, 1)",245,0.7533119999999999,1,ok,0.000395,0.000396;0.000397;0.000395
B,17,143,1787806979.597299,"(48, 1, 1)",244,0.7533119999999999,1,ok,0.000397,0.000397;0.000397;0.000397
B,17,144,1787806979.641761,"(768, 1, 1)",238,0.7533119999999999,1,ok,0.000264,0.000264;0.000264;0.000264
B,17,145,1787806979.730573,"(768, 1, 1)",252,0.7533119999999999,1,ok,0.000252,0.000252;0.000252;0.000252
B,17,146,1787806979.738192,"(768, 1, 1)",244,0.7533119999999999,1,ok,0.000438,0.000438;0.000438;0.000438
B,17,147,1787806979.774619,"(768, 1, 1)",244,0.7533119999999999,1,ok,0.000292,0.000292;0.000293;0.000292
B,17,148,1787806979.785718,"(768, 1, 1)",252,0.7533119999999999,1,ok,0.000252,0.000252;0.000253;0.000252
B,17,149,1787806979.819565,"(768, 1, 1)",244,0.7533119999999999,1,ok,0.000342,0.000342;0.000342;0.000342
B,17,150,1787806979.827285,"(768, 1, 1)",244,0.7533119999999999,1,ok,0.000437,0.000437;0.000437;0.000437
B,17,151,1787806980.079300,"(384, 1, 1)",607,0.613824,1,ok,0.000187,0.000190;0.000187;0.000187
B,17,152,1787806980.249127,"(768, 1, 1)",607,0.613824,1,ok,0.000224,0.000225;0.000224;0.000225
B,17,153,1787806980.385301,"(256, 1, 1)",830,0.613824,1,ok,0.000217,0.000219;0.000217;0.000219
B,17,154,1787806980.572020,"(192, 1, 1)",1050,0.613824,1,ok,0.000244,0.000246;0.000246;0.000244
B,17,155,1787806980.585140,"(768, 1, 1)",810,0.613824,1,ok,0.000477,0.000477;0.000482;0.000480
B,17,156,1787806981.700954,"(768, 1, 1)",943,0.613824,1,ok,0.000252,0.000261;0.000252;0.000271
B,17,157,1787806981.886458,"(768, 1, 1)",782,0.613824,1,ok,0.000191,0.000194;0.000191;0.000193
B,17,158,1787806981.954067,"(384, 1, 1)",402,0.613824,1,ok,0.000165,0.000167;0.000166;0.000165
B,17,159,1787806981.989971,"(256, 1, 1)",406,0.613824,1,ok,0.000189,0.000189;0.000191;0.000190
B,17,160,1787806982.056672,"(192, 1, 1)",404,0.613824,1,ok,0.000178,0.000179;0.000178;0.000178
B,17,161,1787806982.094165,"(96, 1, 1)",408,0.613824,1,ok,0.000247,0.000251;0.000247;0.000252
B,17,162,1787806982.160520,"(48, 1, 1)",405,0.613824,1,ok,0.000252,0.000253;0.000254;0.000252
B,17,163,1787806982.192695,"(768, 1, 1)",399,0.613824,1,ok,0.000846,0.000846
B,17,164,1787806982.253219,"(768, 1, 1)",404,0.613824,1,ok,0.000205,0.000205;0.000205;0.000205
B,17,165,1787806982.283959,"(768, 1, 1)",399,0.613824,1,ok,0.000398,0.000399;0.000398;0.000399
B,17,166,1787806982.454914,"(768, 1, 1)",411,0.613824,1,ok,0.000340,0.000340;0.000340;0.000340
B,17,167,1787806982.463519,"(768, 1, 1)",402,0.613824,1,ok,0.000120,0.000120;0.000120;0.000120
B,17,168,1787806982.562595,"(768, 1, 1)",415,0.613824,1,ok,0.000707,0.000707
B,17,169,1787806982.568068,"(768, 1, 1)",405,0.613824,1,ok,0.000138,0.000138;0.000140;0.000138
B,17,170,1787806982.659765,"(768, 1, 1)",403,0.613824,1,ok,0.000207,0.000207;0.000208;0.000208
B,17,171,1787806982.764668,"(24, 1, 1)",403,0.613824,1,ok,0.000484,0.000485;0.000484;0.000489
B,17,172,1787806988.304420,"(192, 1, 1)",2090,0.613824,1,ok,0.000228,0.000228;0.000228;0.000228
B,17,173,1787806988.818418,"(128, 1, 1)",2090,0.613824,1,ok,0.000229,0.000230;0.000229;0.000229
B,17,174,1787806989.327948,"(96, 1, 1)",2088,0.613824,1,ok,0.000311,0.000311;0.000311;0.000311
B,17,175,1787806989.873624,"(48, 1, 1)",2088,0.613824,1,ok,0.000299,0.000300;0.000299;0.000299
B,17,176,1787806990.077197,"(24, 1, 1)",2086,0.613824,1,ok,0.000768,0.000768
B,17,177,1787806990.410154,"(384, 1, 1)",2081,0.613824,1,ok,0.000587,0.000589;0.000587;0.000588
B,17,178,1787806991.101999,"(384, 1, 1)",2086,0.613824,1,ok,0.000283,0.000283;0.000283;0.000283
B,17,179,1787806991.320990,"(384, 1, 1)",2096,0.613824,1,ok,0.000202,0.000203;0.000202;0.000202
B,17,180,1787806991.650841,"(384, 1, 1)",2096,0.613824,1,ok,0.000202,0.000203;0.000202;0.000202
B,17,181,1787806991.914549,"(384, 1, 1)",621,0.358944,1,ok,0.000126,0.000127;0.000128;0.000126
B,17,182,1787806992.042895,"(768, 1, 1)",1048,0.358944,1,ok,0.000119,0.000120;0.000119;0.000122
B,17,183,1787806992.090707,"(768, 1, 1)",617,0.358944,1,ok,0.000102,0.000102;0.000104;0.000102
B,17,184,1787806992.298320,"(256, 1, 1)",845,0.358944,1,ok,0.000132,0.000135;0.000132;0.000134
B,17,185,1787806992.424201,"(192, 1, 1)",1064,0.358944,1,ok,0.000117,0.000117;0.000119;0.000119
B,17,186,1787806992.516846,"(768, 1, 1)",873,0.358944,1,ok,0.000152,0.000153;0.000152;0.000152
B,17,187,1787806992.924849,"(768, 1, 1)",1361,0.358944,1,ok,0.000120,0.000120;0.000121;0.000121
B,17,188,1787806993.196557,"(768, 1, 1)",953,0.358944,1,ok,0.000144,0.000147;0.000144;0.000144
B,17,189,1787806993.371486,"(768, 1, 1)",817,0.358944,1,ok,0.000120,0.000121;0.000121;0.000120
B,17,190,1787806993.485538,"(384, 1, 1)",416,0.358944,1,ok,0.000128,0.000128;0.000128;0.000128
B,17,191,1787806993.538838,"(256, 1, 1)",418,0.358944,1,ok,0.000147,0.000147;0.000148;0.000147
B,17,192,1787806993.598501,"(192, 1, 1)",418,0.358944,1,ok,0.000140,0.000140;0.000143;0.000141
B,17,193,1787806993.652692,"(96, 1, 1)",420,0.358944,1,ok,0.000178,0.000179;0.000178;0.000180
B,17,194,1787806993.715316,"(48, 1, 1)",415,0.358944,1,ok,0.000174,0.000175;0.000175;0.000174
B,17,195,1787806993.830342,"(768, 1, 1)",410,0.358944,1,ok,0.000510,0.000510
B,17,196,1787806994.028143,"(768, 1, 1)",411,0.358944,1,ok,0.000293,0.000294;0.000294;0.000293
B,17,197,1787806994.133955,"(768, 1, 1)",416,0.358944,1,ok,0.000181,0.000181;0.000182;0.000181
B,17,198,1787806994.234146,"(768, 1, 1)",426,0.358944,1,ok,0.000126,0.000127;0.000126;0.000127
B,17,199,1787806994.353310,"(768, 1, 1)",425,0.358944,1,ok,0.000213,0.000213;0.000214;0.000214
B,17,200,1787806994.540969,"(384, 1, 1)",621,0.358944,1,ok,0.000129,0.000129;0.000131;0.000130
B,17,201,1787806994.719679,"(768, 1, 1)",617,0.358944,1,ok,0.000118,0.000118;0.000118;0.000118
B,17,202,1787806994.756648,"(768, 1, 1)",1049,0.358944,1,ok,0.000095,0.000096;0.000095;0.000096
B,17,203,1787806994.974338,"(256, 1, 1)",845,0.358944,1,ok,0.000142,0.000145;0.000145;0.000142
B,17,204,1787806995.076096,"(192, 1, 1)",1062,0.358944,1,ok,0.000123,0.000123;0.000124;0.000124
B,17,205,1787806995.194350,"(768, 1, 1)",875,0.358944,1,ok,0.000126,0.000127;0.000128;0.000126
B,17,206,1787806995.392225,"(768, 1, 1)",1307,0.358944,1,ok,0.000195,0.000197;0.000195;0.000195
B,17,207,1787806995.583398,"(768, 1, 1)",812,0.358944,1,ok,0.000146,0.000154;0.000155;0.000146
B,17,208,1787806995.760425,"(768, 1, 1)",792,0.358944,1,ok,0.000115,0.000115;0.000115;0.000116
B,17,209,1787806996.012820,"(768, 1, 1)",954,0.358944,1,ok,0.000130,0.000131;0.000130;0.000130
B,17,210,1787806996.127185,"(384, 1, 1)",418,0.358944,1,ok,0.000135,0.000135;0.000135;0.000135
B,17,211,1787806996.178399,"(256, 1, 1)",420,0.358944,1,ok,0.000194,0.000194;0.000196;0.000194
B,17,212,1787806996.238570,"(192, 1, 1)",420,0.358944,1,ok,0.000152,0.000153;0.000153;0.000152
B,17,213,1787806996.290368,"(96, 1, 1)",418,0.358944,1,ok,0.000192,0.000192;0.000192;0.000192
B,17,214,1787806996.346526,"(768, 1, 1)",411,0.358944,1,ok,0.000294,0.000294;0.000294;0.000294
B,17,215,1787806996.395255,"(768, 1, 1)",426,0.358944,1,ok,0.000226,0.000226;0.000226;0.000227
B,17,216,1787806996.461544,"(768, 1, 1)",425,0.358944,1,ok,0.000524,0.000524
B,17,217,1787806997.212931,"(384, 1, 1)",1945,0.28368000000000004,1,ok,0.000107,0.000109;0.000107;0.000107
B,17,218,1787806997.621102,"(256, 1, 1)",2846,0.28368000000000004,1,ok,0.000378,0.000378
B,17,219,1787806998.345599,"(768, 1, 1)",2358,0.28368000000000004,1,ok,0.000500,0.000500
B,17,220,1787806999.386268,"(768, 1, 1)",2068,0.28368000000000004,1,ok,0.000095,0.000095;0.000095;0.000096
B,17,221,1787806999.961006,"(768, 1, 1)",2040,0.28368000000000004,1,ok,0.000207,0.000207;0.000208;0.000209
B,17,222,1787807000.260144,"(768, 1, 1)",2600,0.28368000000000004,1,ok,0.000250,0.000253;0.000251;0.000250
B,17,223,1787807000.281847,"(384, 1, 1)",1061,0.28368000000000004,1,ok,0.000094,0.000096;0.000094;0.000094
B,17,224,1787807000.580193,"(256, 1, 1)",1065,0.28368000000000004,1,ok,0.000099,0.000103;0.000099;0.000101
B,17,225,1787807000.597200,"(192, 1, 1)",1065,0.28368000000000004,1,ok,0.000097,0.000098;0.000098;0.000097
B,17,226,1787807000.916055,"(96, 1, 1)",1063,0.28368000000000004,1,ok,0.000137,0.000138;0.000143;0.000137
B,17,227,1787807001.308584,"(48, 1, 1)",1065,0.28368000000000004,1,ok,0.000096,0.000096;0.000098;0.000096
B,17,228,1787807001.618722,"(768, 1, 1)",1058,0.28368000000000004,1,ok,0.000535,0.000535
B,17,229,1787807001.933776,"(768, 1, 1)",1058,0.28368000000000004,1,ok,0.000290,0.000290
B,17,230,1787807001.951332,"(768, 1, 1)",1070,0.28368000000000004,1,ok,0.000198,0.000198;0.000198;0.000199
B,17,231,1787807002.270307,"(768, 1, 1)",1048,0.28368000000000004,1,ok,0.000117,0.000117;0.000118;0.000119
B,17,232,1787807002.282206,"(768, 1, 1)",1066,0.28368000000000004,1,ok,0.000162,0.000163;0.000162;0.000163
B,17,233,1787807002.627141,"(384, 1, 1)",1062,0.28368000000000004,1,ok,0.000107,0.000107;0.000110;0.000110
B,17,234,1787807002.816581,"(256, 1, 1)",1516,0.28368000000000004,1,ok,0.000158,0.000158;0.000159;0.000159
B,17,235,1787807003.228362,"(768, 1, 1)",1367,0.28368000000000004,1,ok,0.000263,0.000264;0.000263;0.000265
B,17,236,1787807003.329154,"(192, 1, 1)",1966,0.28368000000000004,1,ok,0.000121,0.000121;0.000122;0.000122
B,17,237,1787807003.547589,"(768, 1, 1)",1201,0.28368000000000004,1,ok,0.000208,0.000208;0.000209;0.000209
B,17,238,1787807004.108648,"(768, 1, 1)",2052,0.28368000000000004,1,ok,0.000090,0.000091;0.000090;0.000091
B,17,239,1787807004.606713,"(768, 1, 1)",1502,0.28368000000000004,1,ok,0.000135,0.000135;0.000135;0.000136
B,17,240,1787807004.932017,"(768, 1, 1)",1236,0.28368000000000004,1,ok,0.000095,0.000097;0.000097;0.000095
B,17,241,1787807005.135425,"(384, 1, 1)",632,0.28368000000000004,1,ok,0.000126,0.000126;0.000128;0.000127
B,17,242,1787807005.212178,"(256, 1, 1)",634,0.28368000000000004,1,ok,0.000126,0.000127;0.000126;0.000127
B,17,243,1787807005.337083,"(192, 1, 1)",638,0.28368000000000004,1,ok,0.000124,0.000125;0.000124;0.000124
B,17,244,1787807005.408453,"(96, 1, 1)",635,0.28368000000000004,1,ok,0.000123,0.000124;0.000124;0.000123
B,17,245,1787807005.540475,"(48, 1, 1)",633,0.28368000000000004,1,ok,0.000140,0.000140;0.000140;0.000140
B,17,246,1787807005.597315,"(768, 1, 1)",625,0.28368000000000004,1,ok,0.000306,0.000306
B,17,247,1787807005.782990,"(768, 1, 1)",626,0.28368000000000004,1,ok,0.000231,0.000232;0.000232;0.000231
B,17,248,1787807005.920119,"(768, 1, 1)",643,0.28368000000000004,1,ok,0.000104,0.000105;0.000105;0.000104
B,17,249,1787807005.953260,"(768, 1, 1)",635,0.28368000000000004,1,ok,0.000111,0.000113;0.000111;0.000113
B,17,250,1787807006.121150,"(768, 1, 1)",640,0.28368000000000004,1,ok,0.000134,0.000134;0.000134;0.000135
B,17,251,1787807006.151529,"(24, 1, 1)",637,0.28368000000000004,1,ok,0.000191,0.000191;0.000191;0.000191
B,17,252,1787807007.921943,"(384, 1, 1)",2065,0.269184,1,ok,0.000108,0.000109;0.000109;0.000108
B,17,253,1787807008.154355,"(256, 1, 1)",2067,0.269184,1,ok,0.000109,0.000110;0.000109;0.000111
B,17,254,1787807008.430729,"(192, 1, 1)",2071,0.269184,1,ok,0.000107,0.000108;0.000107;0.000107
B,17,255,1787807008.685049,"(96, 1, 1)",2068,0.269184,1,ok,0.000123,0.000123;0.000123;0.000124
B,17,256,1787807008.933689,"(48, 1, 1)",2066,0.269184,1,ok,0.000118,0.000118;0.000120;0.000120
B,17,257,1787807009.121266,"(768, 1, 1)",1992,0.269184,1,ok,0.000300,0.000300
B,17,258,1787807009.931356,"(768, 1, 1)",2076,0.269184,1,ok,0.000091,0.000092;0.000094;0.000091
B,17,259,1787807010.058126,"(768, 1, 1)",2075,0.269184,1,ok,0.000127,0.000128;0.000128;0.000127
B,17,260,1787807010.455257,"(24, 1, 1)",2069,0.269184,1,ok,0.000229,0.000230;0.000230;0.000229
B,17,261,1787807011.288628,"(192, 1, 1)",1965,0.269184,1,ok,0.000104,0.000108;0.000107;0.000104
B,17,262,1787807012.099605,"(128, 1, 1)",2868,0.269184,1,ok,0.000214,0.000218;0.000218;0.000214
B,17,263,1787807013.091130,"(384, 1, 1)",2370,0.269184,1,ok,0.000335,0.000335
B,17,264,1787807013.985562,"(384, 1, 1)",2080,0.269184,1,ok,0.000139,0.000142;0.000139;0.000139
B,17,265,1787807014.684102,"(384, 1, 1)",2052,0.269184,1,ok,0.000176,0.000176;0.000176;0.000176
B,17,266,1787807015.116922,"(192, 1, 1)",1076,0.269184,1,ok,0.000099,0.000100;0.000100;0.000099
B,17,267,1787807015.575303,"(128, 1, 1)",1076,0.269184,1,ok,0.000103,0.000105;0.000103;0.000105
B,17,268,1787807015.638652,"(384, 1, 1)",2612,0.269184,1,ok,0.000252,0.000253;0.000256;0.000252
B,17,269,1787807016.010312,"(96, 1, 1)",1074,0.269184,1,ok,0.000138,0.000141;0.000138;0.000142
B,17,270,1787807016.076450,"(48, 1, 1)",1076,0.269184,1,ok,0.000097,0.000097;0.000098;0.000098
B,17,271,1787807016.436544,"(384, 1, 1)",1068,0.269184,1,ok,0.000353,0.000353
B,17,272,1787807016.519561,"(384, 1, 1)",1078,0.269184,1,ok,0.000133,0.000134;0.000133;0.000134
B,17,273,1787807016.899485,"(384, 1, 1)",1079,0.269184,1,ok,0.000191,0.000193;0.000192;0.000191
B,18,1,1787807017.516683,"(6144, 1, 1)",189,inf,1,ok,0.002722,0.002725;0.002722;0.002726
B,18,2,1787807017.531529,"(4096, 1, 1)",226,inf,1,ok,0.002205,0.002205;0.002206;0.002205
B,18,3,1787807017.554907,"(3072, 1, 1)",253,inf,1,ok,0.001932,0.001932;0.001932;0.001934
B,18,4,1787807017.602106,"(12288, 1, 1)",309,inf,1,ok,0.004513,0.004514;0.004515;0.004513
B,18,5,1787807017.661639,"(12288, 1, 1)",986,inf,1,ok,0.004397,0.004398;0.004397;0.004398
B,18,6,1787807017.693806,"(12288, 1, 1)",185,inf,1,ok,0.004167,0.004167;0.004168;0.004169
B,18,7,1787807017.927997,"(12288, 1, 1)",1544,inf,1,ok,0.004408,0.004409;0.004409;0.004408
B,18,8,1787807017.976123,"(12288, 1, 1)",322,inf,1,ok,0.004516,0.004516;0.004517;0.004517
B,18,9,1787807018.080964,"(12288, 1, 1)",279,inf,1,ok,0.004012,0.004013;0.004012;0.004013
B,18,10,1787807018.105699,"(6144, 1, 1)",162,inf,1,ok,0.002295,0.002295;0.002296;0.002296
B,18,11,1787807018.127571,"(4096, 1, 1)",162,inf,1,ok,0.001598,0.001600;0.001598;0.001602
B,18,12,1787807018.150303,"(3072, 1, 1)",164,inf,1,ok,0.001264,0.001272;0.001269;0.001264
B,18,13,1787807018.173095,"(1536, 1, 1)",162,inf,1,ok,0.000843,0.000844;0.000844;0.000843
B,18,14,1787807018.196511,"(768, 1, 1)",164,inf,1,ok,0.000689,0.000689;0.000690;0.000689
B,18,15,1787807018.229113,"(12288, 1, 1)",173,inf,1,ok,0.001881,0.001881;0.001889;0.001888
B,18,16,1787807018.279116,"(12288, 1, 1)",173,inf,1,ok,0.001928,0.001928;0.001929;0.001928
B,18,17,1787807018.305191,"(12288, 1, 1)",173,inf,1,ok,0.002230,0.002230;0.002232;0.002231
B,18,18,1787807018.333670,"(12288, 1, 1)",189,inf,1,ok,0.001898,0.001898;0.001898;0.001898
B,18,19,1787807018.356441,"(384, 1, 1)",164,inf,1,ok,0.000656,0.000656;0.000657;0.000656
B,18,20,1787807018.392232,"(12288, 1, 1)",187,inf,1,ok,0.001946,0.001947;0.001947;0.001946
B,18,21,1787807018.488918,"(192, 1, 1)",199,1.967136,1,ok,0.000780,0.000802;0.000780;0.000791
B,18,22,1787807018.498138,"(384, 1, 1)",200,1.967136,1,ok,0.000650,0.000651;0.000650;0.000652
B,18,23,1787807018.525558,"(128, 1, 1)",236,1.967136,1,ok,0.000963,0.000966;0.000967;0.000963
B,18,24,1787807018.535658,"(96, 1, 1)",269,1.967136,1,ok,0.001143,0.001159;0.001151;0.001143
B,18,25,1787807018.568117,"(384, 1, 1)",262,1.967136,1,ok,0.000651,0.000656;0.000654;0.000651
B,18,26,1787807018.615853,"(384, 1, 1)",322,1.967136,1,ok,0.000687,0.000688;0.000687;0.000687
B,18,27,1787807018.678460,"(384, 1, 1)",999,1.967136,1,ok,0.003422,0.003422
B,18,28,1787807018.711122,"(384, 1, 1)",198,1.967136,1,ok,0.000431,0.000433;0.000433;0.000431
B,18,29,1787807018.858316,"(384, 1, 1)",333,1.967136,1,ok,0.000661,0.000664;0.000663;0.000661
B,18,30,1787807018.908051,"(384, 1, 1)",292,1.967136,1,ok,0.000638,0.000642;0.000638;0.000644
B,18,31,1787807018.935366,"(192, 1, 1)",175,1.967136,1,ok,0.000732,0.000732;0.000734;0.000733
B,18,32,1787807018.945330,"(384, 1, 1)",1555,1.967136,1,ok,0.000425,0.000425;0.000427;0.000425
B,18,33,1787807018.960110,"(128, 1, 1)",175,1.967136,1,ok,0.000701,0.000705;0.000702;0.000701
B,18,34,1787807018.970898,"(96, 1, 1)",175,1.967136,1,ok,0.000879,0.000879;0.000880;0.000879
B,18,35,1787807018.984797,"(48, 1, 1)",174,1.967136,1,ok,0.000868,0.000868;0.000868;0.000868
B,18,36,1787807018.995791,"(24, 1, 1)",174,1.967136,1,ok,0.001613,0.001615;0.001613;0.001613
B,18,37,1787807019.019771,"(384, 1, 1)",191,1.967136,1,ok,0.001402,0.001445;0.001433;0.001402
B,18,38,1787807019.047697,"(384, 1, 1)",191,1.967136,1,ok,0.000550,0.000550;0.000550;0.000550
B,18,39,1787807019.055759,"(384, 1, 1)",191,1.967136,1,ok,0.000593,0.000593;0.000593;0.000594
B,18,40,1787807019.076275,"(384, 1, 1)",203,1.967136,1,ok,0.000549,0.000549;0.000549;0.000550
B,18,41,1787807019.084681,"(384, 1, 1)",207,1.967136,1,ok,0.001446,0.001490;0.001446;0.001476
B,18,42,1787807019.099927,"(12, 1, 1)",173,1.967136,1,ok,0.003260,0.003260
B,18,43,1787807019.129783,"(384, 1, 1)",201,1.967136,1,ok,0.000648,0.000651;0.000650;0.000648
B,18,44,1787807019.161053,"(768, 1, 1)",200,1.967136,1,ok,0.000674,0.000676;0.000674;0.000674
B,18,45,1787807019.174603,"(768, 1, 1)",650,1.967136,1,ok,0.001412,0.001413;0.001413;0.001412
B,18,46,1787807019.195792,"(256, 1, 1)",236,1.967136,1,ok,0.000798,0.000803;0.000799;0.000798
B,18,47,1787807019.214471,"(192, 1, 1)",271,1.967136,1,ok,0.000787,0.000787;0.000787;0.000788
B,18,48,1787807019.235642,"(768, 1, 1)",264,1.967136,1,ok,0.000686,0.000686;0.000691;0.000687
B,18,49,1787807019.283418,"(768, 1, 1)",320,1.967136,1,ok,0.000684,0.000686;0.000684;0.000686
B,18,50,1787807019.316150,"(768, 1, 1)",198,1.967136,1,ok,0.000466,0.000466;0.000466;0.000466
B,18,51,1787807019.347122,"(768, 1, 1)",997,1.967136,1,ok,0.003396,0.003396
B,18,52,1787807019.396762,"(768, 1, 1)",333,1.967136,1,ok,0.000680,0.000680;0.000680;0.000681
B,18,53,1787807019.443153,"(768, 1, 1)",290,1.967136,1,ok,0.000661,0.000662;0.000664;0.000661
B,18,54,1787807019.549655,"(768, 1, 1)",1555,1.967136,1,ok,0.000487,0.000489;0.000488;0.000487
B,18,55,1787807019.677475,"(384, 1, 1)",175,1.967136,1,ok,0.000669,0.000669;0.000671;0.000673
B,18,56,1787807019.701464,"(256, 1, 1)",177,1.967136,1,ok,0.000744,0.000746;0.000744;0.000746
B,18,57,1787807019.727194,"(96, 1, 1)",175,1.967136,1,ok,0.000878,0.000878;0.000879;0.000879
B,18,58,1787807019.751929,"(48, 1, 1)",174,1.967136,1,ok,0.000868,0.000870;0.000868;0.000868
B,18,59,1787807019.778321,"(192, 1, 1)",175,1.967136,1,ok,0.000732,0.000732;0.000732;0.000734
B,18,60,1787807019.787484,"(768, 1, 1)",191,1.967136,1,ok,0.001228,0.001232;0.001244;0.001228
B,18,61,1787807019.815033,"(768, 1, 1)",191,1.967136,1,ok,0.000368,0.000368;0.000369;0.000369
B,18,62,1787807019.842573,"(768, 1, 1)",189,1.967136,1,ok,0.000387,0.000388;0.000387;0.000388
B,18,63,1787807019.850556,"(768, 1, 1)",205,1.967136,1,ok,0.000419,0.000419;0.000419;0.000420
B,18,64,1787807019.869851,"(24, 1, 1)",174,1.967136,1,ok,0.001614,0.001614;0.001615;0.001615
B,18,65,1787807019.881349,"(768, 1, 1)",205,1.967136,1,ok,0.001282,0.001282;0.001290;0.001287
B,18,66,1787807020.004075,"(384, 1, 1)",244,1.102848,1,ok,0.000330,0.000330;0.000331;0.000330
B,18,67,1787807020.048716,"(768, 1, 1)",241,1.102848,1,ok,0.000266,0.000267;0.000266;0.000267
B,18,68,1787807020.094611,"(256, 1, 1)",301,1.102848,1,ok,0.000353,0.000355;0.000353;0.000356
B,18,69,1787807020.126515,"(768, 1, 1)",842,1.102848,1,ok,0.000359,0.000360;0.000361;0.000359
B,18,70,1787807020.152402,"(192, 1, 1)",337,1.102848,1,ok,0.000367,0.000369;0.000367;0.000369
B,18,71,1787807020.183472,"(768, 1, 1)",324,1.102848,1,ok,0.000266,0.000266;0.000266;0.000267
B,18,72,1787807020.238725,"(768, 1, 1)",225,1.102848,1,ok,0.000264,0.000264;0.000264;0.000264
B,18,73,1787807020.327305,"(768, 1, 1)",1022,1.102848,1,ok,0.002318,0.002318
B,18,74,1787807020.382546,"(768, 1, 1)",360,1.102848,1,ok,0.000790,0.000790;0.000794;0.000819
B,18,75,1787807020.435741,"(768, 1, 1)",317,1.102848,1,ok,0.000353,0.000353;0.000353;0.000353
B,18,76,1787807020.466277,"(384, 1, 1)",205,1.102848,1,ok,0.000357,0.000357;0.000357;0.000358
B,18,77,1787807020.476759,"(768, 1, 1)",1580,1.102848,1,ok,0.000251,0.000251;0.000251;0.000251
B,18,78,1787807020.497894,"(256, 1, 1)",207,1.102848,1,ok,0.000427,0.000428;0.000427;0.000429
B,18,79,1787807020.507275,"(192, 1, 1)",205,1.102848,1,ok,0.000420,0.000421;0.000421;0.000420
B,18,80,1787807020.528326,"(96, 1, 1)",205,1.102848,1,ok,0.000558,0.000558;0.000558;0.000558
B,18,81,1787807020.539600,"(48, 1, 1)",204,1.102848,1,ok,0.000566,0.000567;0.000567;0.000566
B,18,82,1787807020.570899,"(768, 1, 1)",198,1.102848,1,ok,0.000363,0.000364;0.000363;0.000363
B,18,83,1787807020.602514,"(768, 1, 1)",202,1.102848,1,ok,0.000435,0.000436;0.000435;0.000436
B,18,84,1787807020.774997,"(768, 1, 1)",196,1.102848,1,ok,0.000359,0.000359;0.000359;0.000359
B,18,85,1787807020.808553,"(768, 1, 1)",202,1.102848,1,ok,0.000376,0.000377;0.000377;0.000376
B,18,86,1787807020.842542,"(768, 1, 1)",212,1.102848,1,ok,0.000351,0.000352;0.000352;0.000351
B,18,87,1787807020.874142,"(768, 1, 1)",202,1.102848,1,ok,0.000341,0.000342;0.000341;0.000342
B,18,88,1787807020.882320,"(768, 1, 1)",212,1.102848,1,ok,0.000349,0.000350;0.000349;0.000350
B,18,89,1787807020.906389,"(768, 1, 1)",202,1.102848,1,ok,0.000435,0.000435;0.000436;0.000436
B,18,90,1787807020.955194,"(384, 1, 1)",245,1.102848,1,ok,0.000337,0.000338;0.000337;0.000337
B,18,91,1787807021.001262,"(768, 1, 1)",240,1.102848,1,ok,0.000377,0.000377;0.000377;0.000377
B,18,92,1787807021.048831,"(256, 1, 1)",299,1.102848,1,ok,0.000346,0.000348;0.000346;0.000348
B,18,93,1787807021.057546,"(768, 1, 1)",840,1.102848,1,ok,0.000724,0.000725;0.000724;0.000727
B,18,94,1787807021.107715,"(192, 1, 1)",337,1.102848,1,ok,0.000406,0.000407;0.000407;0.000406
B,18,95,1787807021.115753,"(768, 1, 1)",322,1.102848,1,ok,0.000380,0.000382;0.000382;0.000380
B,18,96,1787807021.194765,"(768, 1, 1)",345,1.102848,1,ok,0.000384,0.000385;0.000384;0.000385
B,18,97,1787807021.252243,"(768, 1, 1)",1022,1.102848,1,ok,0.001717,0.001717
B,18,98,1787807021.307216,"(768, 1, 1)",358,1.102848,1,ok,0.000383,0.000383;0.000383;0.000383
B,18,99,1787807021.357724,"(768, 1, 1)",317,1.102848,1,ok,0.000373,0.000374;0.000373;0.000373
B,18,100,1787807021.387876,"(384, 1, 1)",205,1.102848,1,ok,0.000392,0.000392;0.000392;0.000392
B,18,101,1787807021.418626,"(256, 1, 1)",207,1.102848,1,ok,0.000430,0.000430;0.000431;0.000430
B,18,102,1787807021.432803,"(768, 1, 1)",1580,1.102848,1,ok,0.000360,0.000361;0.000360;0.000361
B,18,103,1787807021.450246,"(192, 1, 1)",205,1.102848,1,ok,0.000431,0.000432;0.000431;0.000431
B,18,104,1787807021.462724,"(96, 1, 1)",205,1.102848,1,ok,0.000554,0.000555;0.000554;0.000554
B,18,105,1787807021.481215,"(48, 1, 1)",204,1.102848,1,ok,0.000539,0.000540;0.000539;0.000540
B,18,106,1787807021.492365,"(768, 1, 1)",198,1.102848,1,ok,0.000347,0.000347;0.000347;0.000347
B,18,107,1787807021.511169,"(768, 1, 1)",202,1.102848,1,ok,0.000527,0.000528;0.000527;0.000527
B,18,108,1787807021.521796,"(768, 1, 1)",197,1.102848,1,ok,0.000719,0.000719;0.000719;0.000720
B,18,109,1787807021.550282,"(768, 1, 1)",196,1.102848,1,ok,0.000352,0.000352;0.000352;0.000352
B,18,110,1787807021.605360,"(768, 1, 1)",212,1.102848,1,ok,0.000351,0.000351;0.000351;0.000352
B,18,111,1787807021.635261,"(768, 1, 1)",202,1.102848,1,ok,0.000391,0.000391;0.000392;0.000392
B,18,112,1787807021.668757,"(768, 1, 1)",212,1.102848,1,ok,0.000348,0.000349;0.000348;0.000349
B,18,113,1787807021.795527,"(768, 1, 1)",202,1.102848,1,ok,0.000435,0.000436;0.000435;0.000437
B,18,114,1787807021.828158,"(768, 1, 1)",202,1.102848,1,ok,0.000529,0.000529;0.000529;0.000529
B,18,115,1787807021.915424,"(24, 1, 1)",204,1.102848,1,ok,0.001060,0.001060;0.001061;0.001061
B,18,116,1787807022.395099,"(384, 1, 1)",2069,0.751968,1,ok,0.000207,0.000210;0.000207;0.000210
B,18,117,1787807022.413035,"(768, 1, 1)",2064,0.751968,1,ok,0.000204,0.000205;0.000205;0.000204
B,18,118,1787807022.840494,"(256, 1, 1)",2558,0.751968,1,ok,0.000215,0.000218;0.000220;0.000215
B,18,119,1787807023.882493,"(768, 1, 1)",2750,0.751968,1,ok,0.000246,0.000247;0.000246;0.000248
B,18,120,1787807024.247317,"(384, 1, 1)",1594,0.751968,1,ok,0.000252,0.000252;0.000253;0.000253
B,18,121,1787807024.476118,"(256, 1, 1)",1596,0.751968,1,ok,0.000297,0.000297;0.000297;0.000297
B,18,122,1787807024.705814,"(192, 1, 1)",1594,0.751968,1,ok,0.000298,0.000300;0.000300;0.000298
B,18,123,1787807024.936866,"(96, 1, 1)",1592,0.751968,1,ok,0.000381,0.000381;0.000383;0.000382
B,18,124,1787807025.167725,"(48, 1, 1)",1592,0.751968,1,ok,0.000375,0.000376;0.000375;0.000376
B,18,125,1787807025.222427,"(768, 1, 1)",1589,0.751968,1,ok,0.000250,0.000250;0.000250;0.000250
B,18,126,1787807025.454633,"(768, 1, 1)",1587,0.751968,1,ok,0.000340,0.000341;0.000341;0.000340
B,18,127,1787807025.661991,"(768, 1, 1)",1601,0.751968,1,ok,0.000241,0.000241;0.000241;0.000242
B,18,128,1787807025.701303,"(768, 1, 1)",1601,0.751968,1,ok,0.000246,0.000248;0.000247;0.000246
B,18,129,1787807025.767398,"(384, 1, 1)",283,0.751968,1,ok,0.000212,0.000212;0.000212;0.000213
B,18,130,1787807025.835106,"(768, 1, 1)",278,0.751968,1,ok,0.000210,0.000210;0.000210;0.000210
B,18,131,1787807025.907644,"(256, 1, 1)",349,0.751968,1,ok,0.000225,0.000225;0.000226;0.000225
B,18,132,1787807025.937987,"(768, 1, 1)",979,0.751968,1,ok,0.000332,0.000332;0.000334;0.000333
B,18,133,1787807026.003162,"(192, 1, 1)",392,0.751968,1,ok,0.000227,0.000227;0.000227;0.000227
B,18,134,1787807026.032256,"(768, 1, 1)",375,0.751968,1,ok,0.000204,0.000204;0.000205;0.000206
B,18,135,1787807026.087192,"(768, 1, 1)",470,0.751968,1,ok,0.000441,0.000441;0.000443;0.000441
B,18,136,1787807026.340471,"(768, 1, 1)",1712,0.751968,1,ok,0.001199,0.001199
B,18,137,1787807026.443763,"(768, 1, 1)",526,0.751968,1,ok,0.000529,0.000534;0.000529;0.000542
B,18,138,1787807026.529930,"(768, 1, 1)",462,0.751968,1,ok,0.000250,0.000250;0.000252;0.000251
B,18,139,1787807026.941231,"(384, 1, 1)",237,0.751968,1,ok,0.000262,0.000262;0.000262;0.000262
B,18,140,1787807026.957605,"(256, 1, 1)",241,0.751968,1,ok,0.000313,0.000313;0.000313;0.000313
B,18,141,1787807026.982141,"(192, 1, 1)",239,0.751968,1,ok,0.000306,0.000306;0.000307;0.000308
B,18,142,1787807027.002004,"(96, 1, 1)",239,0.751968,1,ok,0.000397,0.000398;0.000397;0.000397
B,18,143,1787807027.025676,"(48, 1, 1)",238,0.751968,1,ok,0.000396,0.000396;0.000397;0.000397
B,18,144,1787807027.045635,"(768, 1, 1)",232,0.751968,1,ok,0.000264,0.000264;0.000264;0.000264
B,18,145,1787807027.070786,"(768, 1, 1)",238,0.751968,1,ok,0.000435,0.000436;0.000435;0.000435
B,18,146,1787807027.115188,"(768, 1, 1)",246,0.751968,1,ok,0.000253,0.000253;0.000253;0.000253
B,18,147,1787807027.130290,"(768, 1, 1)",238,0.751968,1,ok,0.000290,0.000290;0.000290;0.000291
B,18,148,1787807027.159172,"(768, 1, 1)",246,0.751968,1,ok,0.000252,0.000252;0.000253;0.000252
B,18,149,1787807027.171820,"(768, 1, 1)",238,0.751968,1,ok,0.000341,0.000342;0.000341;0.000341
B,18,150,1787807027.198367,"(768, 1, 1)",238,0.751968,1,ok,0.000436,0.000436;0.000436;0.000437
B,18,151,1787807027.436812,"(384, 1, 1)",576,0.6128640000000001,1,ok,0.000185,0.000187;0.000186;0.000185
B,18,152,1787807027.601361,"(768, 1, 1)",576,0.6128640000000001,1,ok,0.000227,0.000227;0.000227;0.000227
B,18,153,1787807027.813716,"(256, 1, 1)",785,0.6128640000000001,1,ok,0.000211,0.000213;0.000212;0.000211
B,18,154,1787807027.912697,"(192, 1, 1)",991,0.6128640000000001,1,ok,0.000239,0.000241;0.000239;0.000241
B,18,155,1787807027.995879,"(768, 1, 1)",793,0.6128640000000001,1,ok,0.000469,0.000469;0.000470;0.000473
B,18,156,1787807029.018501,"(768, 1, 1)",926,0.6128640000000001,1,ok,0.000251,0.000261;0.000260;0.000251
B,18,157,1787807029.177449,"(384, 1, 1)",385,0.6128640000000001,1,ok,0.000163,0.000164;0.000164;0.000163
B,18,158,1787807029.200707,"(768, 1, 1)",765,0.6128640000000001,1,ok,0.000191,0.000192;0.000192;0.000191
B,18,159,1787807029.282254,"(256, 1, 1)",389,0.6128640000000001,1,ok,0.000187,0.000187;0.000189;0.000190
B,18,160,1787807029.301935,"(192, 1, 1)",387,0.6128640000000001,1,ok,0.000176,0.000180;0.000179;0.000176
B,18,161,1787807029.386531,"(96, 1, 1)",391,0.6128640000000001,1,ok,0.000249,0.000254;0.000249;0.000253
B,18,162,1787807029.401720,"(48, 1, 1)",388,0.6128640000000001,1,ok,0.000246,0.000246;0.000250;0.000248
B,18,163,1787807029.485368,"(768, 1, 1)",382,0.6128640000000001,1,ok,0.000867,0.000867
B,18,164,1787807029.491448,"(768, 1, 1)",387,0.6128640000000001,1,ok,0.000203,0.000203;0.000203;0.000204
B,18,165,1787807029.582431,"(768, 1, 1)",382,0.6128640000000001,1,ok,0.000398,0.000398;0.000398;0.000399
B,18,166,1787807029.951696,"(768, 1, 1)",394,0.6128640000000001,1,ok,0.000340,0.000347;0.000349;0.000340
B,18,167,1787807030.037242,"(768, 1, 1)",385,0.6128640000000001,1,ok,0.000118,0.000119;0.000118;0.000120
B,18,168,1787807030.058922,"(768, 1, 1)",398,0.6128640000000001,1,ok,0.000175,0.000176;0.000175;0.000175
B,18,169,1787807030.129463,"(768, 1, 1)",388,0.6128640000000001,1,ok,0.000156,0.000158;0.000156;0.000158
B,18,170,1787807030.151087,"(768, 1, 1)",386,0.6128640000000001,1,ok,0.000206,0.000207;0.000206;0.000207
B,18,171,1787807030.232257,"(24, 1, 1)",386,0.6128640000000001,1,ok,0.000483,0.000489;0.000484;0.000483
B,18,172,1787807033.959725,"(384, 1, 1)",2076,0.6128640000000001,1,ok,0.000196,0.000197;0.000197;0.000196
B,18,173,1787807034.376733,"(256, 1, 1)",2080,0.6128640000000001,1,ok,0.000232,0.000232;0.000232;0.000232
B,18,174,1787807034.761732,"(192, 1, 1)",2078,0.6128640000000001,1,ok,0.000227,0.000228;0.000227;0.000228
B,18,175,1787807035.185239,"(96, 1, 1)",2076,0.6128640000000001,1,ok,0.000292,0.000292;0.000293;0.000294
B,18,176,1787807035.533617,"(48, 1, 1)",2076,0.6128640000000001,1,ok,0.000290,0.000290;0.000290;0.000290
B,18,177,1787807035.572559,"(768, 1, 1)",2072,0.6128640000000001,1,ok,0.000201,0.000201;0.000201;0.000201
B,18,178,1787807035.955056,"(768, 1, 1)",2072,0.6128640000000001,1,ok,0.000231,0.000231;0.000231;0.000231
B,18,179,1787807036.375570,"(768, 1, 1)",2084,0.6128640000000001,1,ok,0.000188,0.000189;0.000188;0.000190
B,18,180,1787807036.407429,"(768, 1, 1)",2084,0.6128640000000001,1,ok,0.000195,0.000195;0.000196;0.000196
B,18,181,1787807036.754825,"(24, 1, 1)",2076,0.6128640000000001,1,ok,0.000695,0.000695
B,18,182,1787807037.001636,"(384, 1, 1)",590,0.354912,1,ok,0.000098,0.000099;0.000098;0.000098
B,18,183,1787807037.132222,"(768, 1, 1)",989,0.354912,1,ok,0.000157,0.000157;0.000165;0.000167
B,18,184,1787807037.174935,"(768, 1, 1)",586,0.354912,1,ok,0.000102,0.000105;0.000102;0.000103
B,18,185,1787807037.434298,"(256, 1, 1)",800,0.354912,1,ok,0.000107,0.000107;0.000107;0.000108
B,18,186,1787807037.791490,"(768, 1, 1)",856,0.354912,1,ok,0.000151,0.000154;0.000151;0.000154
B,18,187,1787807037.829441,"(192, 1, 1)",1005,0.354912,1,ok,0.000114,0.000114;0.000115;0.000118
B,18,188,1787807038.264818,"(768, 1, 1)",1344,0.354912,1,ok,0.000120,0.000121;0.000120;0.000120
B,18,189,1787807038.532791,"(768, 1, 1)",936,0.354912,1,ok,0.000142,0.000146;0.000144;0.000142
B,18,190,1787807038.703378,"(768, 1, 1)",800,0.354912,1,ok,0.000121,0.000121;0.000121;0.000121
B,18,191,1787807038.819803,"(384, 1, 1)",399,0.354912,1,ok,0.000118,0.000118;0.000118;0.000119
B,18,192,1787807038.931647,"(256, 1, 1)",401,0.354912,1,ok,0.000138,0.000139;0.000139;0.000138
B,18,193,1787807039.042379,"(192, 1, 1)",401,0.354912,1,ok,0.000135,0.000135;0.000135;0.000136
B,18,194,1787807039.154644,"(96, 1, 1)",403,0.354912,1,ok,0.000175,0.000175;0.000175;0.000176
B,18,195,1787807039.265261,"(768, 1, 1)",393,0.354912,1,ok,0.000507,0.000507
B,18,196,1787807039.334390,"(48, 1, 1)",398,0.354912,1,ok,0.000174,0.000174;0.000174;0.000174
B,18,197,1787807039.441153,"(768, 1, 1)",394,0.354912,1,ok,0.000293,0.000294;0.000293;0.000294
B,18,198,1787807039.463652,"(768, 1, 1)",409,0.354912,1,ok,0.000120,0.000120;0.000120;0.000122
B,18,199,1787807039.539057,"(768, 1, 1)",399,0.354912,1,ok,0.000181,0.000181;0.000181;0.000182
B,18,200,1787807039.574363,"(768, 1, 1)",408,0.354912,1,ok,0.000214,0.000214;0.000214;0.000214
B,18,201,1787807039.749725,"(384, 1, 1)",590,0.354912,1,ok,0.000128,0.000128;0.000132;0.000140
B,18,202,1787807039.842013,"(768, 1, 1)",990,0.354912,1,ok,0.000093,0.000093;0.000093;0.000094
B,18,203,1787807039.921476,"(768, 1, 1)",586,0.354912,1,ok,0.000116,0.000118;0.000116;0.000117
B,18,204,1787807040.090080,"(256, 1, 1)",800,0.354912,1,ok,0.000140,0.000142;0.000143;0.000140
B,18,205,1787807040.234549,"(192, 1, 1)",1003,0.354912,1,ok,0.000121,0.000121;0.000122;0.000124
B,18,206,1787807040.309829,"(768, 1, 1)",858,0.354912,1,ok,0.000125,0.000125;0.000125;0.000128
B,18,207,1787807040.640876,"(768, 1, 1)",1290,0.354912,1,ok,0.000191,0.000191;0.000191;0.000193
B,18,208,1787807040.808506,"(768, 1, 1)",795,0.354912,1,ok,0.000140,0.000140;0.000140;0.000141
B,18,209,1787807040.981151,"(768, 1, 1)",775,0.354912,1,ok,0.000115,0.000115;0.000116;0.000115
B,18,210,1787807041.231201,"(768, 1, 1)",937,0.354912,1,ok,0.000129,0.000129;0.000129;0.000129
B,18,211,1787807041.340348,"(384, 1, 1)",401,0.354912,1,ok,0.000175,0.000175;0.000177;0.000176
B,18,212,1787807041.449592,"(256, 1, 1)",403,0.354912,1,ok,0.000165,0.000166;0.000166;0.000165
B,18,213,1787807041.467838,"(192, 1, 1)",403,0.354912,1,ok,0.000155,0.000155;0.000157;0.000157
B,18,214,1787807041.559671,"(96, 1, 1)",401,0.354912,1,ok,0.000204,0.000204;0.000205;0.000205
B,18,215,1787807041.570956,"(768, 1, 1)",394,0.354912,1,ok,0.000294,0.000294;0.000294;0.000294
B,18,216,1787807041.669964,"(768, 1, 1)",409,0.354912,1,ok,0.000226,0.000226;0.000227;0.000226
B,18,217,1787807041.682932,"(768, 1, 1)",408,0.354912,1,ok,0.000520,0.000520
B,18,218,1787807042.407704,"(384, 1, 1)",1830,0.277824,1,ok,0.000103,0.000103;0.000104;0.000103
B,18,219,1787807042.791530,"(256, 1, 1)",2675,0.277824,1,ok,0.000369,0.000369
B,18,220,1787807043.531041,"(768, 1, 1)",2299,0.277824,1,ok,0.000495,0.000495
B,18,221,1787807044.849990,"(768, 1, 1)",2009,0.277824,1,ok,0.000094,0.000095;0.000094;0.000095
B,18,222,1787807045.188316,"(768, 1, 1)",1981,0.277824,1,ok,0.000178,0.000179;0.000178;0.000179
B,18,223,1787807045.499731,"(384, 1, 1)",1002,0.277824,1,ok,0.000092,0.000094;0.000093;0.000092
B,18,224,1787807045.729808,"(768, 1, 1)",2541,0.277824,1,ok,0.000243,0.000250;0.000253;0.000243
B,18,225,1787807045.813919,"(256, 1, 1)",1006,0.277824,1,ok,0.000097,0.000097;0.000097;0.000097
B,18,226,1787807046.037432,"(192, 1, 1)",1006,0.277824,1,ok,0.000094,0.000094;0.000096;0.000096
B,18,227,1787807046.125768,"(96, 1, 1)",1004,0.277824,1,ok,0.000133,0.000133;0.000134;0.000134
B,18,228,1787807046.345556,"(48, 1, 1)",1006,0.277824,1,ok,0.000095,0.000097;0.000095;0.000096
B,18,229,1787807046.422605,"(768, 1, 1)",999,0.277824,1,ok,0.000518,0.000518
B,18,230,1787807046.688458,"(768, 1, 1)",999,0.277824,1,ok,0.000255,0.000256;0.000256;0.000255
B,18,231,1787807046.939900,"(768, 1, 1)",1011,0.277824,1,ok,0.000190,0.000192;0.000190;0.000191
B,18,232,1787807047.025296,"(768, 1, 1)",1007,0.277824,1,ok,0.000143,0.000143;0.000144;0.000143
B,18,233,1787807047.583435,"(384, 1, 1)",1831,0.277824,1,ok,0.000144,0.000144;0.000145;0.000144
B,18,234,1787807047.693088,"(384, 1, 1)",1003,0.277824,1,ok,0.000110,0.000110;0.000114;0.000110
B,18,235,1787807048.105860,"(128, 1, 1)",1431,0.277824,1,ok,0.000152,0.000153;0.000152;0.000153
B,18,236,1787807048.519610,"(384, 1, 1)",1346,0.277824,1,ok,0.000257,0.000259;0.000257;0.000259
B,18,237,1787807048.757576,"(96, 1, 1)",1848,0.277824,1,ok,0.000144,0.000144;0.000144;0.000145
B,18,238,1787807048.821599,"(384, 1, 1)",1168,0.277824,1,ok,0.000169,0.000171;0.000170;0.000169
B,18,239,1787807049.345331,"(384, 1, 1)",2023,0.277824,1,ok,0.000095,0.000095;0.000095;0.000096
B,18,240,1787807049.819111,"(384, 1, 1)",1469,0.277824,1,ok,0.000122,0.000124;0.000122;0.000123
B,18,241,1787807050.105940,"(384, 1, 1)",1207,0.277824,1,ok,0.000099,0.000099;0.000099;0.000100
B,18,242,1787807050.295675,"(192, 1, 1)",607,0.277824,1,ok,0.000112,0.000112;0.000113;0.000113
B,18,243,1787807050.483922,"(128, 1, 1)",605,0.277824,1,ok,0.000109,0.000110;0.000110;0.000109
B,18,244,1787807050.595464,"(96, 1, 1)",605,0.277824,1,ok,0.000149,0.000152;0.000149;0.000151
B,18,245,1787807050.675113,"(48, 1, 1)",604,0.277824,1,ok,0.000133,0.000133;0.000133;0.000134
B,18,246,1787807050.788700,"(24, 1, 1)",604,0.277824,1,ok,0.000268,0.000268;0.000273;0.000268
B,18,247,1787807050.975529,"(384, 1, 1)",600,0.277824,1,ok,0.000522,0.000522
B,18,248,1787807051.157781,"(384, 1, 1)",596,0.277824,1,ok,0.000300,0.000300
B,18,249,1787807051.347601,"(384, 1, 1)",607,0.277824,1,ok,0.000140,0.000140;0.000140;0.000141
B,18,250,1787807051.397488,"(384, 1, 1)",601,0.277824,1,ok,0.000144,0.000145;0.000144;0.000144
B,18,251,1787807051.533692,"(384, 1, 1)",612,0.277824,1,ok,0.000203,0.000207;0.000203;0.000205
B,18,252,1787807052.416978,"(192, 1, 1)",1850,0.27513600000000005,1,ok,0.000101,0.000102;0.000101;0.000101
B,18,253,1787807053.528901,"(128, 1, 1)",2697,0.27513600000000005,1,ok,0.000209,0.000209;0.000210;0.000212
B,18,254,1787807054.459635,"(384, 1, 1)",2311,0.27513600000000005,1,ok,0.000334,0.000334
B,18,255,1787807055.173813,"(384, 1, 1)",2021,0.27513600000000005,1,ok,0.000138,0.000143;0.000138;0.000138
B,18,256,1787807055.867910,"(384, 1, 1)",1993,0.27513600000000005,1,ok,0.000149,0.000150;0.000150;0.000149
B,18,257,1787807056.283548,"(192, 1, 1)",1017,0.27513600000000005,1,ok,0.000109,0.000110;0.000109;0.000110
B,18,258,1787807056.621032,"(384, 1, 1)",2553,0.27513600000000005,1,ok,0.000246,0.000249;0.000251;0.000246
B,18,259,1787807056.700551,"(128, 1, 1)",1017,0.27513600000000005,1,ok,0.000110,0.000110;0.000110;0.000111
B,18,260,1787807057.037829,"(96, 1, 1)",1015,0.27513600000000005,1,ok,0.000136,0.000136;0.000137;0.000136
B,18,261,1787807057.114093,"(48, 1, 1)",1017,0.27513600000000005,1,ok,0.000094,0.000097;0.000096;0.000094
B,18,262,1787807057.486370,"(384, 1, 1)",1009,0.27513600000000005,1,ok,0.000343,0.000343
B,18,263,1787807057.531317,"(384, 1, 1)",1019,0.27513600000000005,1,ok,0.000122,0.000122;0.000123;0.000123
B,18,264,1787807057.936072,"(384, 1, 1)",1020,0.27513600000000005,1,ok,0.000181,0.000184;0.000181;0.000182
B,18,265,1787807058.695335,"(96, 1, 1)",1852,0.27513600000000005,1,ok,0.000156,0.000157;0.000156;0.000157
B,18,266,1787807059.945090,"(192, 1, 1)",1844,0.27513600000000005,1,ok,0.000100,0.000102;0.000100;0.000105
B,18,267,1787807060.329168,"(64, 1, 1)",2705,0.27513600000000005,1,ok,0.000209,0.000213;0.000211;0.000209
B,18,268,1787807061.181240,"(192, 1, 1)",2311,0.27513600000000005,1,ok,0.000306,0.000306
B,18,269,1787807061.921893,"(192, 1, 1)",2023,0.27513600000000005,1,ok,0.000141,0.000143;0.000141;0.000141
B,18,270,1787807062.559161,"(192, 1, 1)",1995,0.27513600000000005,1,ok,0.000128,0.000130;0.000128;0.000129
B,18,271,1787807062.976015,"(192, 1, 1)",2555,0.27513600000000005,1,ok,0.000260,0.000264;0.000260;0.000265
B,18,272,1787807063.000150,"(96, 1, 1)",1015,0.27513600000000005,1,ok,0.000136,0.000138;0.000137;0.000136
B,18,273,1787807063.416811,"(64, 1, 1)",1021,0.27513600000000005,1,ok,0.000096,0.000098;0.000096;0.000097
B,18,274,1787807063.830992,"(192, 1, 1)",1013,0.27513600000000005,1,ok,0.000244,0.000245;0.000244;0.000244
B,18,275,1787807063.843812,"(48, 1, 1)",1017,0.27513600000000005,1,ok,0.000094,0.000094;0.000095;0.000096
B,18,276,1787807064.233010,"(192, 1, 1)",1023,0.27513600000000005,1,ok,0.000113,0.000114;0.000113;0.000113
B,19,1,1787807064.740481,"(2048, 1, 1)",220,inf,1,ok,0.003027,0.003032;0.003027;0.003030
B,19,2,1787807064.756465,"(1024, 1, 1)",330,inf,1,ok,0.003618,0.003623;0.003622;0.003618
B,19,3,1787807064.774070,"(4096, 1, 1)",177,inf,1,ok,0.002932,0.002942;0.002932;0.002936
B,19,4,1787807064.788624,"(4096, 1, 1)",173,inf,1,ok,0.002183,0.002183;0.002184;0.002185
B,19,5,1787807064.801305,"(4096, 1, 1)",181,inf,1,ok,0.002570,0.002577;0.002570;0.002572
B,19,6,1787807064.844221,"(4096, 1, 1)",312,inf,1,ok,0.003364,0.003368;0.003364;0.003365
B,19,7,1787807064.881279,"(4096, 1, 1)",224,inf,1,ok,0.001588,0.001588;0.001589;0.001588
B,19,8,1787807064.904271,"(2048, 1, 1)",167,inf,1,ok,0.001656,0.001656;0.001661;0.001661
B,19,9,1787807064.926965,"(1024, 1, 1)",167,inf,1,ok,0.000905,0.000906;0.000906;0.000905
B,19,10,1787807064.945842,"(4096, 1, 1)",904,inf,1,ok,0.001765,0.001769;0.001766;0.001765
B,19,11,1787807064.960824,"(512, 1, 1)",167,inf,1,ok,0.000822,0.000822;0.000823;0.000823
B,19,12,1787807064.969043,"(256, 1, 1)",168,inf,1,ok,0.000885,0.000888;0.000885;0.000889
B,19,13,1787807064.978286,"(4096, 1, 1)",189,inf,1,ok,0.000754,0.000754;0.000754;0.000755
B,19,14,1787807064.995820,"(4096, 1, 1)",180,inf,1,ok,0.001033,0.001055;0.001033;0.001064
B,19,15,1787807065.004894,"(4096, 1, 1)",180,inf,1,ok,0.001596,0.001603;0.001612;0.001596
B,19,16,1787807065.021291,"(4096, 1, 1)",180,inf,1,ok,0.001658,0.001666;0.001658;0.001658
B,19,17,1787807065.031882,"(4096, 1, 1)",190,inf,1,ok,0.000910,0.000912;0.000910;0.000912
B,19,18,1787807065.048992,"(4096, 1, 1)",188,inf,1,ok,0.000662,0.000666;0.000663;0.000662
B,19,19,1787807065.057275,"(4096, 1, 1)",189,inf,1,ok,0.000633,0.000633;0.000635;0.000634
B,19,20,1787807065.072910,"(128, 1, 1)",165,inf,1,ok,0.000907,0.000907;0.000921;0.000921
B,19,21,1787807065.179651,"(2048, 1, 1)",266,1.898496,1,ok,0.001784,0.001784;0.001786;0.001803
B,19,22,1787807065.220640,"(1024, 1, 1)",395,1.898496,1,ok,0.006472,0.006472
B,19,23,1787807065.314491,"(4096, 1, 1)",922,1.898496,1,ok,0.003287,0.003287
B,19,24,1787807065.360266,"(4096, 1, 1)",279,1.898496,1,ok,0.002646,0.002646
B,19,25,1787807065.549582,"(4096, 1, 1)",209,1.898496,1,ok,0.000658,0.000659;0.000658;0.000659
B,19,26,1787807065.586180,"(4096, 1, 1)",212,1.898496,1,ok,0.000595,0.000598;0.000595;0.000597
B,19,27,1787807065.612443,"(4096, 1, 1)",204,1.898496,1,ok,0.000539,0.000539;0.000541;0.000539
B,19,28,1787807065.641319,"(4096, 1, 1)",342,1.898496,1,ok,0.000977,0.000977;0.000977;0.000978
B,19,29,1787807065.652121,"(2048, 1, 1)",201,1.898496,1,ok,0.000901,0.000902;0.000901;0.000910
B,19,30,1787807065.674086,"(1024, 1, 1)",202,1.898496,1,ok,0.001167,0.001171;0.001169;0.001167
B,19,31,1787807065.684490,"(512, 1, 1)",201,1.898496,1,ok,0.001318,0.001332;0.001318;0.001326
B,19,32,1787807065.704975,"(256, 1, 1)",201,1.898496,1,ok,0.001442,0.001454;0.001442;0.001448
B,19,33,1787807065.716037,"(4096, 1, 1)",198,1.898496,1,ok,0.001053,0.001053;0.001077;0.001064
B,19,34,1787807065.734772,"(4096, 1, 1)",196,1.898496,1,ok,0.000532,0.000534;0.000532;0.000532
B,19,35,1787807065.743151,"(4096, 1, 1)",196,1.898496,1,ok,0.000523,0.000523;0.000523;0.000523
B,19,36,1787807065.766642,"(128, 1, 1)",201,1.898496,1,ok,0.001284,0.001308;0.001285;0.001284
B,19,37,1787807065.791690,"(2048, 1, 1)",266,1.898496,1,ok,0.000599,0.000607;0.000599;0.000605
B,19,38,1787807065.836679,"(1024, 1, 1)",393,1.898496,1,ok,0.000718,0.000719;0.000719;0.000718
B,19,39,1787807065.866791,"(4096, 1, 1)",514,1.898496,1,ok,0.003286,0.003286
B,19,40,1787807065.901792,"(4096, 1, 1)",207,1.898496,1,ok,0.000668,0.000670;0.000668;0.000668
B,19,41,1787807065.909924,"(4096, 1, 1)",431,1.898496,1,ok,0.004860,0.004860
B,19,42,1787807065.936222,"(4096, 1, 1)",203,1.898496,1,ok,0.000566,0.000566;0.000566;0.000566
B,19,43,1787807065.944266,"(4096, 1, 1)",211,1.898496,1,ok,0.000602,0.000603;0.000602;0.000602
B,19,44,1787807065.965967,"(2048, 1, 1)",201,1.898496,1,ok,0.000508,0.000510;0.000514;0.000508
B,19,45,1787807065.990227,"(4096, 1, 1)",342,1.898496,1,ok,0.001708,0.001708;0.001709;0.001712
B,19,46,1787807066.002141,"(1024, 1, 1)",200,1.898496,1,ok,0.000414,0.000414;0.000414;0.000415
B,19,47,1787807066.020688,"(512, 1, 1)",201,1.898496,1,ok,0.000437,0.000437;0.000439;0.000439
B,19,48,1787807066.028078,"(256, 1, 1)",201,1.898496,1,ok,0.000494,0.000495;0.000494;0.000494
B,19,49,1787807066.050884,"(4096, 1, 1)",197,1.898496,1,ok,0.001043,0.001043;0.001065;0.001073
B,19,50,1787807066.060141,"(4096, 1, 1)",196,1.898496,1,ok,0.000533,0.000535;0.000533;0.000535
B,19,51,1787807066.080092,"(4096, 1, 1)",196,1.898496,1,ok,0.000535,0.000535;0.000537;0.000538
B,19,52,1787807066.087771,"(128, 1, 1)",200,1.898496,1,ok,0.000512,0.000512;0.000512;0.000514
B,19,53,1787807066.206398,"(512, 1, 1)",279,1.2408000000000001,1,ok,0.000460,0.000465;0.000460;0.000461
B,19,54,1787807066.280087,"(1024, 1, 1)",275,1.2408000000000001,1,ok,0.000530,0.000533;0.000530;0.000532
B,19,55,1787807066.354725,"(256, 1, 1)",420,1.2408000000000001,1,ok,0.000905,0.000905;0.000908;0.000906
B,19,56,1787807066.486391,"(1024, 1, 1)",521,1.2408000000000001,1,ok,0.001066,0.001066;0.001067;0.001069
B,19,57,1787807066.531322,"(1024, 1, 1)",220,1.2408000000000001,1,ok,0.000447,0.000449;0.000447;0.000449
B,19,58,1787807066.569072,"(1024, 1, 1)",215,1.2408000000000001,1,ok,0.000304,0.000306;0.000304;0.000304
B,19,59,1787807066.608068,"(1024, 1, 1)",223,1.2408000000000001,1,ok,0.000384,0.000386;0.000384;0.000384
B,19,60,1787807066.639510,"(1024, 1, 1)",443,1.2408000000000001,1,ok,0.007372,0.007372
B,19,61,1787807066.666003,"(1024, 1, 1)",355,1.2408000000000001,1,ok,0.000790,0.000790;0.000791;0.000791
B,19,62,1787807066.676009,"(512, 1, 1)",211,1.2408000000000001,1,ok,0.000438,0.000438;0.000438;0.000439
B,19,63,1787807066.698405,"(256, 1, 1)",210,1.2408000000000001,1,ok,0.000493,0.000494;0.000494;0.000493
B,19,64,1787807066.706532,"(128, 1, 1)",210,1.2408000000000001,1,ok,0.000514,0.000515;0.000514;0.000515
B,19,65,1787807066.731884,"(64, 1, 1)",212,1.2408000000000001,1,ok,0.000970,0.000971;0.000970;0.000977
B,19,66,1787807066.742092,"(1024, 1, 1)",209,1.2408000000000001,1,ok,0.002796,0.002796
B,19,67,1787807066.765171,"(1024, 1, 1)",208,1.2408000000000001,1,ok,0.000367,0.000368;0.000368;0.000367
B,19,68,1787807066.773025,"(1024, 1, 1)",208,1.2408000000000001,1,ok,0.000380,0.000380;0.000381;0.000380
B,19,69,1787807066.798525,"(32, 1, 1)",210,1.2408000000000001,1,ok,0.001988,0.001988
B,19,70,1787807066.853525,"(256, 1, 1)",278,1.2408000000000001,1,ok,0.000635,0.000639;0.000637;0.000635
B,19,71,1787807066.889381,"(512, 1, 1)",665,1.2408000000000001,1,ok,0.000834,0.000835;0.000838;0.000834
B,19,72,1787807066.904043,"(512, 1, 1)",276,1.2408000000000001,1,ok,0.000476,0.000477;0.000476;0.000476
B,19,73,1787807066.960654,"(128, 1, 1)",421,1.2408000000000001,1,ok,0.001195,0.001195;0.001195;0.001198
B,19,74,1787807066.974054,"(512, 1, 1)",404,1.2408000000000001,1,ok,0.000682,0.000682;0.000685;0.000686
B,19,75,1787807067.034404,"(512, 1, 1)",522,1.2408000000000001,1,ok,0.000887,0.000887;0.000887;0.000888
B,19,76,1787807067.044873,"(512, 1, 1)",444,1.2408000000000001,1,ok,0.007305,0.007305
B,19,77,1787807067.070955,"(512, 1, 1)",220,1.2408000000000001,1,ok,0.000478,0.000478;0.000478;0.000479
B,19,78,1787807067.078518,"(512, 1, 1)",215,1.2408000000000001,1,ok,0.000320,0.000321;0.000322;0.000320
B,19,79,1787807067.107233,"(512, 1, 1)",224,1.2408000000000001,1,ok,0.000412,0.000413;0.000412;0.000412
B,19,80,1787807067.130422,"(512, 1, 1)",354,1.2408000000000001,1,ok,0.000709,0.000709;0.000712;0.000711
B,19,81,1787807067.139155,"(256, 1, 1)",210,1.2408000000000001,1,ok,0.000494,0.000494;0.000494;0.000494
B,19,82,1787807067.161590,"(128, 1, 1)",210,1.2408000000000001,1,ok,0.000512,0.000513;0.000514;0.000512
B,19,83,1787807067.171574,"(64, 1, 1)",211,1.2408000000000001,1,ok,0.000949,0.000995;0.000949;0.000951
B,19,84,1787807067.206821,"(32, 1, 1)",211,1.2408000000000001,1,ok,0.001979,0.001979
B,19,85,1787807067.238751,"(512, 1, 1)",211,1.2408000000000001,1,ok,0.002394,0.002394
B,19,86,1787807067.270088,"(512, 1, 1)",207,1.2408000000000001,1,ok,0.000389,0.000389;0.000389;0.000391
B,19,87,1787807067.300116,"(512, 1, 1)",207,1.2408000000000001,1,ok,0.000395,0.000396;0.000395;0.000396
B,19,88,1787807067.567752,"(1024, 1, 1)",468,0.9108479999999999,1,ok,0.000532,0.000533;0.000532;0.000532
B,19,89,1787807067.614435,"(512, 1, 1)",313,0.9108479999999999,1,ok,0.000302,0.000304;0.000302;0.000302
B,19,90,1787807067.640224,"(1024, 1, 1)",310,0.9108479999999999,1,ok,0.000372,0.000372;0.000372;0.000373
B,19,91,1787807067.717813,"(256, 1, 1)",495,0.9108479999999999,1,ok,0.000558,0.000560;0.000561;0.000558
B,19,92,1787807067.770084,"(1024, 1, 1)",711,0.9108479999999999,1,ok,0.000803,0.000803;0.000803;0.000805
B,19,93,1787807067.823072,"(1024, 1, 1)",257,0.9108479999999999,1,ok,0.000512,0.000512;0.000520;0.000516
B,19,94,1787807067.831846,"(1024, 1, 1)",583,0.9108479999999999,1,ok,0.003693,0.003693
B,19,95,1787807067.871760,"(1024, 1, 1)",251,0.9108479999999999,1,ok,0.000279,0.000280;0.000280;0.000279
B,19,96,1787807067.953202,"(1024, 1, 1)",445,0.9108479999999999,1,ok,0.000587,0.000587;0.000587;0.000587
B,19,97,1787807068.022502,"(1024, 1, 1)",326,0.9108479999999999,1,ok,0.000278,0.000279;0.000278;0.000279
B,19,98,1787807068.060959,"(512, 1, 1)",225,0.9108479999999999,1,ok,0.000322,0.000323;0.000322;0.000323
B,19,99,1787807068.099823,"(256, 1, 1)",225,0.9108479999999999,1,ok,0.000395,0.000395;0.000397;0.000396
B,19,100,1787807068.138274,"(128, 1, 1)",225,0.9108479999999999,1,ok,0.000469,0.000471;0.000469;0.000470
B,19,101,1787807068.167664,"(1024, 1, 1)",1438,0.9108479999999999,1,ok,0.000208,0.000210;0.000210;0.000208
B,19,102,1787807068.181145,"(64, 1, 1)",226,0.9108479999999999,1,ok,0.001033,0.001033
B,19,103,1787807068.205395,"(1024, 1, 1)",224,0.9108479999999999,1,ok,0.001374,0.001374
B,19,104,1787807068.215263,"(1024, 1, 1)",222,0.9108479999999999,1,ok,0.000276,0.000277;0.000277;0.000276
B,19,105,1787807068.244000,"(1024, 1, 1)",222,0.9108479999999999,1,ok,0.000341,0.000347;0.000342;0.000341
B,19,106,1787807068.254609,"(32, 1, 1)",225,0.9108479999999999,1,ok,0.001432,0.001432
B,19,107,1787807068.320592,"(256, 1, 1)",313,0.9108479999999999,1,ok,0.000367,0.000367;0.000372;0.000367
B,19,108,1787807068.387228,"(512, 1, 1)",310,0.9108479999999999,1,ok,0.000313,0.000314;0.000313;0.000313
B,19,109,1787807068.412135,"(512, 1, 1)",819,0.9108479999999999,1,ok,0.000559,0.000563;0.000561;0.000559
B,19,110,1787807068.485095,"(128, 1, 1)",496,0.9108479999999999,1,ok,0.000685,0.000686;0.000686;0.000685
B,19,111,1787807068.511278,"(512, 1, 1)",478,0.9108479999999999,1,ok,0.000465,0.000467;0.000466;0.000465
B,19,112,1787807068.650380,"(512, 1, 1)",712,0.9108479999999999,1,ok,0.000624,0.000624;0.000626;0.000624
B,19,113,1787807068.703758,"(512, 1, 1)",257,0.9108479999999999,1,ok,0.000559,0.000559;0.000597;0.000608
B,19,114,1787807068.753733,"(512, 1, 1)",251,0.9108479999999999,1,ok,0.000288,0.000290;0.000289;0.000288
B,19,115,1787807068.811119,"(512, 1, 1)",583,0.9108479999999999,1,ok,0.004063,0.004063
B,19,116,1787807068.898239,"(512, 1, 1)",444,0.9108479999999999,1,ok,0.000489,0.000489;0.000492;0.000490
B,19,117,1787807068.969947,"(512, 1, 1)",324,0.9108479999999999,1,ok,0.000291,0.000292;0.000292;0.000291
B,19,118,1787807069.008650,"(256, 1, 1)",225,0.9108479999999999,1,ok,0.000394,0.000397;0.000395;0.000394
B,19,119,1787807069.046918,"(128, 1, 1)",225,0.9108479999999999,1,ok,0.000470,0.000475;0.000473;0.000470
B,19,120,1787807069.080459,"(512, 1, 1)",1436,0.9108479999999999,1,ok,0.000226,0.000226;0.000226;0.000227
B,19,121,1787807069.093818,"(64, 1, 1)",225,0.9108479999999999,1,ok,0.001092,0.001092
B,19,122,1787807069.119258,"(32, 1, 1)",226,0.9108479999999999,1,ok,0.001426,0.001426
B,19,123,1787807069.124275,"(512, 1, 1)",226,0.9108479999999999,1,ok,0.001458,0.001458
B,19,124,1787807069.157968,"(512, 1, 1)",222,0.9108479999999999,1,ok,0.000435,0.000435;0.000435;0.000435
B,19,125,1787807069.165862,"(512, 1, 1)",222,0.9108479999999999,1,ok,0.000347,0.000348;0.000348;0.000347
B,19,126,1787807069.974016,"(512, 1, 1)",2664,0.6244799999999999,1,ok,0.000199,0.000199;0.000199;0.000200
B,19,127,1787807070.648877,"(1024, 1, 1)",2663,0.6244799999999999,1,ok,0.000267,0.000268;0.000267;0.000268
B,19,128,1787807071.340905,"(1024, 1, 1)",2710,0.6244799999999999,1,ok,0.000243,0.000245;0.000243;0.000244
B,19,129,1787807072.067106,"(1024, 1, 1)",2570,0.6244799999999999,1,ok,0.000234,0.000235;0.000234;0.000235
B,19,130,1787807072.521023,"(512, 1, 1)",1446,0.6244799999999999,1,ok,0.000225,0.000225;0.000226;0.000226
B,19,131,1787807072.842076,"(256, 1, 1)",1446,0.6244799999999999,1,ok,0.000248,0.000249;0.000248;0.000248
B,19,132,1787807073.172972,"(128, 1, 1)",1446,0.6244799999999999,1,ok,0.000248,0.000250;0.000249;0.000248
B,19,133,1787807073.494754,"(64, 1, 1)",1446,0.6244799999999999,1,ok,0.000260,0.000261;0.000260;0.000260
B,19,134,1787807073.827693,"(1024, 1, 1)",1445,0.6244799999999999,1,ok,0.000199,0.000199;0.000200;0.000200
B,19,135,1787807074.169021,"(1024, 1, 1)",1443,0.6244799999999999,1,ok,0.000202,0.000203;0.000202;0.000203
B,19,136,1787807074.266318,"(1024, 1, 1)",1443,0.6244799999999999,1,ok,0.000227,0.000227;0.000228;0.000227
B,19,137,1787807074.490441,"(32, 1, 1)",1448,0.6244799999999999,1,ok,0.000587,0.000593;0.000590;0.000587
B,19,138,1787807074.958107,"(256, 1, 1)",2664,0.6244799999999999,1,ok,0.000214,0.000217;0.000214;0.000215
B,19,139,1787807075.218268,"(512, 1, 1)",2661,0.6244799999999999,1,ok,0.000204,0.000204;0.000204;0.000206
B,19,140,1787807077.319680,"(512, 1, 1)",2570,0.6244799999999999,1,ok,0.000234,0.000234;0.000234;0.000235
B,19,141,1787807077.394398,"(512, 1, 1)",2708,0.6244799999999999,1,ok,0.000243,0.000244;0.000243;0.000245
B,19,142,1787807077.726526,"(256, 1, 1)",1446,0.6244799999999999,1,ok,0.000249,0.000249;0.000250;0.000249
B,19,143,1787807078.049829,"(128, 1, 1)",1446,0.6244799999999999,1,ok,0.000247,0.000247;0.000250;0.000249
B,19,144,1787807078.373416,"(64, 1, 1)",1446,0.6244799999999999,1,ok,0.000259,0.000263;0.000261;0.000259
B,19,145,1787807078.712356,"(32, 1, 1)",1448,0.6244799999999999,1,ok,0.000588,0.000593;0.000593;0.000588
B,19,146,1787807079.041106,"(512, 1, 1)",1447,0.6244799999999999,1,ok,0.000214,0.000214;0.000214;0.000214
B,19,147,1787807079.368497,"(512, 1, 1)",1443,0.6244799999999999,1,ok,0.000202,0.000202;0.000202;0.000202
B,19,148,1787807079.452891,"(512, 1, 1)",1443,0.6244799999999999,1,ok,0.000228,0.000228;0.000228;0.000228
B,19,149,1787807080.247057,"(512, 1, 1)",2675,0.596736,1,ok,0.000196,0.000198;0.000196;0.000196
B,19,150,1787807080.917753,"(1024, 1, 1)",2670,0.596736,1,ok,0.000191,0.000192;0.000191;0.000192
B,19,151,1787807081.646303,"(1024, 1, 1)",2717,0.596736,1,ok,0.000189,0.000189;0.000189;0.000189
B,19,152,1787807082.380585,"(1024, 1, 1)",2577,0.596736,1,ok,0.000186,0.000186;0.000186;0.000187
B,19,153,1787807083.224722,"(512, 1, 1)",1460,0.596736,1,ok,0.000170,0.000170;0.000173;0.000171
B,19,154,1787807083.557871,"(256, 1, 1)",1460,0.596736,1,ok,0.000397,0.000398;0.000397;0.000401
B,19,155,1787807083.900532,"(1024, 1, 1)",1457,0.596736,1,ok,0.000166,0.000167;0.000166;0.000166
B,19,156,1787807084.238135,"(1024, 1, 1)",1457,0.596736,1,ok,0.000191,0.000192;0.000192;0.000191
B,19,157,1787807087.697732,"(256, 1, 1)",2674,0.596736,1,ok,0.000215,0.000215;0.000215;0.000218
B,19,158,1787807087.914399,"(128, 1, 1)",2674,0.596736,1,ok,0.000215,0.000217;0.000216;0.000215
B,19,159,1787807088.442993,"(64, 1, 1)",2674,0.596736,1,ok,0.000220,0.000222;0.000220;0.000220
B,19,160,1787807088.627274,"(32, 1, 1)",2676,0.596736,1,ok,0.000443,0.000443;0.000444;0.000444
B,19,161,1787807089.360157,"(512, 1, 1)",2671,0.596736,1,ok,0.000202,0.000202;0.000202;0.000202
B,19,162,1787807089.955865,"(512, 1, 1)",2670,0.596736,1,ok,0.000204,0.000204;0.000205;0.000205
B,19,163,1787807090.089130,"(16, 1, 1)",2676,0.596736,1,ok,0.001256,0.001256
B,19,164,1787807091.346596,"(512, 1, 1)",2683,0.4985279999999999,1,ok,0.000166,0.000167;0.000166;0.000166
B,19,165,1787807092.044824,"(1024, 1, 1)",2678,0.4985279999999999,1,ok,0.000152,0.000152;0.000153;0.000153
B,19,166,1787807093.470117,"(1024, 1, 1)",2576,0.4985279999999999,1,ok,0.000167,0.000167;0.000167;0.000168
B,19,167,1787807093.818750,"(512, 1, 1)",1464,0.4985279999999999,1,ok,0.000329,0.000329;0.000331;0.000332
B,19,168,1787807094.155297,"(1024, 1, 1)",1446,0.4985279999999999,1,ok,0.000246,0.000247;0.000246;0.000246
B,19,169,1787807096.318018,"(512, 1, 1)",2683,0.4985279999999999,1,ok,0.000187,0.000189;0.000188;0.000187
B,19,170,1787807096.354097,"(256, 1, 1)",2690,0.4985279999999999,1,ok,0.000193,0.000194;0.000194;0.000193
B,19,171,1787807097.162826,"(512, 1, 1)",2732,0.4985279999999999,1,ok,0.000161,0.000162;0.000161;0.000162
B,19,172,1787807098.483479,"(512, 1, 1)",2590,0.4985279999999999,1,ok,0.000163,0.000163;0.000164;0.000164
B,19,173,1787807098.833907,"(256, 1, 1)",1467,0.4985279999999999,1,ok,0.000474,0.000483;0.000474;0.000478
B,19,174,1787807099.237662,"(512, 1, 1)",1464,0.4985279999999999,1,ok,0.000330,0.000331;0.000330;0.000331
B,19,175,1787807099.578512,"(512, 1, 1)",1464,0.4985279999999999,1,ok,0.000233,0.000234;0.000233;0.000234
B,19,176,1787807103.459653,"(256, 1, 1)",2693,0.456096,1,ok,0.000848,0.000848
B,19,177,1787807103.509081,"(512, 1, 1)",2693,0.456096,1,ok,0.000178,0.000178;0.000178;0.000178
B,19,178,1787807104.101171,"(1024, 1, 1)",2669,0.456096,1,ok,0.000225,0.000225;0.000225;0.000225
B,19,179,1787807107.956509,"(256, 1, 1)",2739,0.456096,1,ok,0.000901,0.000901
B,19,180,1787807108.178931,"(512, 1, 1)",2725,0.456096,1,ok,0.000670,0.000670
B,20,1,1787807109.012129,"(64, 2, 8)",276,inf,1,ok,0.000459,0.000468;0.000459;0.000459
B,20,2,1787807109.057175,"(64, 8, 2)",299,inf,1,ok,0.000559,0.000560;0.000559;0.000562
B,20,3,1787807109.069473,"(64, 2, 2)",684,inf,1,ok,0.000675,0.000676;0.000675;0.000675
B,20,4,1787807109.113180,"(128, 4, 2)",340,inf,1,ok,0.000562,0.000562;0.000562;0.000562
B,20,5,1787807109.139491,"(64, 8, 2)",388,inf,1,ok,0.000563,0.000563;0.000563;0.000563
B,20,6,1787807109.184983,"(128, 2, 2)",459,inf,1,ok,0.000393,0.000393;0.000394;0.000394
B,20,7,1787807109.243482,"(32, 8, 2)",597,inf,1,ok,0.000394,0.000394;0.000394;0.000395
B,20,8,1787807109.312051,"(128, 8, 2)",424,inf,1,ok,0.000853,0.000857;0.000854;0.000853
B,20,9,1787807109.365545,"(128, 8, 2)",312,inf,1,ok,0.000780,0.000782;0.000781;0.000780
B,20,10,1787807109.409698,"(128, 8, 2)",1109,inf,1,ok,0.000825,0.000825;0.000826;0.000826
B,20,11,1787807109.477850,"(128, 8, 2)",445,inf,1,ok,0.000839,0.000859;0.000839;0.000839
B,20,12,1787807109.541214,"(128, 8, 2)",402,inf,1,ok,0.000761,0.000761;0.000762;0.000762
B,20,13,1787807109.579539,"(64, 2, 8)",277,inf,1,ok,0.000457,0.000458;0.000457;0.000458
B,20,14,1787807109.618709,"(128, 8, 2)",1665,inf,1,ok,0.000829,0.000830;0.000830;0.000829
B,20,15,1787807109.662712,"(128, 4, 2)",296,inf,1,ok,0.000460,0.000460;0.000462;0.000460
B,20,16,1787807109.703613,"(64, 8, 2)",277,inf,1,ok,0.000463,0.000463;0.000464;0.000464
B,20,17,1787807109.747234,"(64, 8, 2)",289,inf,1,ok,0.000463,0.000463;0.000463;0.000463
B,20,18,1787807109.792644,"(128, 2, 2)",297,inf,1,ok,0.000261,0.000262;0.000262;0.000261
B,20,19,1787807109.835714,"(32, 8, 2)",291,inf,1,ok,0.000263,0.000263;0.000265;0.000266
B,20,20,1787807109.875849,"(64, 2, 2)",277,inf,1,ok,0.000285,0.000285;0.000285;0.000285
B,20,21,1787807109.919788,"(16, 8, 2)",289,inf,1,ok,0.000282,0.000282;0.000282;0.000282
B,20,22,1787807110.198662,"(8, 8, 2)",291,inf,1,ok,0.000248,0.000249;0.000249;0.000248
B,20,23,1787807110.251399,"(128, 8, 2)",302,inf,1,ok,0.000346,0.000346;0.000347;0.000346
B,20,24,1787807110.297246,"(128, 8, 2)",302,inf,1,ok,0.000373,0.000373;0.000373;0.000373
B,20,25,1787807110.342799,"(128, 8, 2)",302,inf,1,ok,0.000439,0.000440;0.000441;0.000439
B,20,26,1787807110.351240,"(128, 8, 2)",316,inf,1,ok,0.000376,0.000377;0.000376;0.000378
B,20,27,1787807110.386371,"(128, 2, 8)",280,inf,1,ok,0.000850,0.000850;0.000852;0.000863
B,20,28,1787807110.395493,"(128, 8, 2)",316,inf,1,ok,0.000361,0.000361;0.000361;0.000364
B,20,29,1787807110.425850,"(128, 8, 2)",280,inf,1,ok,0.000859,0.000859;0.000862;0.000860
B,20,30,1787807110.436131,"(4, 8, 64)",278,inf,1,ok,0.000863,0.000863;0.000864;0.000864
B,20,31,1787807110.466882,"(512, 2, 2)",278,inf,1,ok,0.000850,0.000850;0.000864;0.000863
B,20,32,1787807110.476348,"(16, 64, 2)",270,inf,1,ok,0.000859,0.000864;0.000859;0.000863
B,20,33,1787807110.505112,"(128, 8, 2)",272,inf,1,ok,0.000842,0.000865;0.000842;0.000848
B,20,34,1787807110.667572,"(4, 2, 8)",289,0.74544,1,ok,0.000221,0.000221;0.000221;0.000221
B,20,35,1787807110.715762,"(4, 8, 2)",312,0.74544,1,ok,0.000353,0.000353;0.000353;0.000353
B,20,36,1787807110.727647,"(4, 2, 2)",697,0.74544,1,ok,0.001182,0.001182
B,20,37,1787807110.813705,"(2, 8, 2)",646,0.74544,1,ok,0.000559,0.000559;0.000559;0.000560
B,20,38,1787807110.873799,"(8, 4, 2)",353,0.74544,1,ok,0.000352,0.000352;0.000352;0.000352
B,20,39,1787807110.943338,"(4, 8, 2)",414,0.74544,1,ok,0.000357,0.000358;0.000358;0.000357
B,20,40,1787807111.018808,"(8, 8, 2)",401,0.74544,1,ok,0.000301,0.000302;0.000301;0.000302
B,20,41,1787807111.028208,"(8, 8, 2)",1960,0.74544,1,ok,0.000750,0.000750
B,20,42,1787807111.097864,"(8, 2, 2)",472,0.74544,1,ok,0.000560,0.000561;0.000560;0.000560
B,20,43,1787807111.131980,"(8, 8, 2)",608,0.74544,1,ok,0.000348,0.000348;0.000348;0.000348
B,20,44,1787807111.200284,"(8, 8, 2)",437,0.74544,1,ok,0.000210,0.000210;0.000210;0.000210
B,20,45,1787807111.254602,"(8, 8, 2)",325,0.74544,1,ok,0.000181,0.000181;0.000181;0.000181
B,20,46,1787807111.262417,"(8, 8, 2)",1120,0.74544,1,ok,0.000194,0.000194;0.000195;0.000196
B,20,47,1787807111.331439,"(8, 8, 2)",456,0.74544,1,ok,0.000218,0.000220;0.000218;0.000220
B,20,48,1787807111.399682,"(8, 8, 2)",411,0.74544,1,ok,0.000243,0.000243;0.000243;0.000243
B,20,49,1787807111.441538,"(4, 2, 8)",290,0.74544,1,ok,0.000221,0.000222;0.000222;0.000221
B,20,50,1787807111.522187,"(8, 8, 2)",1674,0.74544,1,ok,0.000187,0.000187;0.000187;0.000187
B,20,51,1787807111.567330,"(8, 4, 2)",307,0.74544,1,ok,0.000270,0.000271;0.000270;0.000270
B,20,52,1787807111.610587,"(4, 8, 2)",290,0.74544,1,ok,0.000273,0.000273;0.000273;0.000273
B,20,53,1787807111.700839,"(4, 8, 2)",304,0.74544,1,ok,0.000272,0.000272;0.000272;0.000272
B,20,54,1787807111.748226,"(8, 2, 2)",308,0.74544,1,ok,0.000322,0.000322;0.000322;0.000322
B,20,55,1787807111.792541,"(2, 8, 2)",290,0.74544,1,ok,0.000323,0.000323;0.000323;0.000323
B,20,56,1787807111.850570,"(8, 8, 2)",316,0.74544,1,ok,0.000086,0.000086;0.000086;0.000087
B,20,57,1787807111.875309,"(4, 2, 2)",290,0.74544,1,ok,0.000500,0.000500;0.000501;0.000503
B,20,58,1787807111.932615,"(8, 8, 2)",315,0.74544,1,ok,0.000096,0.000097;0.000096;0.000097
B,20,59,1787807111.945936,"(8, 8, 2)",316,0.74544,1,ok,0.000127,0.000127;0.000127;0.000127
B,20,60,1787807111.982873,"(8, 8, 2)",329,0.74544,1,ok,0.000102,0.000103;0.000102;0.000103
B,20,61,1787807111.998743,"(8, 8, 2)",330,0.74544,1,ok,0.000085,0.000085;0.000085;0.000085
B,20,62,1787807112.027237,"(8, 2, 8)",291,0.74544,1,ok,0.000249,0.000249;0.000249;0.000249
B,20,63,1787807112.041968,"(8, 8, 2)",291,0.74544,1,ok,0.000247,0.000247;0.000247;0.000248
B,20,64,1787807112.069870,"(4, 8, 4)",291,0.74544,1,ok,0.000250,0.000250;0.000250;0.000250
B,20,65,1787807112.085473,"(32, 2, 2)",291,0.74544,1,ok,0.000248,0.000249;0.000248;0.000248
B,20,66,1787807112.111521,"(16, 4, 2)",283,0.74544,1,ok,0.000249,0.000249;0.000249;0.000250
B,20,67,1787807112.126729,"(8, 8, 2)",283,0.74544,1,ok,0.000250,0.000250;0.000250;0.000250
B,20,68,1787807112.154308,"(64, 2, 2)",293,0.74544,1,ok,0.000236,0.000236;0.000237;0.000237
B,20,69,1787807112.181332,"(64, 2, 2)",338,0.74544,1,ok,0.000339,0.000340;0.000341;0.000339
B,20,70,1787807112.201968,"(64, 2, 2)",316,0.74544,1,ok,0.000335,0.000335;0.000336;0.000336
B,20,71,1787807112.276415,"(64, 2, 2)",405,0.74544,1,ok,0.000335,0.000337;0.000335;0.000336
B,20,72,1787807112.312277,"(128, 2, 2)",357,0.74544,1,ok,0.000311,0.000311;0.000312;0.000312
B,20,73,1787807112.379740,"(32, 2, 2)",612,0.74544,1,ok,0.000349,0.000350;0.000350;0.000349
B,20,74,1787807112.450368,"(128, 2, 2)",441,0.74544,1,ok,0.000256,0.000258;0.000258;0.000256
B,20,75,1787807112.472325,"(128, 2, 2)",1126,0.74544,1,ok,0.000239,0.000239;0.000241;0.000240
B,20,76,1787807112.504865,"(128, 2, 2)",329,0.74544,1,ok,0.000237,0.000238;0.000237;0.000237
B,20,77,1787807112.575531,"(128, 2, 2)",462,0.74544,1,ok,0.000257,0.000257;0.000258;0.000258
B,20,78,1787807112.643313,"(128, 2, 2)",415,0.74544,1,ok,0.000234,0.000235;0.000234;0.000234
B,20,79,1787807112.683838,"(64, 2, 2)",294,0.74544,1,ok,0.000242,0.000243;0.000242;0.000242
B,20,80,1787807112.722533,"(128, 2, 2)",1678,0.74544,1,ok,0.000261,0.000261;0.000262;0.000262
B,20,81,1787807112.735016,"(64, 2, 2)",294,0.74544,1,ok,0.000284,0.000284;0.000285;0.000286
B,20,82,1787807112.769307,"(64, 2, 2)",294,0.74544,1,ok,0.000285,0.000285;0.000285;0.000285
B,20,83,1787807112.985056,"(64, 2, 2)",306,0.74544,1,ok,0.000273,0.000274;0.000273;0.000274
B,20,84,1787807113.032717,"(16, 2, 2)",306,0.74544,1,ok,0.000271,0.000272;0.000271;0.000271
B,20,85,1787807113.041029,"(32, 2, 2)",306,0.74544,1,ok,0.000245,0.000246;0.000246;0.000245
B,20,86,1787807113.081218,"(8, 2, 2)",308,0.74544,1,ok,0.000322,0.000323;0.000322;0.000322
B,20,87,1787807113.096494,"(128, 2, 2)",322,0.74544,1,ok,0.000119,0.000120;0.000120;0.000119
B,20,88,1787807113.146289,"(128, 2, 2)",322,0.74544,1,ok,0.000119,0.000120;0.000119;0.000119
B,20,89,1787807113.188677,"(128, 2, 2)",322,0.74544,1,ok,0.000148,0.000148;0.000148;0.000148
B,20,90,1787807113.197524,"(128, 2, 2)",336,0.74544,1,ok,0.000125,0.000125;0.000125;0.000125
B,20,91,1787807113.239864,"(128, 2, 2)",297,0.74544,1,ok,0.000261,0.000262;0.000262;0.000261
B,20,92,1787807113.246627,"(128, 2, 2)",336,0.74544,1,ok,0.000113,0.000113;0.000113;0.000113
B,20,93,1787807113.280907,"(128, 2, 2)",297,0.74544,1,ok,0.000261,0.000261;0.000263;0.000263
B,20,94,1787807113.287835,"(4, 2, 64)",295,0.74544,1,ok,0.000262,0.000262;0.000262;0.000263
B,20,95,1787807113.322541,"(128, 2, 2)",297,0.74544,1,ok,0.000262,0.000262;0.000262;0.000264
B,20,96,1787807113.329546,"(4, 64, 2)",295,0.74544,1,ok,0.000263,0.000263;0.000266;0.000263
B,20,97,1787807113.363961,"(128, 2, 2)",289,0.74544,1,ok,0.000262,0.000262;0.000263;0.000264
B,20,98,1787807113.548510,"(4, 2, 8)",330,0.25584,1,ok,0.000055,0.000055;0.000055;0.000056
B,20,99,1787807113.615536,"(4, 8, 2)",368,0.25584,1,ok,0.000080,0.000082;0.000080;0.000081
B,20,100,1787807113.640693,"(4, 2, 2)",823,0.25584,1,ok,0.000350,0.000350
B,20,101,1787807113.735830,"(2, 8, 2)",724,0.25584,1,ok,0.000159,0.000160;0.000159;0.000160
B,20,102,1787807113.808672,"(8, 4, 2)",407,0.25584,1,ok,0.000074,0.000074;0.000075;0.000075
B,20,103,1787807113.891171,"(4, 8, 2)",470,0.25584,1,ok,0.000074,0.000075;0.000075;0.000074
B,20,104,1787807113.981493,"(8, 8, 2)",453,0.25584,1,ok,0.000072,0.000072;0.000072;0.000072
B,20,105,1787807114.025699,"(8, 8, 2)",2160,0.25584,1,ok,0.000129,0.000134;0.000129;0.000135
B,20,106,1787807114.075311,"(8, 2, 2)",548,0.25584,1,ok,0.000214,0.000214;0.000217;0.000217
B,20,107,1787807114.152099,"(8, 8, 2)",678,0.25584,1,ok,0.000082,0.000082;0.000082;0.000083
B,20,108,1787807114.178336,"(8, 8, 2)",676,0.25584,1,ok,0.000204,0.000204;0.000204;0.000204
B,20,109,1787807114.218484,"(8, 8, 2)",374,0.25584,1,ok,0.000093,0.000094;0.000093;0.000094
B,20,110,1787807114.297489,"(8, 8, 2)",474,0.25584,1,ok,0.000088,0.000088;0.000088;0.000088
B,20,111,1787807114.362055,"(8, 8, 2)",362,0.25584,1,ok,0.000063,0.000063;0.000063;0.000064
B,20,112,1787807114.457521,"(8, 8, 2)",493,0.25584,1,ok,0.000144,0.000144;0.000144;0.000144
B,20,113,1787807114.534713,"(8, 8, 2)",450,0.25584,1,ok,0.000083,0.000084;0.000083;0.000084
B,20,114,1787807114.677249,"(8, 8, 2)",1713,0.25584,1,ok,0.000065,0.000065;0.000065;0.000065
B,20,115,1787807114.730259,"(4, 2, 8)",329,0.25584,1,ok,0.000083,0.000083;0.000083;0.000083
B,20,116,1787807114.781919,"(4, 8, 2)",330,0.25584,1,ok,0.000084,0.000084;0.000084;0.000084
B,20,117,1787807114.822987,"(8, 4, 2)",347,0.25584,1,ok,0.000083,0.000083;0.000083;0.000083
B,20,118,1787807114.836939,"(4, 8, 2)",344,0.25584,1,ok,0.000083,0.000083;0.000083;0.000083
B,20,119,1787807114.880113,"(8, 2, 2)",348,0.25584,1,ok,0.000172,0.000172;0.000172;0.000172
B,20,120,1787807114.889537,"(2, 8, 2)",330,0.25584,1,ok,0.000169,0.000169;0.000169;0.000169
B,20,121,1787807114.933764,"(4, 2, 2)",330,0.25584,1,ok,0.000356,0.000356
B,20,122,1787807114.942948,"(8, 8, 2)",335,0.25584,1,ok,0.000086,0.000087;0.000086;0.000086
B,20,123,1787807114.987328,"(8, 8, 2)",335,0.25584,1,ok,0.000087,0.000087;0.000087;0.000087
B,20,124,1787807114.994946,"(8, 8, 2)",335,0.25584,1,ok,0.000084,0.000084;0.000084;0.000085
B,20,125,1787807115.037292,"(8, 2, 8)",330,0.25584,1,ok,0.000085,0.000085;0.000086;0.000086
B,20,126,1787807115.044761,"(8, 8, 2)",330,0.25584,1,ok,0.000085,0.000086;0.000085;0.000086
B,20,127,1787807115.088173,"(4, 8, 4)",330,0.25584,1,ok,0.000086,0.000086;0.000086;0.000086
B,20,128,1787807115.095435,"(32, 2, 2)",330,0.25584,1,ok,0.000085,0.000085;0.000085;0.000085
B,20,129,1787807115.137247,"(16, 4, 2)",322,0.25584,1,ok,0.000085,0.000085;0.000086;0.000086
B,20,130,1787807115.144405,"(8, 8, 2)",324,0.25584,1,ok,0.000086,0.000086;0.000086;0.000086
B,20,131,1787807115.185243,"(4, 2, 8)",316,0.25584,1,ok,0.000047,0.000047;0.000047;0.000047
B,20,132,1787807115.248054,"(4, 8, 2)",354,0.25584,1,ok,0.000075,0.000076;0.000075;0.000076
B,20,133,1787807115.280493,"(4, 2, 2)",812,0.25584,1,ok,0.000348,0.000348
B,20,134,1787807115.363418,"(2, 8, 2)",710,0.25584,1,ok,0.000167,0.000169;0.000167;0.000168
B,20,135,1787807115.432850,"(8, 4, 2)",395,0.25584,1,ok,0.000081,0.000081;0.000081;0.000082
B,20,136,1787807115.513918,"(4, 8, 2)",456,0.25584,1,ok,0.000077,0.000077;0.000077;0.000077
B,20,137,1787807115.601228,"(8, 8, 2)",441,0.25584,1,ok,0.000072,0.000072;0.000073;0.000072
B,20,138,1787807115.666712,"(8, 8, 2)",2150,0.25584,1,ok,0.000111,0.000111;0.000111;0.000111
B,20,139,1787807115.690770,"(8, 2, 2)",536,0.25584,1,ok,0.000165,0.000165;0.000165;0.000165
B,20,140,1787807115.789642,"(8, 8, 2)",666,0.25584,1,ok,0.000067,0.000067;0.000068;0.000069
B,20,141,1787807115.862413,"(8, 8, 2)",462,0.25584,1,ok,0.000092,0.000093;0.000092;0.000092
B,20,142,1787807115.909202,"(8, 8, 2)",350,0.25584,1,ok,0.000064,0.000065;0.000064;0.000065
B,20,143,1787807116.134939,"(8, 8, 2)",1699,0.25584,1,ok,0.000061,0.000061;0.000061;0.000061
B,20,144,1787807116.205940,"(8, 8, 2)",480,0.25584,1,ok,0.000111,0.000111;0.000111;0.000111
B,20,145,1787807116.215584,"(8, 8, 2)",436,0.25584,1,ok,0.000086,0.000086;0.000087;0.000086
B,20,146,1787807116.258333,"(4, 2, 8)",315,0.25584,1,ok,0.000082,0.000082;0.000083;0.000083
B,20,147,1787807116.314597,"(8, 4, 2)",335,0.25584,1,ok,0.000091,0.000091;0.000091;0.000091
B,20,148,1787807116.361219,"(4, 8, 2)",318,0.25584,1,ok,0.000088,0.000088;0.000088;0.000088
B,20,149,1787807116.416150,"(4, 8, 2)",332,0.25584,1,ok,0.000087,0.000087;0.000088;0.000088
B,20,150,1787807116.466918,"(2, 8, 2)",317,0.25584,1,ok,0.000187,0.000187;0.000187;0.000187
B,20,151,1787807116.509622,"(8, 2, 2)",336,0.25584,1,ok,0.000188,0.000188;0.000188;0.000189
B,20,152,1787807116.517860,"(8, 8, 2)",323,0.25584,1,ok,0.000102,0.000103;0.000102;0.000103
B,20,153,1787807116.561613,"(8, 8, 2)",323,0.25584,1,ok,0.000088,0.000088;0.000089;0.000089
B,20,154,1787807116.568921,"(8, 8, 2)",327,0.25584,1,ok,0.000107,0.000107;0.000107;0.000107
B,20,155,1787807116.611662,"(8, 2, 8)",316,0.25584,1,ok,0.000086,0.000086;0.000087;0.000086
B,20,156,1787807116.619050,"(8, 8, 2)",316,0.25584,1,ok,0.000086,0.000086;0.000086;0.000086
B,20,157,1787807116.661369,"(4, 8, 4)",316,0.25584,1,ok,0.000086,0.000086;0.000086;0.000086
B,20,158,1787807116.668572,"(32, 2, 2)",316,0.25584,1,ok,0.000085,0.000085;0.000087;0.000086
B,20,159,1787807116.707984,"(16, 4, 2)",308,0.25584,1,ok,0.000087,0.000087;0.000088;0.000087
B,20,160,1787807116.715333,"(8, 8, 2)",308,0.25584,1,ok,0.000086,0.000087;0.000087;0.000086
B,20,161,1787807116.909643,"(4, 8, 1)",360,0.139968,1,ok,0.000076,0.000076;0.000076;0.000076
B,20,162,1787807116.997022,"(4, 2, 1)",854,0.139968,1,ok,0.000348,0.000348
B,20,163,1787807117.041850,"(2, 8, 1)",728,0.139968,1,ok,0.000164,0.000164
B,20,164,1787807117.118147,"(4, 2, 4)",398,0.139968,1,ok,0.000083,0.000083;0.000083;0.000083
B,20,165,1787807117.210448,"(2, 2, 8)",461,0.139968,1,ok,0.000077,0.000078;0.000078;0.000077
B,20,166,1787807117.308759,"(4, 2, 8)",440,0.139968,1,ok,0.000042,0.000043;0.000043;0.000042
B,20,167,1787807117.414969,"(4, 2, 8)",2161,0.139968,1,ok,0.000077,0.000077;0.000078;0.000077
B,20,168,1787807117.520786,"(4, 2, 2)",553,0.139968,1,ok,0.000167,0.000167
B,20,169,1787807117.668244,"(4, 2, 8)",663,0.139968,1,ok,0.000044,0.000045;0.000045;0.000044
B,20,170,1787807117.711097,"(4, 2, 8)",1118,0.139968,1,ok,0.000149,0.000149
B,20,171,1787807117.753952,"(4, 2, 8)",462,0.139968,1,ok,0.000047,0.000047;0.000047;0.000048
B,20,172,1787807117.773611,"(4, 2, 8)",350,0.139968,1,ok,0.000037,0.000038;0.000037;0.000038
B,20,173,1787807117.836973,"(4, 2, 8)",480,0.139968,1,ok,0.000076,0.000076;0.000076;0.000076
B,20,174,1787807117.851168,"(4, 2, 8)",438,0.139968,1,ok,0.000046,0.000046;0.000047;0.000046
B,20,175,1787807117.887862,"(4, 2, 4)",335,0.139968,1,ok,0.000090,0.000090;0.000090;0.000090
B,20,176,1787807117.897491,"(4, 8, 1)",319,0.139968,1,ok,0.000087,0.000087;0.000088;0.000088
B,20,177,1787807117.938094,"(2, 2, 8)",332,0.139968,1,ok,0.000086,0.000086;0.000087;0.000086
B,20,178,1787807117.946309,"(4, 2, 2)",336,0.139968,1,ok,0.000187,0.000187
B,20,179,1787807117.985824,"(2, 8, 1)",318,0.139968,1,ok,0.000185,0.000185
B,20,180,1787807117.993948,"(4, 2, 8)",323,0.139968,1,ok,0.000056,0.000056;0.000057;0.000056
B,20,181,1787807118.033826,"(4, 2, 8)",323,0.139968,1,ok,0.000049,0.000049;0.000049;0.000049
B,20,182,1787807118.041814,"(4, 2, 8)",327,0.139968,1,ok,0.000059,0.000059;0.000059;0.000059
B,20,183,1787807118.079853,"(4, 8, 2)",316,0.139968,1,ok,0.000047,0.000047;0.000047;0.000047
B,20,184,1787807118.086852,"(8, 2, 4)",316,0.139968,1,ok,0.000047,0.000048;0.000047;0.000047
B,20,185,1787807118.129889,"(2, 4, 8)",316,0.139968,1,ok,0.000047,0.000047;0.000048;0.000047
B,20,186,1787807118.296794,"(4, 2, 1)",865,0.139968,1,ok,0.000348,0.000348
B,20,187,1787807118.393229,"(4, 8, 1)",374,0.139968,1,ok,0.000080,0.000081;0.000080;0.000080
B,20,188,1787807118.432112,"(2, 8, 1)",742,0.139968,1,ok,0.000148,0.000148
B,20,189,1787807118.516180,"(4, 2, 4)",410,0.139968,1,ok,0.000079,0.000079;0.000079;0.000079
B,20,190,1787807118.609715,"(2, 2, 8)",475,0.139968,1,ok,0.000078,0.000079;0.000079;0.000078
B,20,191,1787807118.710463,"(4, 2, 8)",452,0.139968,1,ok,0.000057,0.000057;0.000057;0.000057
B,20,192,1787807118.812523,"(4, 2, 2)",565,0.139968,1,ok,0.000159,0.000159
B,20,193,1787807118.830558,"(4, 2, 8)",2171,0.139968,1,ok,0.000109,0.000109;0.000109;0.000110
B,20,194,1787807118.948971,"(4, 2, 8)",674,0.139968,1,ok,0.000174,0.000174
B,20,195,1787807118.956499,"(4, 2, 8)",675,0.139968,1,ok,0.000075,0.000075;0.000075;0.000075
B,20,196,1787807119.022274,"(4, 2, 8)",374,0.139968,1,ok,0.000054,0.000054;0.000054;0.000054
B,20,197,1787807119.109535,"(4, 2, 8)",474,0.139968,1,ok,0.000054,0.000054;0.000054;0.000055
B,20,198,1787807119.246469,"(4, 2, 8)",362,0.139968,1,ok,0.000045,0.000045;0.000046;0.000045
B,20,199,1787807119.338062,"(4, 2, 8)",493,0.139968,1,ok,0.000116,0.000116;0.000117;0.000116
B,20,200,1787807119.420060,"(4, 2, 8)",452,0.139968,1,ok,0.000059,0.000060;0.000059;0.000060
B,20,201,1787807119.432106,"(4, 2, 8)",1715,0.139968,1,ok,0.000047,0.000047;0.000047;0.000047
B,20,202,1787807119.473326,"(4, 2, 4)",347,0.139968,1,ok,0.000082,0.000082;0.000082;0.000083
B,20,203,1787807119.482095,"(4, 8, 1)",331,0.139968,1,ok,0.000084,0.000084;0.000084;0.000084
B,20,204,1787807119.525236,"(2, 2, 8)",344,0.139968,1,ok,0.000082,0.000083;0.000082;0.000083
B,20,205,1787807119.536714,"(4, 2, 2)",348,0.139968,1,ok,0.000169,0.000169
B,20,206,1787807119.575260,"(2, 8, 1)",331,0.139968,1,ok,0.000167,0.000167
B,20,207,1787807119.587407,"(4, 2, 1)",331,0.139968,1,ok,0.000356,0.000356
B,20,208,1787807119.625369,"(4, 2, 8)",335,0.139968,1,ok,0.000047,0.000048;0.000047;0.000047
B,20,209,1787807119.640430,"(4, 2, 8)",335,0.139968,1,ok,0.000048,0.000048;0.000049;0.000049
B,20,210,1787807119.675701,"(4, 2, 8)",335,0.139968,1,ok,0.000048,0.000048;0.000048;0.000048
B,20,211,1787807119.689855,"(4, 8, 2)",330,0.139968,1,ok,0.000055,0.000055;0.000055;0.000055
B,20,212,1787807119.724745,"(8, 2, 4)",330,0.139968,1,ok,0.000054,0.000054;0.000055;0.000055
B,20,213,1787807119.740602,"(2, 4, 8)",330,0.139968,1,ok,0.000055,0.000055;0.000057;0.000055
B,20,214,1787807119.954971,"(4, 8, 1)",401,0.112032,1,ok,0.000051,0.000051;0.000051;0.000051
B,20,215,1787807120.083156,"(4, 2, 1)",935,0.112032,1,ok,0.000191,0.000191
B,20,216,1787807120.133671,"(2, 8, 1)",775,0.112032,1,ok,0.000102,0.000102;0.000103;0.000102
B,20,217,1787807120.239529,"(4, 2, 4)",437,0.112032,1,ok,0.000057,0.000057;0.000057;0.000057
B,20,218,1787807120.361283,"(2, 2, 8)",502,0.112032,1,ok,0.000054,0.000054;0.000054;0.000054
B,20,219,1787807120.648621,"(4, 2, 8)",2298,0.112032,1,ok,0.000072,0.000072;0.000072;0.000073
B,20,220,1787807120.722645,"(4, 2, 8)",479,0.112032,1,ok,0.000035,0.000035;0.000036;0.000036
B,20,221,1787807120.795724,"(4, 2, 2)",606,0.112032,1,ok,0.000105,0.000106;0.000105;0.000105
B,20,222,1787807120.905096,"(4, 2, 8)",716,0.112032,1,ok,0.000038,0.000038;0.000039;0.000039
B,20,223,1787807121.020511,"(4, 2, 8)",614,0.112032,1,ok,0.000038,0.000038;0.000039;0.000038
B,20,224,1787807121.146152,"(4, 2, 8)",1808,0.112032,1,ok,0.000116,0.000116
B,20,225,1787807121.156979,"(4, 2, 8)",646,0.112032,1,ok,0.000055,0.000056;0.000055;0.000055
B,20,226,1787807121.218813,"(4, 2, 4)",369,0.112032,1,ok,0.000066,0.000067;0.000066;0.000067
B,20,227,1787807121.254875,"(4, 2, 8)",583,0.112032,1,ok,0.000036,0.000036;0.000036;0.000037
B,20,228,1787807121.282707,"(4, 8, 1)",353,0.112032,1,ok,0.000063,0.000063;0.000064;0.000063
B,20,229,1787807121.321644,"(2, 2, 8)",366,0.112032,1,ok,0.000063,0.000063;0.000063;0.000063
B,20,230,1787807121.352054,"(4, 2, 2)",370,0.112032,1,ok,0.000132,0.000132
B,20,231,1787807121.386194,"(2, 8, 1)",352,0.112032,1,ok,0.000133,0.000133
B,20,232,1787807121.419969,"(4, 2, 8)",357,0.112032,1,ok,0.000046,0.000046;0.000046;0.000046
B,20,233,1787807121.490732,"(4, 2, 8)",363,0.112032,1,ok,0.000049,0.000050;0.000050;0.000049
B,20,234,1787807121.553970,"(4, 8, 2)",350,0.112032,1,ok,0.000037,0.000037;0.000038;0.000037
B,20,235,1787807121.621740,"(2, 4, 8)",350,0.112032,1,ok,0.000037,0.000037;0.000038;0.000038
B,20,236,1787807121.690223,"(8, 2, 4)",350,0.112032,1,ok,0.000037,0.000037;0.000037;0.000038
B,20,237,1787807121.819235,"(4, 8, 1)",517,0.112032,1,ok,0.000059,0.000060;0.000059;0.000060
B,20,238,1787807121.968447,"(4, 2, 1)",1397,0.112032,1,ok,0.000370,0.000370
B,20,239,1787807122.072436,"(2, 8, 1)",1221,0.112032,1,ok,0.000165,0.000165
B,20,240,1787807122.200598,"(4, 2, 4)",571,0.112032,1,ok,0.000065,0.000066;0.000065;0.000067
B,20,241,1787807122.348318,"(2, 2, 8)",702,0.112032,1,ok,0.000061,0.000061;0.000061;0.000062
B,20,242,1787807122.594057,"(4, 2, 2)",848,0.112032,1,ok,0.000171,0.000171
B,20,243,1787807122.747191,"(4, 2, 8)",1164,0.112032,1,ok,0.000070,0.000070;0.000070;0.000071
B,20,244,1787807122.871968,"(4, 2, 8)",1540,0.112032,1,ok,0.000183,0.000183
B,20,245,1787807122.895201,"(4, 2, 8)",647,0.112032,1,ok,0.000044,0.000044;0.000044;0.000044
B,20,246,1787807123.048394,"(4, 2, 8)",667,0.112032,1,ok,0.000098,0.000098;0.000098;0.000098
B,20,247,1787807123.192824,"(4, 2, 8)",604,0.112032,1,ok,0.000040,0.000040;0.000040;0.000040
B,20,248,1787807123.292751,"(4, 8, 1)",443,0.112032,1,ok,0.000066,0.000066;0.000066;0.000067
B,20,249,1787807123.329615,"(4, 2, 4)",459,0.112032,1,ok,0.000070,0.000070;0.000071;0.000071
B,20,250,1787807123.399497,"(2, 2, 8)",456,0.112032,1,ok,0.000065,0.000065;0.000066;0.000065
B,20,251,1787807123.437048,"(4, 2, 2)",460,0.112032,1,ok,0.000176,0.000176
B,20,252,1787807123.499028,"(2, 8, 1)",443,0.112032,1,ok,0.000177,0.000177
B,20,253,1787807123.533982,"(4, 2, 1)",444,0.112032,1,ok,0.000357,0.000357
B,20,254,1787807123.597721,"(4, 2, 8)",445,0.112032,1,ok,0.000045,0.000045;0.000045;0.000045
B,20,255,1787807123.633311,"(4, 2, 8)",447,0.112032,1,ok,0.000037,0.000037;0.000037;0.000037
B,20,256,1787807123.696838,"(4, 2, 8)",450,0.112032,1,ok,0.000047,0.000047;0.000047;0.000047
B,20,257,1787807123.730581,"(4, 2, 8)",452,0.112032,1,ok,0.000077,0.000077;0.000077;0.000077
B,20,258,1787807123.793484,"(4, 8, 2)",440,0.112032,1,ok,0.000042,0.000043;0.000043;0.000042
B,20,259,1787807123.832129,"(8, 2, 4)",440,0.112032,1,ok,0.000043,0.000043;0.000043;0.000043
B,20,260,1787807123.932647,"(2, 4, 8)",440,0.112032,1,ok,0.000043,0.000043;0.000043;0.000043
B,20,261,1787807124.304566,"(4, 8, 1)",570,0.10569599999999998,1,ok,0.000044,0.000045;0.000045;0.000044
B,20,262,1787807124.518706,"(4, 2, 1)",1534,0.10569599999999998,1,ok,0.000186,0.000186
B,20,263,1787807124.626422,"(2, 8, 1)",1296,0.10569599999999998,1,ok,0.000097,0.000098;0.000098;0.000097
B,20,264,1787807124.794106,"(4, 2, 4)",624,0.10569599999999998,1,ok,0.000058,0.000058;0.000058;0.000058
B,20,265,1787807124.982336,"(2, 2, 8)",755,0.10569599999999998,1,ok,0.000045,0.000045;0.000046;0.000046
B,20,266,1787807125.356649,"(4, 2, 2)",929,0.10569599999999998,1,ok,0.000133,0.000133
B,20,267,1787807125.492187,"(4, 2, 8)",1245,0.10569599999999998,1,ok,0.000059,0.000059;0.000059;0.000059
B,20,268,1787807125.700778,"(4, 2, 8)",815,0.10569599999999998,1,ok,0.000034,0.000034;0.000034;0.000034
B,20,269,1787807125.926996,"(4, 2, 8)",2338,0.10569599999999998,1,ok,0.000127,0.000127
B,20,270,1787807125.940597,"(4, 2, 8)",859,0.10569599999999998,1,ok,0.000073,0.000073;0.000073;0.000073
B,20,271,1787807126.059797,"(4, 2, 4)",498,0.10569599999999998,1,ok,0.000054,0.000055;0.000054;0.000055
B,20,272,1787807126.118175,"(4, 2, 8)",763,0.10569599999999998,1,ok,0.000036,0.000036;0.000036;0.000036
B,20,273,1787807126.180040,"(4, 8, 1)",482,0.10569599999999998,1,ok,0.000050,0.000050;0.000051;0.000050
B,20,274,1787807126.248272,"(2, 2, 8)",495,0.10569599999999998,1,ok,0.000050,0.000050;0.000051;0.000051
B,20,275,1787807126.309954,"(4, 2, 2)",499,0.10569599999999998,1,ok,0.000123,0.000123
B,20,276,1787807126.371025,"(2, 8, 1)",482,0.10569599999999998,1,ok,0.000122,0.000122
B,20,277,1787807126.434441,"(4, 2, 1)",483,0.10569599999999998,1,ok,0.000234,0.000234
B,20,278,1787807126.493152,"(4, 2, 8)",484,0.10569599999999998,1,ok,0.000039,0.000040;0.000039;0.000039
B,20,279,1787807126.558175,"(4, 2, 8)",491,0.10569599999999998,1,ok,0.000041,0.000041;0.000042;0.000042
B,20,280,1787807126.609104,"(4, 2, 8)",493,0.10569599999999998,1,ok,0.000072,0.000072;0.000073;0.000073
B,20,281,1787807126.685361,"(4, 8, 2)",479,0.10569599999999998,1,ok,0.000035,0.000036;0.000035;0.000036
B,20,282,1787807126.812496,"(8, 2, 4)",479,0.10569599999999998,1,ok,0.000035,0.000035;0.000036;0.000036
B,20,283,1787807126.998513,"(2, 4, 8)",479,0.10569599999999998,1,ok,0.000035,0.000035;0.000035;0.000036
B,20,284,1787807127.171156,"(4, 8, 1)",687,0.10569599999999998,1,ok,0.000048,0.000048;0.000048;0.000048
B,20,285,1787807127.227539,"(4, 2, 1)",1527,0.10569599999999998,1,ok,0.000166,0.000166
B,20,286,1787807127.456216,"(2, 8, 1)",1163,0.10569599999999998,1,ok,0.000094,0.000094;0.000094;0.000094
B,20,287,1787807127.623952,"(4, 2, 4)",720,0.10569599999999998,1,ok,0.000054,0.000055;0.000054;0.000055
B,20,288,1787807127.816150,"(2, 2, 8)",786,0.10569599999999998,1,ok,0.000050,0.000051;0.000050;0.000051
B,20,289,1787807128.224816,"(4, 2, 2)",990,0.10569599999999998,1,ok,0.000094,0.000095;0.000094;0.000095
B,20,290,1787807128.487429,"(4, 2, 8)",1097,0.10569599999999998,1,ok,0.000041,0.000041;0.000041;0.000042
B,20,291,1787807128.788450,"(4, 2, 8)",1602,0.10569599999999998,1,ok,0.000035,0.000036;0.000035;0.000036
B,20,292,1787807129.336570,"(4, 2, 8)",2871,0.10569599999999998,1,ok,0.000036,0.000036;0.000036;0.000036
B,20,293,1787807129.644053,"(4, 2, 8)",1630,0.10569599999999998,1,ok,0.000057,0.000057;0.000057;0.000057
B,20,294,1787807129.757285,"(4, 2, 4)",599,0.10569599999999998,1,ok,0.000061,0.000062;0.000061;0.000062
B,20,295,1787807129.866860,"(4, 8, 1)",586,0.10569599999999998,1,ok,0.000060,0.000060;0.000061;0.000060
B,20,296,1787807129.884474,"(4, 2, 8)",1560,0.10569599999999998,1,ok,0.000037,0.000038;0.000037;0.000037
B,20,297,1787807129.981337,"(2, 2, 8)",597,0.10569599999999998,1,ok,0.000060,0.000060;0.000060;0.000060
B,20,298,1787807129.999759,"(4, 2, 2)",599,0.10569599999999998,1,ok,0.000123,0.000123
B,20,299,1787807130.091012,"(2, 8, 1)",585,0.10569599999999998,1,ok,0.000122,0.000122
B,20,300,1787807130.110049,"(4, 2, 8)",590,0.10569599999999998,1,ok,0.000044,0.000044;0.000044;0.000045
B,20,301,1787807130.205107,"(4, 2, 8)",596,0.10569599999999998,1,ok,0.000048,0.000048;0.000048;0.000048
B,20,302,1787807130.219949,"(4, 8, 2)",583,0.10569599999999998,1,ok,0.000036,0.000037;0.000036;0.000037
B,20,303,1787807130.336307,"(8, 2, 4)",583,0.10569599999999998,1,ok,0.000036,0.000036;0.000037;0.000037
B,20,304,1787807130.442356,"(2, 4, 8)",583,0.10569599999999998,1,ok,0.000036,0.000037;0.000037;0.000036
B,20,305,1787807130.859794,"(4, 8, 1)",1046,0.10166399999999999,1,ok,0.000072,0.000073;0.000072;0.000073
B,20,306,1787807131.404249,"(2, 8, 1)",2032,0.10166399999999999,1,ok,0.000138,0.000138
B,20,307,1787807131.581399,"(4, 2, 1)",2840,0.10166399999999999,1,ok,0.000280,0.000280
B,20,308,1787807131.884709,"(4, 2, 4)",1098,0.10166399999999999,1,ok,0.000078,0.000079;0.000079;0.000078
B,20,309,1787807132.182656,"(2, 2, 8)",1229,0.10166399999999999,1,ok,0.000079,0.000079;0.000079;0.000079
B,20,310,1787807132.481108,"(4, 2, 8)",1188,0.10166399999999999,1,ok,0.000041,0.000042;0.000041;0.000042
B,20,311,1787807132.919566,"(4, 2, 2)",1681,0.10166399999999999,1,ok,0.000135,0.000135
B,20,312,1787807133.043635,"(4, 2, 8)",1991,0.10166399999999999,1,ok,0.000065,0.000065;0.000065;0.000065
B,20,313,1787807133.495433,"(4, 2, 8)",2249,0.10166399999999999,1,ok,0.000064,0.000065;0.000064;0.000065
B,20,314,1787807133.529944,"(4, 2, 8)",1995,0.10166399999999999,1,ok,0.000030,0.000030;0.000030;0.000031
B,20,315,1787807133.707279,"(4, 2, 4)",834,0.10166399999999999,1,ok,0.000064,0.000064;0.000064;0.000064
B,20,316,1787807133.730643,"(4, 8, 1)",818,0.10166399999999999,1,ok,0.000063,0.000063;0.000063;0.000064
B,20,317,1787807133.913605,"(2, 2, 8)",831,0.10166399999999999,1,ok,0.000065,0.000065;0.000066;0.000067
B,20,318,1787807133.934967,"(4, 2, 2)",835,0.10166399999999999,1,ok,0.000130,0.000130
B,20,319,1787807134.149780,"(2, 8, 1)",818,0.10166399999999999,1,ok,0.000131,0.000131
B,20,320,1787807134.156397,"(4, 2, 1)",819,0.10166399999999999,1,ok,0.000238,0.000238
B,20,321,1787807134.360206,"(4, 2, 8)",827,0.10166399999999999,1,ok,0.000041,0.000041;0.000041;0.000041
B,20,322,1787807134.558220,"(4, 2, 8)",829,0.10166399999999999,1,ok,0.000072,0.000072;0.000072;0.000072
B,20,323,1787807134.725890,"(4, 8, 2)",815,0.10166399999999999,1,ok,0.000034,0.000034;0.000035;0.000034
B,20,324,1787807134.760794,"(8, 2, 4)",815,0.10166399999999999,1,ok,0.000034,0.000034;0.000034;0.000034
B,20,325,1787807134.922336,"(2, 4, 8)",815,0.10166399999999999,1,ok,0.000034,0.000034;0.000034;0.000034
B,20,326,1787807135.082261,"(8, 2, 1)",1296,0.10166399999999999,1,ok,0.000097,0.000097;0.000098;0.000097
B,20,327,1787807135.130467,"(8, 4, 1)",570,0.10166399999999999,1,ok,0.000045,0.000045;0.000045;0.000045
B,20,328,1787807135.627661,"(2, 4, 1)",1534,0.10166399999999999,1,ok,0.000185,0.000185
B,20,329,1787807135.857137,"(8, 2, 4)",2298,0.10166399999999999,1,ok,0.000072,0.000073;0.000073;0.000072
B,20,330,1787807135.897878,"(8, 2, 2)",755,0.10166399999999999,1,ok,0.000045,0.000045;0.000045;0.000045
B,20,331,1787807136.076504,"(4, 2, 4)",624,0.10166399999999999,1,ok,0.000057,0.000058;0.000057;0.000059
B,20,332,1787807136.131340,"(8, 2, 4)",716,0.10166399999999999,1,ok,0.000039,0.000039;0.000039;0.000039
B,20,333,1787807136.439841,"(2, 2, 4)",929,0.10166399999999999,1,ok,0.000132,0.000132
B,20,334,1787807136.855153,"(8, 2, 4)",1245,0.10166399999999999,1,ok,0.000059,0.000059;0.000059;0.000059
B,20,335,1787807137.172557,"(8, 2, 4)",2338,0.10166399999999999,1,ok,0.000127,0.000127
B,20,336,1787807137.351690,"(8, 2, 4)",859,0.10166399999999999,1,ok,0.000072,0.000072;0.000073;0.000073
B,20,337,1787807137.409055,"(8, 2, 4)",763,0.10166399999999999,1,ok,0.000036,0.000036;0.000036;0.000036
B,20,338,1787807137.538901,"(8, 2, 2)",495,0.10166399999999999,1,ok,0.000050,0.000050;0.000050;0.000052
B,20,339,1787807137.575933,"(8, 4, 1)",482,0.10166399999999999,1,ok,0.000051,0.000051;0.000051;0.000051
B,20,340,1787807137.703862,"(8, 2, 1)",482,0.10166399999999999,1,ok,0.000120,0.000120
B,20,341,1787807137.714090,"(4, 2, 4)",498,0.10166399999999999,1,ok,0.000055,0.000056;0.000056;0.000055
B,20,342,1787807137.876307,"(2, 2, 4)",499,0.10166399999999999,1,ok,0.000122,0.000122
B,20,343,1787807137.883932,"(2, 4, 1)",483,0.10166399999999999,1,ok,0.000235,0.000235
B,20,344,1787807138.054258,"(8, 2, 4)",484,0.10166399999999999,1,ok,0.000039,0.000039;0.000040;0.000039
B,20,345,1787807138.068623,"(8, 2, 4)",491,0.10166399999999999,1,ok,0.000041,0.000041;0.000042;0.000042
B,20,346,1787807138.190435,"(8, 4, 2)",479,0.10166399999999999,1,ok,0.000035,0.000035;0.000036;0.000036
B,20,347,1787807138.236080,"(8, 2, 4)",493,0.10166399999999999,1,ok,0.000072,0.000073;0.000072;0.000072
B,20,348,1787807138.355601,"(2, 8, 4)",479,0.10166399999999999,1,ok,0.000035,0.000035;0.000035;0.000036
B,20,349,1787807139.176471,"(4, 8, 1)",2636,0.08851200000000001,1,ok,0.000048,0.000048;0.000048;0.000048
B,20,350,1787807139.209507,"(4, 2, 4)",2685,0.08851200000000001,1,ok,0.000049,0.000049;0.000049;0.000049
B,20,351,1787807139.806182,"(2, 2, 8)",2817,0.08851200000000001,1,ok,0.000049,0.000049;0.000050;0.000050
B,20,352,1787807139.825195,"(4, 2, 8)",2753,0.08851200000000001,1,ok,0.000039,0.000039;0.000040;0.000039
B,20,353,1787807140.290861,"(4, 2, 4)",2011,0.08851200000000001,1,ok,0.000053,0.000053;0.000053;0.000053
B,20,354,1787807140.613692,"(4, 8, 1)",1998,0.08851200000000001,1,ok,0.000052,0.000052;0.000053;0.000053
B,20,355,1787807140.731243,"(2, 2, 8)",2009,0.08851200000000001,1,ok,0.000053,0.000053;0.000053;0.000053
B,20,356,1787807141.047846,"(4, 2, 2)",2011,0.08851200000000001,1,ok,0.000106,0.000106
B,20,357,1787807141.148314,"(2, 8, 1)",1998,0.08851200000000001,1,ok,0.000105,0.000105
B,20,358,1787807141.463945,"(4, 2, 1)",1999,0.08851200000000001,1,ok,0.000201,0.000201
B,20,359,1787807141.550363,"(4, 2, 8)",1983,0.08851200000000001,1,ok,0.000070,0.000070;0.000070;0.000071
B,20,360,1787807141.948666,"(4, 2, 8)",2007,0.08851200000000001,1,ok,0.000040,0.000040;0.000040;0.000040
B,20,361,1787807141.965931,"(4, 8, 2)",1995,0.08851200000000001,1,ok,0.000030,0.000030;0.000030;0.000030
B,20,362,1787807142.403486,"(8, 2, 4)",1995,0.08851200000000001,1,ok,0.000030,0.000030;0.000030;0.000030
B,20,363,1787807142.769593,"(2, 4, 8)",1995,0.08851200000000001,1,ok,0.000030,0.000031;0.000030;0.000030
B,20,364,1787807142.948861,"(8, 2, 1)",2032,0.08851200000000001,1,ok,0.000138,0.000138
B,20,365,1787807143.065197,"(8, 4, 1)",1046,0.08851200000000001,1,ok,0.000072,0.000073;0.000072;0.000072
B,20,366,1787807143.883433,"(2, 4, 1)",2840,0.08851200000000001,1,ok,0.000282,0.000282
B,20,367,1787807144.203450,"(8, 2, 2)",1229,0.08851200000000001,1,ok,0.000079,0.000079;0.000080;0.000079
B,20,368,1787807144.377905,"(4, 2, 4)",1098,0.08851200000000001,1,ok,0.000079,0.000079;0.000079;0.000079
B,20,369,1787807144.499937,"(8, 2, 4)",1188,0.08851200000000001,1,ok,0.000041,0.000041;0.000041;0.000042
B,20,370,1787807144.886351,"(2, 2, 4)",1681,0.08851200000000001,1,ok,0.000135,0.000135
B,20,371,1787807145.069955,"(8, 2, 4)",1991,0.08851200000000001,1,ok,0.000064,0.000065;0.000064;0.000064
B,20,372,1787807145.470716,"(8, 2, 4)",2249,0.08851200000000001,1,ok,0.000065,0.000065;0.000065;0.000065
B,20,373,1787807145.643950,"(8, 2, 2)",831,0.08851200000000001,1,ok,0.000065,0.000066;0.000066;0.000065
B,20,374,1787807145.670000,"(8, 4, 1)",818,0.08851200000000001,1,ok,0.000063,0.000064;0.000063;0.000063
B,20,375,1787807145.845130,"(4, 2, 4)",834,0.08851200000000001,1,ok,0.000063,0.000063;0.000063;0.000063
B,20,376,1787807145.869772,"(8, 2, 1)",818,0.08851200000000001,1,ok,0.000130,0.000130
B,20,377,1787807146.069246,"(2, 4, 1)",819,0.08851200000000001,1,ok,0.000239,0.000239
B,20,378,1787807146.075258,"(2, 2, 4)",835,0.08851200000000001,1,ok,0.000130,0.000130
B,20,379,1787807146.264195,"(8, 2, 4)",829,0.08851200000000001,1,ok,0.000072,0.000072;0.000072;0.000073
B,20,380,1787807146.275965,"(8, 2, 4)",827,0.08851200000000001,1,ok,0.000041,0.000041;0.000042;0.000041
B,20,381,1787807146.459361,"(8, 4, 2)",815,0.08851200000000001,1,ok,0.000033,0.000034;0.000033;0.000034
B,20,382,1787807146.678358,"(2, 8, 4)",815,0.08851200000000001,1,ok,0.000033,0.000034;0.000033;0.000033
B,21,1,1787807147.334670,"(2048, 1, 1)",146,inf,1,ok,0.001630,0.001635;0.001640;0.001630
B,21,2,1787807147.362059,"(4096, 1, 1)",171,inf,1,ok,0.001704,0.001707;0.001704;0.001705
B,21,3,1787807147.382658,"(4096, 1, 1)",113,inf,1,ok,0.001327,0.001328;0.001328;0.001327
B,21,4,1787807147.409162,"(1024, 1, 1)",206,inf,1,ok,0.001469,0.001470;0.001469;0.001469
B,21,5,1787807147.440109,"(4096, 1, 1)",183,inf,1,ok,0.001710,0.001714;0.001710;0.001710
B,21,6,1787807147.465709,"(4096, 1, 1)",154,inf,1,ok,0.001192,0.001197;0.001194;0.001192
B,21,7,1787807147.483062,"(2048, 1, 1)",122,inf,1,ok,0.000961,0.000961;0.000968;0.000961
B,21,8,1787807147.493564,"(4096, 1, 1)",592,inf,1,ok,0.001100,0.001180;0.001100;0.001114
B,21,9,1787807147.506712,"(1024, 1, 1)",122,inf,1,ok,0.000652,0.000655;0.000652;0.000653
B,21,10,1787807147.517936,"(512, 1, 1)",122,inf,1,ok,0.000563,0.000566;0.000565;0.000563
B,21,11,1787807147.535471,"(256, 1, 1)",122,inf,1,ok,0.000619,0.000628;0.000620;0.000619
B,21,12,1787807147.563550,"(4096, 1, 1)",143,inf,1,ok,0.000512,0.000512;0.000514;0.000514
B,21,13,1787807147.583546,"(4096, 1, 1)",131,inf,1,ok,0.000468,0.000468;0.000470;0.000469
B,21,14,1787807147.602463,"(4096, 1, 1)",131,inf,1,ok,0.000522,0.000523;0.000524;0.000522
B,21,15,1787807147.620559,"(4096, 1, 1)",131,inf,1,ok,0.000803,0.000805;0.000804;0.000803
B,21,16,1787807147.640691,"(4096, 1, 1)",143,inf,1,ok,0.000573,0.000573;0.000573;0.000573
B,21,17,1787807147.661245,"(4096, 1, 1)",141,inf,1,ok,0.000503,0.000503;0.000506;0.000504
B,21,18,1787807147.680086,"(4096, 1, 1)",143,inf,1,ok,0.000475,0.000475;0.000475;0.000476
B,21,19,1787807147.697130,"(128, 1, 1)",120,inf,1,ok,0.000704,0.000704;0.000704;0.000704
B,21,20,1787807147.778569,"(2048, 1, 1)",185,1.4046720000000001,1,ok,0.000574,0.000574;0.000576;0.000578
B,21,21,1787807147.869179,"(1024, 1, 1)",263,1.4046720000000001,1,ok,0.000665,0.000669;0.000667;0.000665
B,21,22,1787807147.901145,"(4096, 1, 1)",193,1.4046720000000001,1,ok,0.000484,0.000487;0.000489;0.000484
B,21,23,1787807147.925087,"(4096, 1, 1)",135,1.4046720000000001,1,ok,0.000432,0.000432;0.000432;0.000432
B,21,24,1787807147.960603,"(4096, 1, 1)",205,1.4046720000000001,1,ok,0.000835,0.000855;0.000853;0.000835
B,21,25,1787807147.990632,"(4096, 1, 1)",176,1.4046720000000001,1,ok,0.000213,0.000214;0.000213;0.000214
B,21,26,1787807148.014847,"(2048, 1, 1)",149,1.4046720000000001,1,ok,0.000477,0.000479;0.000479;0.000477
B,21,27,1787807148.037821,"(1024, 1, 1)",149,1.4046720000000001,1,ok,0.000496,0.000497;0.000496;0.000497
B,21,28,1787807148.059809,"(512, 1, 1)",147,1.4046720000000001,1,ok,0.000516,0.000516;0.000517;0.000517
B,21,29,1787807148.081634,"(4096, 1, 1)",614,1.4046720000000001,1,ok,0.000161,0.000161;0.000162;0.000162
B,21,30,1787807148.090936,"(256, 1, 1)",149,1.4046720000000001,1,ok,0.000671,0.000673;0.000674;0.000671
B,21,31,1787807148.103118,"(4096, 1, 1)",140,1.4046720000000001,1,ok,0.000451,0.000451;0.000451;0.000452
B,21,32,1787807148.110748,"(4096, 1, 1)",142,1.4046720000000001,1,ok,0.000709,0.000709;0.000710;0.000709
B,21,33,1787807148.123646,"(4096, 1, 1)",140,1.4046720000000001,1,ok,0.000456,0.000456;0.000461;0.000456
B,21,34,1787807148.132012,"(4096, 1, 1)",142,1.4046720000000001,1,ok,0.000408,0.000409;0.000408;0.000408
B,21,35,1787807148.146227,"(4096, 1, 1)",139,1.4046720000000001,1,ok,0.000459,0.000460;0.000460;0.000459
B,21,36,1787807148.153704,"(4096, 1, 1)",142,1.4046720000000001,1,ok,0.000713,0.000713;0.000714;0.000713
B,21,37,1787807148.181925,"(2048, 1, 1)",195,1.4046720000000001,1,ok,0.000343,0.000343;0.000344;0.000346
B,21,38,1787807148.201471,"(1024, 1, 1)",275,1.4046720000000001,1,ok,0.000497,0.000500;0.000498;0.000497
B,21,39,1787807148.230235,"(4096, 1, 1)",179,1.4046720000000001,1,ok,0.000512,0.000513;0.000512;0.000512
B,21,40,1787807148.256515,"(4096, 1, 1)",491,1.4046720000000001,1,ok,0.001580,0.001580
B,21,41,1787807148.262355,"(4096, 1, 1)",207,1.4046720000000001,1,ok,0.000465,0.000465;0.000466;0.000465
B,21,42,1787807148.282272,"(4096, 1, 1)",147,1.4046720000000001,1,ok,0.000443,0.000444;0.000444;0.000443
B,21,43,1787807148.317054,"(4096, 1, 1)",219,1.4046720000000001,1,ok,0.000618,0.000621;0.000618;0.000621
B,21,44,1787807148.376247,"(4096, 1, 1)",624,1.4046720000000001,1,ok,0.000168,0.000168;0.000168;0.000168
B,21,45,1787807148.406528,"(4096, 1, 1)",188,1.4046720000000001,1,ok,0.000214,0.000214;0.000215;0.000214
B,21,46,1787807148.429645,"(2048, 1, 1)",159,1.4046720000000001,1,ok,0.000312,0.000313;0.000312;0.000314
B,21,47,1787807148.453941,"(1024, 1, 1)",161,1.4046720000000001,1,ok,0.000306,0.000306;0.000306;0.000306
B,21,48,1787807148.478428,"(256, 1, 1)",159,1.4046720000000001,1,ok,0.000443,0.000443;0.000452;0.000445
B,21,49,1787807148.501801,"(4096, 1, 1)",152,1.4046720000000001,1,ok,0.000473,0.000474;0.000474;0.000473
B,21,50,1787807148.524332,"(4096, 1, 1)",152,1.4046720000000001,1,ok,0.000436,0.000437;0.000436;0.000436
B,21,51,1787807148.532352,"(512, 1, 1)",161,1.4046720000000001,1,ok,0.000379,0.000381;0.000382;0.000379
B,21,52,1787807148.546083,"(4096, 1, 1)",150,1.4046720000000001,1,ok,0.000429,0.000429;0.000434;0.000435
B,21,53,1787807148.553907,"(128, 1, 1)",159,1.4046720000000001,1,ok,0.000365,0.000366;0.000366;0.000365
B,21,54,1787807148.838761,"(2048, 1, 1)",1102,0.484032,1,ok,0.000131,0.000131;0.000131;0.000131
B,21,55,1787807149.058809,"(1024, 1, 1)",2048,0.484032,1,ok,0.000136,0.000136;0.000137;0.000137
B,21,56,1787807149.237516,"(4096, 1, 1)",770,0.484032,1,ok,0.000166,0.000167;0.000166;0.000167
B,21,57,1787807149.479195,"(4096, 1, 1)",2153,0.484032,1,ok,0.000163,0.000163;0.000163;0.000163
B,21,58,1787807149.593322,"(2048, 1, 1)",632,0.484032,1,ok,0.000158,0.000160;0.000159;0.000158
B,21,59,1787807149.694301,"(4096, 1, 1)",2189,0.484032,1,ok,0.000250,0.000250;0.000250;0.000251
B,21,60,1787807149.712682,"(1024, 1, 1)",632,0.484032,1,ok,0.000160,0.000160;0.000161;0.000160
B,21,61,1787807149.796268,"(512, 1, 1)",630,0.484032,1,ok,0.000181,0.000181;0.000185;0.000182
B,21,62,1787807149.805629,"(256, 1, 1)",632,0.484032,1,ok,0.000222,0.000223;0.000222;0.000224
B,21,63,1787807149.901216,"(4096, 1, 1)",623,0.484032,1,ok,0.000156,0.000156;0.000156;0.000156
B,21,64,1787807149.910654,"(4096, 1, 1)",623,0.484032,1,ok,0.000204,0.000207;0.000204;0.000206
B,21,65,1787807150.139136,"(2048, 1, 1)",1110,0.484032,1,ok,0.000136,0.000136;0.000136;0.000137
B,21,66,1787807150.343110,"(1024, 1, 1)",2058,0.484032,1,ok,0.000150,0.000150;0.000151;0.000151
B,21,67,1787807150.497412,"(4096, 1, 1)",1664,0.484032,1,ok,0.000208,0.000210;0.000208;0.000211
B,21,68,1787807150.674049,"(4096, 1, 1)",782,0.484032,1,ok,0.000175,0.000175;0.000175;0.000175
B,21,69,1787807150.776603,"(4096, 1, 1)",2165,0.484032,1,ok,0.000183,0.000184;0.000183;0.000183
B,21,70,1787807150.885374,"(2048, 1, 1)",640,0.484032,1,ok,0.000170,0.000171;0.000171;0.000170
B,21,71,1787807150.992238,"(1024, 1, 1)",642,0.484032,1,ok,0.000196,0.000196;0.000196;0.000196
B,21,72,1787807151.114317,"(512, 1, 1)",642,0.484032,1,ok,0.000194,0.000198;0.000196;0.000194
B,21,73,1787807151.136864,"(4096, 1, 1)",2201,0.484032,1,ok,0.000720,0.000720
B,21,74,1787807151.222900,"(256, 1, 1)",640,0.484032,1,ok,0.000197,0.000197;0.000199;0.000198
B,21,75,1787807151.247236,"(4096, 1, 1)",633,0.484032,1,ok,0.000162,0.000163;0.000163;0.000162
B,21,76,1787807151.333609,"(4096, 1, 1)",633,0.484032,1,ok,0.000150,0.000150;0.000150;0.000151
B,21,77,1787807151.357689,"(4096, 1, 1)",631,0.484032,1,ok,0.000176,0.000176;0.000177;0.000177
B,21,78,1787807151.441260,"(128, 1, 1)",640,0.484032,1,ok,0.000206,0.000206;0.000208;0.000208
B,21,79,1787807152.811967,"(2048, 1, 1)",1358,0.3924480000000001,1,ok,0.000127,0.000130;0.000130;0.000127
B,21,80,1787807153.077491,"(1024, 1, 1)",1118,0.3924480000000001,1,ok,0.000153,0.000155;0.000153;0.000154
B,21,81,1787807153.641950,"(512, 1, 1)",1116,0.3924480000000001,1,ok,0.000139,0.000139;0.000139;0.000139
B,21,82,1787807153.868590,"(256, 1, 1)",1116,0.3924480000000001,1,ok,0.000159,0.000160;0.000159;0.000159
B,21,83,1787807154.104209,"(128, 1, 1)",1116,0.3924480000000001,1,ok,0.000406,0.000406
B,21,84,1787807154.351419,"(2048, 1, 1)",1105,0.3924480000000001,1,ok,0.000127,0.000127;0.000128;0.000127
B,21,85,1787807154.452109,"(2048, 1, 1)",1109,0.3924480000000001,1,ok,0.000270,0.000270;0.000271;0.000270
B,21,86,1787807155.934327,"(2048, 1, 1)",1368,0.3924480000000001,1,ok,0.000139,0.000141;0.000139;0.000141
B,21,87,1787807156.713522,"(1024, 1, 1)",1126,0.3924480000000001,1,ok,0.000136,0.000137;0.000136;0.000137
B,21,88,1787807156.953764,"(512, 1, 1)",1126,0.3924480000000001,1,ok,0.000141,0.000142;0.000141;0.000141
B,21,89,1787807157.192995,"(256, 1, 1)",1124,0.3924480000000001,1,ok,0.000153,0.000153;0.000153;0.000153
B,21,90,1787807157.248422,"(128, 1, 1)",1124,0.3924480000000001,1,ok,0.000159,0.000160;0.000159;0.000160
B,21,91,1787807157.437509,"(2048, 1, 1)",1119,0.3924480000000001,1,ok,0.000134,0.000135;0.000136;0.000134
B,21,92,1787807157.486254,"(2048, 1, 1)",1117,0.3924480000000001,1,ok,0.000108,0.000109;0.000109;0.000108
B,21,93,1787807157.683807,"(2048, 1, 1)",1119,0.3924480000000001,1,ok,0.000141,0.000141;0.000143;0.000142
B,21,94,1787807157.719132,"(64, 1, 1)",1126,0.3924480000000001,1,ok,0.000148,0.000149;0.000149;0.000148
B,21,95,1787807158.263746,"(1024, 1, 1)",2065,0.325152,1,ok,0.000099,0.000099;0.000100;0.000100
B,21,96,1787807159.459002,"(2048, 1, 1)",1375,0.325152,1,ok,0.000100,0.000100;0.000100;0.000100
B,21,97,1787807159.695222,"(1024, 1, 1)",1131,0.325152,1,ok,0.000109,0.000109;0.000110;0.000110
B,21,98,1787807159.929497,"(512, 1, 1)",1129,0.325152,1,ok,0.000113,0.000114;0.000114;0.000113
B,21,99,1787807160.220315,"(256, 1, 1)",1131,0.325152,1,ok,0.000125,0.000126;0.000126;0.000125
B,21,100,1787807160.748171,"(128, 1, 1)",1129,0.325152,1,ok,0.000359,0.000359
B,21,101,1787807160.922575,"(2048, 1, 1)",1121,0.325152,1,ok,0.000122,0.000123;0.000122;0.000122
B,21,102,1787807161.048252,"(2048, 1, 1)",1126,0.325152,1,ok,0.000124,0.000125;0.000124;0.000124
B,21,103,1787807161.380150,"(1024, 1, 1)",2053,0.325152,1,ok,0.000157,0.000158;0.000157;0.000157
B,21,104,1787807162.285309,"(2048, 1, 1)",1341,0.325152,1,ok,0.000110,0.000111;0.000111;0.000110
B,21,105,1787807162.999371,"(1024, 1, 1)",1119,0.325152,1,ok,0.000154,0.000154;0.000155;0.000155
B,21,106,1787807163.222020,"(512, 1, 1)",1121,0.325152,1,ok,0.000308,0.000309;0.000308;0.000309
B,21,107,1787807163.420604,"(2048, 1, 1)",1094,0.325152,1,ok,0.000203,0.000203;0.000204;0.000204
B,21,108,1787807164.235303,"(1024, 1, 1)",2523,0.29731199999999997,1,ok,0.000083,0.000083;0.000084;0.000083
B,21,109,1787807164.689375,"(512, 1, 1)",2077,0.29731199999999997,1,ok,0.000103,0.000103;0.000104;0.000103
B,21,110,1787807164.888083,"(256, 1, 1)",2079,0.29731199999999997,1,ok,0.000122,0.000122;0.000122;0.000122
B,21,111,1787807165.118907,"(128, 1, 1)",2077,0.29731199999999997,1,ok,0.000240,0.000240;0.000242;0.000240
B,21,112,1787807165.354118,"(64, 1, 1)",2077,0.29731199999999997,1,ok,0.000501,0.000501
B,21,113,1787807165.566889,"(1024, 1, 1)",2070,0.29731199999999997,1,ok,0.000138,0.000138;0.000139;0.000138
B,21,114,1787807165.785099,"(1024, 1, 1)",2072,0.29731199999999997,1,ok,0.000112,0.000114;0.000112;0.000112
B,21,115,1787807166.191207,"(1024, 1, 1)",1389,0.29731199999999997,1,ok,0.000103,0.000103;0.000107;0.000103
B,21,116,1787807166.450978,"(512, 1, 1)",1387,0.29731199999999997,1,ok,0.000111,0.000113;0.000111;0.000111
B,21,117,1787807166.531119,"(256, 1, 1)",1389,0.29731199999999997,1,ok,0.000127,0.000127;0.000127;0.000127
B,21,118,1787807166.817653,"(128, 1, 1)",1387,0.29731199999999997,1,ok,0.000264,0.000264;0.000270;0.000269
B,21,119,1787807166.834982,"(2048, 1, 1)",1359,0.29731199999999997,1,ok,0.000108,0.000110;0.000108;0.000108
B,21,120,1787807167.505628,"(512, 1, 1)",2535,0.248832,1,ok,0.000087,0.000087;0.000088;0.000088
B,21,121,1787807167.576538,"(256, 1, 1)",2537,0.248832,1,ok,0.000097,0.000097;0.000097;0.000097
B,21,122,1787807168.152848,"(128, 1, 1)",2535,0.248832,1,ok,0.000097,0.000097;0.000097;0.000097
B,21,123,1787807168.189353,"(64, 1, 1)",2535,0.248832,1,ok,0.000572,0.000572
B,21,124,1787807168.707128,"(1024, 1, 1)",2492,0.248832,1,ok,0.000098,0.000100;0.000098;0.000098
B,21,125,1787807169.216205,"(512, 1, 1)",1399,0.248832,1,ok,0.000103,0.000103;0.000103;0.000103
B,21,126,1787807169.365366,"(512, 1, 1)",2543,0.248832,1,ok,0.000087,0.000087;0.000088;0.000089
B,21,127,1787807169.624426,"(256, 1, 1)",1401,0.248832,1,ok,0.000118,0.000119;0.000118;0.000118
B,21,128,1787807169.737284,"(128, 1, 1)",1399,0.248832,1,ok,0.000255,0.000255
B,21,129,1787807170.113618,"(1024, 1, 1)",1371,0.248832,1,ok,0.000124,0.000127;0.000125;0.000124
B,22,1,1787807171.041953,"(75968, 1, 1)",261,inf,1,ok,0.046557,0.046573;0.046562;0.046557
B,22,2,1787807171.120121,"(37984, 1, 1)",369,inf,1,ok,0.037695,0.040794;0.040773;0.037695
B,22,3,1787807171.248611,"(151936, 1, 1)",251,inf,1,ok,0.064630,0.064647;0.064644;0.064630
B,22,4,1787807171.303587,"(151936, 1, 1)",246,inf,1,ok,0.056592,0.056592;0.056809;0.057024
B,22,5,1787807171.352802,"(151936, 1, 1)",252,inf,1,ok,0.060079,0.060099;0.060092;0.060079
B,22,6,1787807171.404214,"(151936, 1, 1)",1425,inf,1,ok,0.066833,0.066833;0.066853;0.066898
B,22,7,1787807171.467162,"(151936, 1, 1)",451,inf,1,ok,0.065586,0.065586;0.065599;0.065608
B,22,8,1787807171.525437,"(151936, 1, 1)",348,inf,1,ok,0.052300,0.052300;0.052307;0.052313
B,22,9,1787807171.571676,"(75968, 1, 1)",210,inf,1,ok,0.030544,0.030547;0.030563;0.030544
B,22,10,1787807171.624076,"(37984, 1, 1)",210,inf,1,ok,0.015357,0.015357;0.015357;0.015358
B,22,11,1787807171.675998,"(18992, 1, 1)",210,inf,1,ok,0.008155,0.008157;0.008155;0.008155
B,22,12,1787807171.706564,"(151936, 1, 1)",1874,inf,1,ok,0.053361,0.053361;0.053361;0.053370
B,22,13,1787807171.758151,"(9496, 1, 1)",210,inf,1,ok,0.005952,0.005959;0.005952;0.005952
B,22,14,1787807171.781669,"(151936, 1, 1)",223,inf,1,ok,0.021121,0.021121;0.021135;0.021131
B,22,15,1787807171.803135,"(151936, 1, 1)",223,inf,1,ok,0.030586,0.030593;0.030596;0.030586
B,22,16,1787807171.831976,"(151936, 1, 1)",223,inf,1,ok,0.030570,0.030571;0.030570;0.030576
B,22,17,1787807171.860919,"(151936, 1, 1)",234,inf,1,ok,0.022342,0.022343;0.022342;0.022353
B,22,18,1787807171.883729,"(151936, 1, 1)",236,inf,1,ok,0.021374,0.021378;0.021374;0.021374
B,22,19,1787807171.905724,"(4748, 1, 1)",210,inf,1,ok,0.074454,0.074627;0.074454;0.074805
B,22,20,1787807172.238267,"(4748, 1, 1)",269,17.855712,1,ok,0.074537,0.074537
B,22,21,1787807172.315752,"(9496, 1, 1)",268,17.855712,1,ok,0.007495,0.007495;0.007503;0.007496
B,22,22,1787807172.345922,"(2374, 1, 1)",385,17.855712,1,ok,0.176740,0.176740
B,22,23,1787807172.526224,"(9496, 1, 1)",1038,17.855712,1,ok,0.029329,0.029329
B,22,24,1787807172.569973,"(9496, 1, 1)",376,17.855712,1,ok,0.013227,0.013235;0.013238;0.013227
B,22,25,1787807172.618074,"(9496, 1, 1)",260,17.855712,1,ok,0.006744,0.006759;0.006744;0.006750
B,22,26,1787807172.645183,"(9496, 1, 1)",255,17.855712,1,ok,0.005017,0.005021;0.005021;0.005017
B,22,27,1787807172.667859,"(9496, 1, 1)",261,17.855712,1,ok,0.005882,0.005883;0.005882;0.005886
B,22,28,1787807172.693572,"(9496, 1, 1)",1435,17.855712,1,ok,0.167604,0.167604
B,22,29,1787807172.872674,"(9496, 1, 1)",461,17.855712,1,ok,0.148667,0.148667
B,22,30,1787807173.026482,"(9496, 1, 1)",1883,17.855712,1,ok,0.004117,0.004118;0.004117;0.004120
B,22,31,1787807173.052393,"(9496, 1, 1)",357,17.855712,1,ok,0.005433,0.005433;0.005434;0.005433
B,22,32,1787807173.074993,"(4748, 1, 1)",217,17.855712,1,ok,0.073933,0.073933
B,22,33,1787807173.151960,"(2374, 1, 1)",217,17.855712,1,ok,0.085825,0.085825
B,22,34,1787807173.240660,"(1187, 1, 1)",217,17.855712,1,ok,0.112687,0.112687
B,22,35,1787807173.356069,"(9496, 1, 1)",237,17.855712,1,ok,0.065265,0.065265
B,22,36,1787807173.424443,"(9496, 1, 1)",235,17.855712,1,ok,0.004493,0.004496;0.004493;0.004501
B,22,37,1787807173.444649,"(9496, 1, 1)",235,17.855712,1,ok,0.003323,0.003328;0.003323;0.003325
B,22,38,1787807173.463517,"(9496, 1, 1)",248,17.855712,1,ok,0.074372,0.074372
B,22,39,1787807173.544652,"(9496, 1, 1)",249,17.855712,1,ok,0.077449,0.077449
B,22,40,1787807173.626051,"(9496, 1, 1)",269,17.855712,1,ok,0.006472,0.006476;0.006472;0.006472
B,22,41,1787807173.654229,"(18992, 1, 1)",268,17.855712,1,ok,0.010551,0.010551;0.010551;0.010553
B,22,42,1787807173.693667,"(4748, 1, 1)",384,17.855712,1,ok,0.128396,0.128396
B,22,43,1787807173.826316,"(18992, 1, 1)",589,17.855712,1,ok,0.031348,0.031348
B,22,44,1787807173.862735,"(18992, 1, 1)",376,17.855712,1,ok,0.018230,0.018230
B,22,45,1787807173.884920,"(18992, 1, 1)",260,17.855712,1,ok,0.008650,0.008650;0.008653;0.008650
B,22,46,1787807173.918060,"(18992, 1, 1)",255,17.855712,1,ok,0.007302,0.007303;0.007302;0.007305
B,22,47,1787807173.946452,"(18992, 1, 1)",261,17.855712,1,ok,0.007899,0.007899;0.007900;0.007900
B,22,48,1787807173.976718,"(18992, 1, 1)",1434,17.855712,1,ok,0.140534,0.140534
B,22,49,1787807174.126465,"(18992, 1, 1)",1883,17.855712,1,ok,0.006894,0.006894;0.006898;0.006894
B,22,50,1787807174.159018,"(18992, 1, 1)",460,17.855712,1,ok,0.077008,0.077008
B,22,51,1787807174.239624,"(9496, 1, 1)",217,17.855712,1,ok,0.005937,0.005943;0.005943;0.005937
B,22,52,1787807174.263406,"(18992, 1, 1)",357,17.855712,1,ok,0.007374,0.007375;0.007379;0.007374
B,22,53,1787807174.292127,"(4748, 1, 1)",217,17.855712,1,ok,0.071976,0.071976
B,22,54,1787807174.366314,"(2374, 1, 1)",217,17.855712,1,ok,0.086136,0.086136
B,22,55,1787807174.454715,"(1187, 1, 1)",217,17.855712,1,ok,0.114705,0.114705
B,22,56,1787807174.571700,"(18992, 1, 1)",235,17.855712,1,ok,0.053413,0.053413
B,22,57,1787807174.627574,"(18992, 1, 1)",235,17.855712,1,ok,0.005206,0.005206;0.005206;0.005209
B,22,58,1787807174.649163,"(18992, 1, 1)",235,17.855712,1,ok,0.004430,0.004430;0.004432;0.004432
B,22,59,1787807174.668303,"(18992, 1, 1)",246,17.855712,1,ok,0.044139,0.044139
B,22,60,1787807174.715101,"(18992, 1, 1)",249,17.855712,1,ok,0.051088,0.051088
B,22,61,1787807174.892440,"(4748, 1, 1)",311,9.96864,1,ok,0.039213,0.039213
B,22,62,1787807174.946887,"(9496, 1, 1)",307,9.96864,1,ok,0.004232,0.004232;0.004232;0.004232
B,22,63,1787807175.022312,"(2374, 1, 1)",448,9.96864,1,ok,0.087820,0.087820
B,22,64,1787807175.114060,"(9496, 1, 1)",1228,9.96864,1,ok,0.014593,0.014593
B,22,65,1787807175.136581,"(9496, 1, 1)",433,9.96864,1,ok,0.007214,0.007216;0.007214;0.007219
B,22,66,1787807175.166590,"(9496, 1, 1)",285,9.96864,1,ok,0.003754,0.003755;0.003754;0.003760
B,22,67,1787807175.213366,"(9496, 1, 1)",286,9.96864,1,ok,0.003313,0.003313;0.003314;0.003316
B,22,68,1787807175.302978,"(9496, 1, 1)",1460,9.96864,1,ok,0.081362,0.081362
B,22,69,1787807175.393770,"(9496, 1, 1)",486,9.96864,1,ok,0.073756,0.073756
B,22,70,1787807175.471333,"(9496, 1, 1)",384,9.96864,1,ok,0.003056,0.003056;0.003064;0.003060
B,22,71,1787807175.487851,"(4748, 1, 1)",246,9.96864,1,ok,0.023185,0.023185
B,22,72,1787807175.515416,"(2374, 1, 1)",245,9.96864,1,ok,0.037916,0.037916
B,22,73,1787807175.556236,"(9496, 1, 1)",1908,9.96864,1,ok,0.002522,0.002527;0.002522;0.002522
B,22,74,1787807175.586671,"(1187, 1, 1)",247,9.96864,1,ok,0.037597,0.037597
B,22,75,1787807175.627369,"(9496, 1, 1)",244,9.96864,1,ok,0.005228,0.005284;0.005260;0.005228
B,22,76,1787807175.781478,"(9496, 1, 1)",243,9.96864,1,ok,0.003196,0.003196;0.003197;0.003202
B,22,77,1787807175.817108,"(9496, 1, 1)",241,9.96864,1,ok,0.003191,0.003192;0.003198;0.003191
B,22,78,1787807175.858126,"(9496, 1, 1)",258,9.96864,1,ok,0.023463,0.023463
B,22,79,1787807175.925900,"(9496, 1, 1)",254,9.96864,1,ok,0.030050,0.030050
B,22,80,1787807176.337231,"(4748, 1, 1)",2662,9.96864,1,ok,0.004613,0.004674;0.004613;0.004684
B,22,81,1787807176.408378,"(9496, 1, 1)",2661,9.96864,1,ok,0.005621,0.005639;0.005636;0.005621
B,22,82,1787807178.590337,"(4748, 1, 1)",1890,9.96864,1,ok,0.005635,0.005819;0.005672;0.005635
B,22,83,1787807178.869495,"(2374, 1, 1)",1890,9.96864,1,ok,0.008131,0.008332;0.008390;0.008131
B,22,84,1787807179.147190,"(1187, 1, 1)",1890,9.96864,1,ok,0.008094,0.008283;0.008094;0.008321
B,22,85,1787807179.445124,"(9496, 1, 1)",1910,9.96864,1,ok,0.008088,0.009424;0.008546;0.008088
B,22,86,1787807179.745678,"(9496, 1, 1)",1908,9.96864,1,ok,0.003389,0.003391;0.003389;0.003393
B,22,87,1787807180.065264,"(9496, 1, 1)",1918,9.96864,1,ok,0.026168,0.026168
B,22,88,1787807180.103643,"(9496, 1, 1)",1918,9.96864,1,ok,0.030779,0.030779
B,22,89,1787807180.747655,"(9496, 1, 1)",2700,7.566528,1,ok,0.003507,0.003507;0.003511;0.003510
B,22,90,1787807180.778468,"(4748, 1, 1)",2703,7.566528,1,ok,0.003256,0.003289;0.003256;0.003340
B,22,91,1787807183.205896,"(4748, 1, 1)",1918,7.566528,1,ok,0.006559,0.006559;0.006570;0.006605
B,22,92,1787807183.495113,"(2374, 1, 1)",1918,7.566528,1,ok,0.006317,0.006519;0.006317;0.006459
B,22,93,1787807183.788735,"(1187, 1, 1)",1920,7.566528,1,ok,0.005988,0.005988;0.006357;0.006074
B,22,94,1787807184.091489,"(9496, 1, 1)",1917,7.566528,1,ok,0.002797,0.002797;0.002798;0.002798
B,22,95,1787807184.660985,"(9496, 1, 1)",1915,7.566528,1,ok,0.002767,0.002767;0.002772;0.002771
B,22,96,1787807184.800830,"(9496, 1, 1)",1913,7.566528,1,ok,0.003087,0.003088;0.003088;0.003087
B,22,97,1787807184.963567,"(9496, 1, 1)",1925,7.566528,1,ok,0.002970,0.002971;0.002970;0.002973
B,22,98,1787807185.106406,"(9496, 1, 1)",1927,7.566528,1,ok,0.002728,0.002729;0.002729;0.002728
B,22,99,1787807185.220075,"(4748, 1, 1)",527,7.566528,1,ok,0.018227,0.018227
B,22,100,1787807185.327416,"(9496, 1, 1)",525,7.566528,1,ok,0.004215,0.004218;0.004215;0.004221
B,22,101,1787807185.494396,"(2374, 1, 1)",804,7.566528,1,ok,0.026706,0.026706
B,22,102,1787807185.552134,"(9496, 1, 1)",2403,7.566528,1,ok,0.012459,0.012459
B,22,103,1787807185.650882,"(9496, 1, 1)",789,7.566528,1,ok,0.006272,0.006274;0.006274;0.006272
B,22,104,1787807185.679296,"(9496, 1, 1)",541,7.566528,1,ok,0.004239,0.004239;0.004242;0.004241
B,22,105,1787807185.763285,"(9496, 1, 1)",605,7.566528,1,ok,0.003396,0.003398;0.003396;0.003403
B,22,106,1787807185.869381,"(9496, 1, 1)",583,7.566528,1,ok,0.003023,0.003023;0.003023;0.003023
B,22,107,1787807186.414267,"(9496, 1, 1)",1140,7.566528,1,ok,0.014474,0.014474
B,22,108,1787807186.479915,"(4748, 1, 1)",393,7.566528,1,ok,0.008141,0.008141
B,22,109,1787807186.544498,"(2374, 1, 1)",392,7.566528,1,ok,0.036984,0.036984
B,22,110,1787807186.584538,"(9496, 1, 1)",1035,7.566528,1,ok,0.003114,0.003114;0.003115;0.003118
B,22,111,1787807186.611407,"(1187, 1, 1)",394,7.566528,1,ok,0.036622,0.036622
B,22,112,1787807186.651351,"(9496, 1, 1)",391,7.566528,1,ok,0.004834,0.004834;0.004937;0.004902
B,22,113,1787807186.681077,"(9496, 1, 1)",390,7.566528,1,ok,0.003334,0.003334;0.003334;0.003335
B,22,114,1787807186.742603,"(9496, 1, 1)",388,7.566528,1,ok,0.003379,0.003383;0.003379;0.003383
B,22,115,1787807186.760296,"(9496, 1, 1)",399,7.566528,1,ok,0.027664,0.027664
B,22,116,1787807186.811779,"(9496, 1, 1)",401,7.566528,1,ok,0.012577,0.012577
B,23,1,1787807187.151057,"(64, 1, 1)",58,inf,1,ok,0.000024,0.000031;0.000024;0.000024
B,23,2,1787807187.160136,"(64, 1, 1)",47,inf,1,ok,0.000018,0.000019;0.000018;0.000019
B,23,3,1787807187.166891,"(32, 1, 1)",49,inf,1,ok,0.000018,0.000019;0.000018;0.000019
B,23,4,1787807187.172760,"(16, 1, 1)",49,inf,1,ok,0.000019,0.000019;0.000019;0.000019
B,23,5,1787807187.179145,"(8, 1, 1)",49,inf,1,ok,0.000021,0.000021;0.000021;0.000021
B,23,6,1787807187.212229,"(32, 1, 1)",90,inf,1,ok,0.000038,0.000038;0.000038;0.000039
B,23,7,1787807187.219703,"(4, 1, 1)",49,inf,1,ok,0.000023,0.000023;0.000023;0.000023
B,23,8,1787807187.259984,"(32, 1, 1)",66,0.05471999999999999,1,ok,0.000025,0.000025;0.000025;0.000025
B,23,9,1787807187.273922,"(16, 1, 1)",106,0.05471999999999999,1,ok,0.000039,0.000039;0.000040;0.000039
B,23,10,1787807187.286145,"(32, 1, 1)",54,0.05471999999999999,1,ok,0.000018,0.000019;0.000018;0.000018
B,23,11,1787807187.293022,"(16, 1, 1)",58,0.05471999999999999,1,ok,0.000019,0.000019;0.000019;0.000019
B,23,12,1787807187.300351,"(8, 1, 1)",56,0.05471999999999999,1,ok,0.000021,0.000021;0.000021;0.000021
B,23,13,1787807187.308225,"(4, 1, 1)",58,0.05471999999999999,1,ok,0.000023,0.000023;0.000023;0.000023
B,23,14,1787807187.319119,"(2, 1, 1)",56,0.05471999999999999,1,ok,0.000026,0.000026;0.000026;0.000026
B,23,15,1787807187.339059,"(16, 1, 1)",70,0.05471999999999999,1,ok,0.000025,0.000025;0.000025;0.000025
B,23,16,1787807187.348770,"(32, 1, 1)",65,0.05471999999999999,1,ok,0.000024,0.000025;0.000024;0.000025
B,23,17,1787807187.362157,"(8, 1, 1)",106,0.05471999999999999,1,ok,0.000040,0.000040;0.000040;0.000040
B,23,18,1787807187.369907,"(16, 1, 1)",58,0.05471999999999999,1,ok,0.000018,0.000019;0.000018;0.000019
B,23,19,1787807187.378077,"(4, 1, 1)",58,0.05471999999999999,1,ok,0.000023,0.000023;0.000023;0.000023
B,23,20,1787807187.440410,"(8, 1, 1)",56,0.05471999999999999,1,ok,0.000020,0.000021;0.000021;0.000020
B,23,21,1787807187.448324,"(2, 1, 1)",58,0.05471999999999999,1,ok,0.000026,0.000026;0.000026;0.000026
B,23,22,1787807187.456628,"(1, 1, 1)",49,0.05471999999999999,1,ok,0.000038,0.000038;0.000038;0.000038
B,23,23,1787807187.685709,"(8, 1, 1)",113,0.054624,1,ok,0.000041,0.000041;0.000041;0.000041
B,23,24,1787807187.714855,"(16, 1, 1)",63,0.054624,1,ok,0.000019,0.000019;0.000019;0.000019
B,23,25,1787807187.746030,"(8, 1, 1)",63,0.054624,1,ok,0.000020,0.000021;0.000020;0.000021
B,23,26,1787807187.775516,"(4, 1, 1)",65,0.054624,1,ok,0.000023,0.000023;0.000023;0.000023
B,23,27,1787807187.795640,"(16, 1, 1)",77,0.054624,1,ok,0.000025,0.000025;0.000025;0.000025
B,23,28,1787807187.805119,"(2, 1, 1)",63,0.054624,1,ok,0.000026,0.000026;0.000026;0.000026
B,23,29,1787807187.823403,"(1, 1, 1)",54,0.054624,1,ok,0.000037,0.000037;0.000038;0.000038
B,23,30,1787807187.838217,"(16, 1, 1)",97,0.054624,1,ok,0.000039,0.000039;0.000039;0.000040
B,23,31,1787807187.868386,"(1, 1, 1)",356,0.054624,1,ok,0.000169,0.000169
B,23,32,1787807187.879488,"(8, 1, 1)",75,0.054624,1,ok,0.000025,0.000025;0.000026;0.000026
B,23,33,1787807187.899445,"(16, 1, 1)",74,0.054624,1,ok,0.000025,0.000025;0.000025;0.000025
B,23,34,1787807187.917018,"(4, 1, 1)",117,0.054624,1,ok,0.000041,0.000042;0.000041;0.000041
B,23,35,1787807187.928354,"(8, 1, 1)",65,0.054624,1,ok,0.000020,0.000020;0.000020;0.000021
B,23,36,1787807187.945780,"(4, 1, 1)",65,0.054624,1,ok,0.000023,0.000023;0.000023;0.000023
B,23,37,1787807187.958110,"(2, 1, 1)",67,0.054624,1,ok,0.000025,0.000026;0.000026;0.000025
B,23,38,1787807187.972401,"(1, 1, 1)",58,0.054624,1,ok,0.000038,0.000038;0.000038;0.000038
B,24,1,1787807188.017449,"(1, 1, 1)",48,inf,1,ok,0.000009,0.000009;0.000009;0.000010
B,24,2,1787807188.023387,"(1, 1, 1)",62,inf,1,ok,0.000009,0.000009;0.000009;0.000010
B,24,3,1787807188.032380,"(1, 1, 1)",60,inf,1,ok,0.000009,0.000010;0.000009;0.000009
B,24,4,1787807188.038404,"(1, 1, 1)",62,inf,1,ok,0.000010,0.000010;0.000010;0.000010
B,24,5,1787807188.043985,"(1, 1, 1)",40,inf,1,ok,0.000009,0.000010;0.000010;0.000009
B,24,6,1787807188.049450,"(1, 1, 1)",62,inf,1,ok,0.000009,0.000009;0.000009;0.000010
B,24,7,1787807188.058372,"(1, 1, 1)",62,inf,1,ok,0.000009,0.000009;0.000009;0.000010
B,24,8,1787807188.070357,"(1, 1, 1)",62,inf,1,ok,0.000009,0.000010;0.000009;0.000009
B,24,9,1787807188.102817,"(1, 1, 1)",95,0.026496000000000006,1,ok,0.000009,0.000010;0.000009;0.000009
B,24,10,1787807188.114758,"(1, 1, 1)",89,0.026496000000000006,1,ok,0.000009,0.000010;0.000009;0.000010
B,24,11,1787807188.231483,"(1, 1, 1)",75,0.026496000000000006,1,ok,0.000009,0.000009;0.000010;0.000009
B,24,12,1787807188.249357,"(1, 1, 1)",81,0.026496000000000006,1,ok,0.000009,0.000010;0.000009;0.000010
B,24,13,1787807188.262900,"(1, 1, 1)",76,0.026496000000000006,1,ok,0.000009,0.000010;0.000009;0.000010
B,24,14,1787807188.279204,"(1, 1, 1)",134,0.026496000000000006,1,ok,0.000009,0.000009;0.000010;0.000010
B,24,15,1787807188.292315,"(1, 1, 1)",74,0.026496000000000006,1,ok,0.000009,0.000009;0.000009;0.000010
B,24,16,1787807188.301370,"(1, 1, 1)",55,0.026496000000000006,1,ok,0.000010,0.000010;0.000010;0.000010
B,24,17,1787807188.306802,"(1, 1, 1)",81,0.026496000000000006,1,ok,0.000009,0.000009;0.000009;0.000010
B,24,18,1787807188.312987,"(1, 1, 1)",55,0.026496000000000006,1,ok,0.000009,0.000009;0.000010;0.000010
B,24,19,1787807188.323779,"(1, 1, 1)",77,0.026496000000000006,1,ok,0.000009,0.000010;0.000010;0.000009
B,24,20,1787807188.329187,"(1, 1, 1)",75,0.026496000000000006,1,ok,0.000009,0.000009;0.000010;0.000010
B,25,1,1787807188.385641,"(64, 1, 1)",75,inf,1,ok,0.000031,0.000032;0.000031;0.000032
B,25,2,1787807188.395069,"(64, 1, 1)",62,inf,1,ok,0.000021,0.000021;0.000022;0.000022
B,25,3,1787807188.400919,"(32, 1, 1)",119,inf,1,ok,0.000074,0.000074;0.000074;0.000075
B,25,4,1787807188.407235,"(32, 1, 1)",64,inf,1,ok,0.000021,0.000021;0.000022;0.000022
B,25,5,1787807188.412837,"(16, 1, 1)",64,inf,1,ok,0.000022,0.000022;0.000022;0.000022
B,25,6,1787807188.418410,"(8, 1, 1)",64,inf,1,ok,0.000023,0.000024;0.000023;0.000023
B,25,7,1787807188.423341,"(4, 1, 1)",64,inf,1,ok,0.000026,0.000027;0.000026;0.000026
B,25,8,1787807188.456883,"(32, 1, 1)",87,0.063648,1,ok,0.000031,0.000032;0.000031;0.000032
B,25,9,1787807188.468566,"(32, 1, 1)",73,0.063648,1,ok,0.000022,0.000022;0.000022;0.000022
B,25,10,1787807188.474205,"(16, 1, 1)",139,0.063648,1,ok,0.000076,0.000076
B,25,11,1787807188.479513,"(16, 1, 1)",77,0.063648,1,ok,0.000022,0.000023;0.000022;0.000022
B,25,12,1787807188.484840,"(8, 1, 1)",75,0.063648,1,ok,0.000024,0.000024;0.000024;0.000024
B,25,13,1787807188.490758,"(4, 1, 1)",77,0.063648,1,ok,0.000027,0.000027;0.000027;0.000027
B,25,14,1787807188.496985,"(2, 1, 1)",75,0.063648,1,ok,0.000027,0.000027;0.000028;0.000027
B,25,15,1787807188.522394,"(16, 1, 1)",91,0.063648,1,ok,0.000032,0.000032;0.000032;0.000032
B,25,16,1787807188.537279,"(32, 1, 1)",86,0.063648,1,ok,0.000032,0.000032;0.000032;0.000032
B,25,17,1787807188.556645,"(8, 1, 1)",139,0.063648,1,ok,0.000077,0.000077
B,25,18,1787807188.567764,"(16, 1, 1)",77,0.063648,1,ok,0.000022,0.000023;0.000022;0.000023
B,25,19,1787807188.578553,"(8, 1, 1)",75,0.063648,1,ok,0.000024,0.000024;0.000024;0.000024
B,25,20,1787807188.588945,"(4, 1, 1)",77,0.063648,1,ok,0.000026,0.000026;0.000026;0.000026
B,25,21,1787807188.697469,"(2, 1, 1)",77,0.063648,1,ok,0.000030,0.000031;0.000031;0.000030
B,25,22,1787807188.706641,"(1, 1, 1)",64,0.063648,1,ok,0.000042,0.000042;0.000042;0.000042
B,26,1,1787807188.759784,"(1, 1, 1)",51,inf,1,ok,0.000010,0.000010;0.000010;0.000010
B,26,2,1787807188.774883,"(1, 1, 1)",65,inf,1,ok,0.000010,0.000010;0.000010;0.000010
B,26,3,1787807188.786005,"(1, 1, 1)",63,inf,1,ok,0.000010,0.000010;0.000010;0.000010
B,26,4,1787807188.793137,"(1, 1, 1)",43,inf,1,ok,0.000009,0.000010;0.000010;0.000009
B,26,5,1787807188.803476,"(1, 1, 1)",65,inf,1,ok,0.000009,0.000009;0.000009;0.000010
B,26,6,1787807188.810230,"(1, 1, 1)",65,inf,1,ok,0.000009,0.000009;0.000010;0.000010
B,26,7,1787807188.818328,"(1, 1, 1)",65,inf,1,ok,0.000009,0.000009;0.000009;0.000009
B,26,8,1787807188.824767,"(1, 1, 1)",65,inf,1,ok,0.000009,0.000010;0.000009;0.000010
B,26,9,1787807188.859968,"(1, 1, 1)",80,0.027455999999999998,1,ok,0.000009,0.000010;0.000010;0.000009
B,26,10,1787807188.872893,"(1, 1, 1)",80,0.027455999999999998,1,ok,0.000010,0.000010;0.000010;0.000010
B,26,11,1787807188.881930,"(1, 1, 1)",58,0.027455999999999998,1,ok,0.000010,0.000010;0.000010;0.000010
B,26,12,1787807188.894874,"(1, 1, 1)",77,0.027455999999999998,1,ok,0.000010,0.000010;0.000010;0.000010
B,26,13,1787807188.906440,"(1, 1, 1)",79,0.027455999999999998,1,ok,0.000009,0.000010;0.000010;0.000009
B,26,14,1787807188.912986,"(1, 1, 1)",79,0.027455999999999998,1,ok,0.000009,0.000009;0.000009;0.000009
B,26,15,1787807188.924033,"(1, 1, 1)",98,0.027455999999999998,1,ok,0.000010,0.000010;0.000010;0.000010
B,26,16,1787807188.937406,"(1, 1, 1)",84,0.027455999999999998,1,ok,0.000009,0.000010;0.000010;0.000009
B,26,17,1787807188.944431,"(1, 1, 1)",78,0.027455999999999998,1,ok,0.000009,0.000010;0.000010;0.000009
B,26,18,1787807188.953013,"(1, 1, 1)",58,0.027455999999999998,1,ok,0.000009,0.000009;0.000010;0.000009
B,26,19,1787807188.965691,"(1, 1, 1)",79,0.027455999999999998,1,ok,0.000010,0.000010;0.000010;0.000010
B,26,20,1787807189.064853,"(1, 1, 1)",80,0.027263999999999997,1,ok,0.000009,0.000009;0.000010;0.000010
B,26,21,1787807189.130411,"(1, 1, 1)",95,0.027263999999999997,1,ok,0.000009,0.000010;0.000009;0.000010
B,26,22,1787807189.171615,"(1, 1, 1)",71,0.027263999999999997,1,ok,0.000010,0.000010;0.000010;0.000010
B,26,23,1787807189.283500,"(1, 1, 1)",304,0.027263999999999997,1,ok,0.000009,0.000009;0.000010;0.000010
B,26,24,1787807189.346120,"(1, 1, 1)",129,0.027263999999999997,1,ok,0.000009,0.000010;0.000009;0.000010
B,26,25,1787807189.352816,"(1, 1, 1)",110,0.027263999999999997,1,ok,0.000009,0.000009;0.000010;0.000010
B,26,26,1787807189.388929,"(1, 1, 1)",81,0.027263999999999997,1,ok,0.000009,0.000010;0.000010;0.000009
