run,search_id,seq,ts,global_size,num_uops,early_stop_ms,sync_before,outcome,min_tm_ms,all_tms_ms
A,1,1,1787806071.586163,"(4096, 2, 16)",171,inf,0,ok,0.000109,0.000110;0.000109;0.000110
A,1,2,1787806071.616653,"(4096, 4, 16)",115,inf,0,ok,0.000217,0.000217;0.000218;0.000220
A,1,3,1787806071.660251,"(8192, 4, 8)",130,inf,0,ok,0.000218,0.000218;0.000221;0.000218
A,1,4,1787806071.703976,"(8192, 2, 16)",128,inf,0,ok,0.000218,0.000219;0.000221;0.000218
A,1,5,1787806071.715331,"(4096, 2, 4)",482,inf,0,ok,0.000034,0.000034;0.000035;0.000034
A,1,6,1787806071.739647,"(4096, 4, 16)",125,inf,0,ok,0.000218,0.000218;0.000221;0.000220
A,1,7,1787806071.758193,"(4096, 4, 16)",129,inf,0,ok,0.000218,0.000218;0.000221;0.000218
A,1,8,1787806071.816065,"(8192, 4, 4)",182,inf,0,ok,0.000109,0.000109;0.000111;0.000109
A,1,9,1787806071.870671,"(2048, 4, 16)",165,inf,0,ok,0.000109,0.000111;0.000109;0.000110
A,1,10,1787806071.952792,"(2048, 4, 16)",165,inf,0,ok,0.000109,0.000109;0.000109;0.000110
A,1,11,1787806072.041430,"(8192, 4, 8)",119,inf,0,ok,0.000218,0.000219;0.000218;0.000221
A,1,12,1787806072.070394,"(8192, 2, 16)",116,inf,0,ok,0.000217,0.000217;0.000217;0.000220
A,1,13,1787806072.096008,"(4096, 4, 16)",105,inf,0,ok,0.000217,0.000218;0.000217;0.000217
A,1,14,1787806072.123730,"(4096, 4, 16)",111,inf,0,ok,0.000219,0.000220;0.000219;0.000219
A,1,15,1787806072.154848,"(8192, 4, 4)",117,inf,0,ok,0.000109,0.000109;0.000109;0.000109
A,1,16,1787806072.179962,"(4096, 2, 16)",105,inf,0,ok,0.000109,0.000109;0.000109;0.000110
A,1,17,1787806072.209014,"(2048, 4, 16)",111,inf,0,ok,0.000109,0.000110;0.000109;0.000111
A,1,18,1787806072.214955,"(4096, 4, 16)",115,inf,0,ok,0.000218,0.000220;0.000219;0.000218
A,1,19,1787806072.236407,"(2048, 4, 16)",115,inf,0,ok,0.000109,0.000110;0.000109;0.000109
A,1,20,1787806072.248386,"(8192, 4, 2)",121,inf,0,ok,0.000055,0.000055;0.000055;0.000055
A,1,21,1787806072.265726,"(1024, 4, 16)",111,inf,0,ok,0.000055,0.000055;0.000055;0.000055
A,1,22,1787806072.277162,"(1024, 4, 16)",115,inf,0,ok,0.000054,0.000054;0.000055;0.000054
A,1,23,1787806072.291679,"(4096, 2, 4)",105,inf,0,ok,0.000032,0.000033;0.000032;0.000033
A,1,24,1787806072.306838,"(512, 4, 16)",111,inf,0,ok,0.000032,0.000032;0.000032;0.000032
A,1,25,1787806072.319926,"(512, 4, 16)",113,inf,0,ok,0.000032,0.000032;0.000032;0.000033
A,1,26,1787806072.332685,"(8192, 16, 4)",106,inf,0,ok,0.000435,0.000437;0.000435;0.000438
A,1,27,1787806072.347420,"(65536, 4, 2)",108,inf,0,ok,0.000437,0.000442;0.000440;0.000437
A,1,28,1787806072.360916,"(4096, 4, 32)",104,inf,0,ok,0.000437,0.000437;0.000439;0.000442
A,1,29,1787806072.375988,"(1024, 4, 128)",108,inf,0,ok,0.000436,0.000443;0.000436;0.000438
A,1,30,1787806072.388847,"(16384, 2, 16)",105,inf,0,ok,0.000437,0.000438;0.000437;0.000440
A,1,31,1787806072.400569,"(1024, 32, 16)",98,inf,0,ok,0.000436,0.000436;0.000442;0.000438
A,1,32,1787806072.414217,"(256, 128, 16)",103,inf,0,ok,0.000435,0.000435;0.000436;0.000436
A,1,33,1787806072.426244,"(8192, 4, 16)",105,inf,0,ok,0.000438,0.000438;0.000440;0.000439
A,1,34,1787806072.439079,"(8192, 4, 16)",102,inf,0,ok,0.000435,0.000441;0.000435;0.000442
A,1,35,1787806072.451791,"(8192, 4, 16)",104,inf,0,ok,0.000436,0.000440;0.000439;0.000436
A,1,36,1787806072.716081,"(256, 2, 4)",489,0.095232,0,ok,0.000011,0.000012;0.000012;0.000011
A,1,37,1787806072.731718,"(256, 2, 16)",178,0.095232,0,ok,0.000015,0.000015;0.000015;0.000015
A,1,38,1787806072.751553,"(256, 4, 16)",124,0.095232,0,ok,0.000020,0.000020;0.000021;0.000021
A,1,39,1787806072.857572,"(64, 4, 16)",287,0.095232,0,ok,0.000013,0.000013;0.000013;0.000013
A,1,40,1787806072.904695,"(512, 4, 8)",137,0.095232,0,ok,0.000021,0.000021;0.000021;0.000022
A,1,41,1787806072.949066,"(512, 2, 16)",138,0.095232,0,ok,0.000021,0.000021;0.000021;0.000021
A,1,42,1787806072.977416,"(512, 4, 16)",393,0.095232,0,ok,0.000038,0.000038;0.000038;0.000038
A,1,43,1787806072.986782,"(256, 4, 16)",132,0.095232,0,ok,0.000021,0.000021;0.000021;0.000021
A,1,44,1787806073.019886,"(256, 4, 16)",139,0.095232,0,ok,0.000021,0.000021;0.000021;0.000021
A,1,45,1787806073.032132,"(512, 4, 16)",138,0.095232,0,ok,0.000032,0.000032;0.000032;0.000033
A,1,46,1787806073.086198,"(128, 4, 16)",170,0.095232,0,ok,0.000015,0.000016;0.000016;0.000015
A,1,47,1787806073.092699,"(512, 4, 4)",189,0.095232,0,ok,0.000015,0.000015;0.000015;0.000016
A,1,48,1787806073.155254,"(128, 4, 16)",193,0.095232,0,ok,0.000015,0.000016;0.000016;0.000015
A,1,49,1787806073.162601,"(512, 4, 16)",172,0.095232,0,ok,0.000032,0.000032;0.000032;0.000033
A,1,50,1787806073.185626,"(512, 4, 8)",126,0.095232,0,ok,0.000021,0.000021;0.000021;0.000021
A,1,51,1787806073.192522,"(512, 2, 16)",124,0.095232,0,ok,0.000021,0.000021;0.000021;0.000021
A,1,52,1787806073.212498,"(256, 4, 16)",112,0.095232,0,ok,0.000020,0.000021;0.000020;0.000021
A,1,53,1787806073.242710,"(256, 4, 16)",118,0.095232,0,ok,0.000020,0.000020;0.000021;0.000021
A,1,54,1787806073.269821,"(256, 4, 16)",122,0.095232,0,ok,0.000021,0.000021;0.000021;0.000021
A,1,55,1787806073.300920,"(512, 4, 4)",124,0.095232,0,ok,0.000015,0.000015;0.000016;0.000015
A,1,56,1787806073.327616,"(256, 2, 16)",112,0.095232,0,ok,0.000015,0.000015;0.000015;0.000015
A,1,57,1787806073.356734,"(128, 4, 16)",120,0.095232,0,ok,0.000015,0.000015;0.000015;0.000015
A,1,58,1787806073.388645,"(512, 4, 2)",128,0.095232,0,ok,0.000012,0.000013;0.000012;0.000013
A,1,59,1787806073.410704,"(128, 4, 16)",118,0.095232,0,ok,0.000015,0.000015;0.000016;0.000015
A,1,60,1787806073.443276,"(64, 4, 16)",118,0.095232,0,ok,0.000012,0.000013;0.000012;0.000013
A,1,61,1787806073.469326,"(64, 4, 16)",110,0.095232,0,ok,0.000013,0.000013;0.000014;0.000013
A,1,62,1787806073.499061,"(256, 2, 4)",112,0.095232,0,ok,0.000011,0.000011;0.000012;0.000011
A,1,63,1787806073.530313,"(32, 4, 16)",118,0.095232,0,ok,0.000011,0.000012;0.000012;0.000011
A,1,64,1787806073.559542,"(4096, 4, 2)",115,0.095232,0,ok,0.000032,0.000033;0.000032;0.000032
A,1,65,1787806073.588458,"(256, 4, 32)",111,0.095232,0,ok,0.000032,0.000033;0.000033;0.000032
A,1,66,1787806073.609682,"(512, 16, 4)",113,0.095232,0,ok,0.000032,0.000033;0.000032;0.000033
A,1,67,1787806073.617038,"(1024, 4, 8)",115,0.095232,0,ok,0.000032,0.000033;0.000032;0.000032
A,1,68,1787806073.638653,"(1024, 2, 16)",113,0.095232,0,ok,0.000032,0.000032;0.000032;0.000032
A,1,69,1787806073.644625,"(64, 32, 16)",106,0.095232,0,ok,0.000032,0.000032;0.000032;0.000032
A,1,70,1787806073.667351,"(256, 8, 16)",111,0.095232,0,ok,0.000032,0.000033;0.000032;0.000032
A,1,71,1787806073.673041,"(512, 4, 16)",112,0.095232,0,ok,0.000032,0.000032;0.000033;0.000032
A,1,72,1787806073.696444,"(512, 4, 16)",107,0.095232,0,ok,0.000032,0.000032;0.000033;0.000032
A,1,73,1787806073.702413,"(512, 4, 16)",107,0.095232,0,ok,0.000032,0.000032;0.000032;0.000032
A,1,74,1787806073.767593,"(256, 2, 16)",174,0.095232,0,ok,0.000026,0.000026;0.000027;0.000027
A,1,75,1787806073.803405,"(256, 4, 16)",122,0.095232,0,ok,0.000027,0.000027;0.000027;0.000027
A,1,76,1787806073.835506,"(256, 4, 16)",121,0.095232,0,ok,0.000027,0.000027;0.000027;0.000027
A,1,77,1787806073.913424,"(256, 2, 4)",487,0.095232,0,ok,0.000027,0.000027;0.000027;0.000027
A,1,78,1787806073.961227,"(512, 4, 8)",135,0.095232,0,ok,0.000027,0.000027;0.000027;0.000028
A,1,79,1787806073.968096,"(512, 4, 16)",391,0.095232,0,ok,0.000032,0.000032;0.000033;0.000033
A,1,80,1787806074.009318,"(512, 2, 16)",136,0.095232,0,ok,0.000027,0.000027;0.000027;0.000027
A,1,81,1787806074.015811,"(256, 4, 16)",132,0.095232,0,ok,0.000021,0.000021;0.000021;0.000021
A,1,82,1787806074.052413,"(512, 4, 16)",134,0.095232,0,ok,0.000032,0.000033;0.000032;0.000032
A,1,83,1787806074.130356,"(512, 4, 4)",187,0.095232,0,ok,0.000026,0.000026;0.000026;0.000026
A,1,84,1787806074.186059,"(512, 4, 16)",172,0.095232,0,ok,0.000032,0.000032;0.000033;0.000033
A,1,85,1787806074.217686,"(512, 4, 8)",122,0.095232,0,ok,0.000026,0.000027;0.000027;0.000026
A,1,86,1787806074.248795,"(512, 2, 16)",122,0.095232,0,ok,0.000026,0.000027;0.000026;0.000027
A,1,87,1787806074.275917,"(256, 4, 16)",110,0.095232,0,ok,0.000027,0.000027;0.000027;0.000027
A,1,88,1787806074.282139,"(128, 4, 16)",168,0.095232,0,ok,0.000015,0.000016;0.000016;0.000015
A,1,89,1787806074.302231,"(256, 4, 16)",110,0.095232,0,ok,0.000026,0.000026;0.000027;0.000027
A,1,90,1787806074.315030,"(256, 4, 16)",118,0.095232,0,ok,0.000021,0.000022;0.000022;0.000021
A,1,91,1787806074.333326,"(512, 4, 4)",122,0.095232,0,ok,0.000026,0.000027;0.000026;0.000026
A,1,92,1787806074.344479,"(256, 2, 16)",110,0.095232,0,ok,0.000026,0.000026;0.000027;0.000027
A,1,93,1787806074.364752,"(128, 4, 16)",118,0.095232,0,ok,0.000018,0.000018;0.000019;0.000018
A,1,94,1787806074.380461,"(512, 4, 2)",126,0.095232,0,ok,0.000026,0.000026;0.000026;0.000026
A,1,95,1787806074.418146,"(64, 4, 16)",120,0.095232,0,ok,0.000018,0.000019;0.000018;0.000018
A,1,96,1787806074.441179,"(256, 2, 4)",110,0.095232,0,ok,0.000027,0.000028;0.000027;0.000028
A,1,97,1787806074.471629,"(32, 4, 16)",118,0.095232,0,ok,0.000018,0.000019;0.000018;0.000018
A,1,98,1787806074.499364,"(512, 16, 4)",111,0.095232,0,ok,0.000032,0.000032;0.000032;0.000032
A,1,99,1787806074.531745,"(4096, 4, 2)",111,0.095232,0,ok,0.000032,0.000032;0.000032;0.000032
A,1,100,1787806074.560827,"(64, 4, 128)",113,0.095232,0,ok,0.000032,0.000033;0.000032;0.000033
A,1,101,1787806074.590004,"(1024, 2, 16)",111,0.095232,0,ok,0.000032,0.000033;0.000032;0.000033
A,1,102,1787806074.596262,"(4096, 4, 2)",111,0.095232,0,ok,0.000032,0.000033;0.000033;0.000032
A,1,103,1787806074.615889,"(1024, 2, 16)",106,0.095232,0,ok,0.000032,0.000033;0.000032;0.000033
A,1,104,1787806074.624153,"(16, 128, 16)",107,0.095232,0,ok,0.000032,0.000032;0.000033;0.000032
A,1,105,1787806074.644881,"(512, 4, 16)",108,0.095232,0,ok,0.000032,0.000032;0.000032;0.000033
A,1,106,1787806074.652801,"(512, 4, 16)",109,0.095232,0,ok,0.000032,0.000032;0.000032;0.000033
A,1,107,1787806074.671978,"(512, 4, 16)",113,0.095232,0,ok,0.000032,0.000033;0.000033;0.000032
A,1,108,1787806075.031881,"(8, 32, 4)",692,0.0336,0,ok,0.000011,0.000012;0.000011;0.000012
A,1,109,1787806075.403300,"(8, 32, 2)",1709,0.0336,0,ok,0.000012,0.000013;0.000012;0.000013
A,1,110,1787806076.408860,"(32, 2, 4)",2437,0.0336,0,ok,0.000016,0.000016;0.000018;0.000017
A,1,111,1787806077.034437,"(256, 2, 2)",903,0.0336,0,ok,0.000011,0.000011;0.000011;0.000011
A,1,112,1787806077.359232,"(128, 2, 4)",791,0.0336,0,ok,0.000011,0.000011;0.000012;0.000012
A,1,113,1787806077.741677,"(128, 2, 4)",769,0.0336,0,ok,0.000012,0.000012;0.000012;0.000012
A,1,114,1787806078.137095,"(256, 2, 4)",704,0.0336,0,ok,0.000014,0.000014;0.000014;0.000014
A,1,115,1787806078.683327,"(64, 2, 4)",1402,0.0336,0,ok,0.000011,0.000012;0.000012;0.000011
A,1,116,1787806078.938020,"(64, 2, 4)",1329,0.0336,0,ok,0.000012,0.000013;0.000012;0.000013
A,1,117,1787806079.150967,"(256, 2, 2)",500,0.0336,0,ok,0.000011,0.000011;0.000011;0.000011
A,1,118,1787806079.338218,"(8, 32, 4)",484,0.0336,0,ok,0.000011,0.000012;0.000011;0.000011
A,1,119,1787806079.394072,"(256, 2, 4)",1100,0.0336,0,ok,0.000018,0.000019;0.000018;0.000019
A,1,120,1787806079.547966,"(128, 2, 4)",493,0.0336,0,ok,0.000011,0.000011;0.000011;0.000011
A,1,121,1787806079.590659,"(128, 2, 4)",496,0.0336,0,ok,0.000011,0.000011;0.000011;0.000011
A,1,122,1787806079.740569,"(8, 32, 2)",484,0.0336,0,ok,0.000011,0.000011;0.000012;0.000011
A,1,123,1787806079.797327,"(64, 2, 4)",494,0.0336,0,ok,0.000011,0.000011;0.000012;0.000012
A,1,124,1787806079.938755,"(64, 2, 4)",496,0.0336,0,ok,0.000011,0.000011;0.000012;0.000012
A,1,125,1787806080.007089,"(32, 2, 4)",494,0.0336,0,ok,0.000011,0.000011;0.000012;0.000011
A,1,126,1787806080.128791,"(32, 2, 4)",484,0.0336,0,ok,0.000011,0.000012;0.000012;0.000011
A,1,127,1787806080.217565,"(16, 2, 4)",492,0.0336,0,ok,0.000011,0.000012;0.000011;0.000012
A,1,128,1787806080.327312,"(256, 4, 2)",489,0.0336,0,ok,0.000011,0.000011;0.000012;0.000012
A,1,129,1787806080.420604,"(32, 2, 32)",487,0.0336,0,ok,0.000012,0.000012;0.000013;0.000013
A,1,130,1787806080.515118,"(128, 2, 8)",487,0.0336,0,ok,0.000012,0.000012;0.000012;0.000012
A,1,131,1787806080.623438,"(16, 32, 4)",483,0.0336,0,ok,0.000012,0.000012;0.000012;0.000012
A,1,132,1787806080.720407,"(64, 8, 4)",481,0.0336,0,ok,0.000011,0.000012;0.000012;0.000011
A,1,133,1787806080.818616,"(256, 2, 4)",487,0.0336,0,ok,0.000011,0.000012;0.000011;0.000012
A,1,134,1787806080.883101,"(16, 2, 16)",179,0.0336,0,ok,0.000011,0.000011;0.000011;0.000011
A,1,135,1787806080.918606,"(16, 4, 16)",127,0.0336,0,ok,0.000011,0.000011;0.000011;0.000011
A,1,136,1787806080.954330,"(16, 4, 16)",126,0.0336,0,ok,0.000011,0.000011;0.000011;0.000011
A,1,137,1787806081.320678,"(4, 4, 16)",294,0.0336,0,ok,0.000011,0.000012;0.000011;0.000012
A,1,138,1787806081.440227,"(32, 4, 16)",398,0.0336,0,ok,0.000013,0.000013;0.000013;0.000014
A,1,139,1787806081.462461,"(32, 4, 16)",400,0.0336,0,ok,0.000012,0.000012;0.000012;0.000012
A,1,140,1787806081.490690,"(32, 4, 8)",142,0.0336,0,ok,0.000011,0.000012;0.000011;0.000011
A,1,141,1787806081.510267,"(32, 2, 16)",143,0.0336,0,ok,0.000011,0.000011;0.000011;0.000012
A,1,142,1787806081.536876,"(16, 4, 16)",142,0.0336,0,ok,0.000011,0.000012;0.000011;0.000011
A,1,143,1787806081.558099,"(32, 4, 16)",141,0.0336,0,ok,0.000011,0.000011;0.000011;0.000011
A,1,144,1787806081.576330,"(32, 4, 16)",141,0.0336,0,ok,0.000011,0.000012;0.000011;0.000011
A,1,145,1787806081.634904,"(32, 4, 4)",194,0.0336,0,ok,0.000011,0.000011;0.000011;0.000011
A,1,146,1787806081.651729,"(8, 4, 16)",200,0.0336,0,ok,0.000011,0.000011;0.000011;0.000011
A,1,147,1787806081.707054,"(32, 4, 16)",179,0.0336,0,ok,0.000011,0.000012;0.000011;0.000011
A,1,148,1787806081.713466,"(32, 4, 16)",175,0.0336,0,ok,0.000011,0.000011;0.000011;0.000011
A,1,149,1787806081.740392,"(32, 2, 16)",129,0.0336,0,ok,0.000012,0.000012;0.000012;0.000012
A,1,150,1787806081.745847,"(32, 4, 8)",129,0.0336,0,ok,0.000012,0.000012;0.000012;0.000012
A,1,151,1787806081.767869,"(16, 4, 16)",115,0.0336,0,ok,0.000012,0.000012;0.000012;0.000012
A,1,152,1787806081.772939,"(16, 4, 16)",115,0.0336,0,ok,0.000012,0.000012;0.000012;0.000013
A,1,153,1787806081.796881,"(16, 4, 16)",123,0.0336,0,ok,0.000012,0.000012;0.000012;0.000012
A,1,154,1787806081.802321,"(32, 4, 4)",129,0.0336,0,ok,0.000013,0.000013;0.000013;0.000013
A,1,155,1787806081.825853,"(16, 2, 16)",115,0.0336,0,ok,0.000013,0.000013;0.000014;0.000013
A,1,156,1787806081.831855,"(8, 4, 16)",127,0.0336,0,ok,0.000013,0.000013;0.000013;0.000013
A,1,157,1787806081.854864,"(32, 16, 4)",118,0.0336,0,ok,0.000012,0.000012;0.000012;0.000012
A,1,158,1787806081.861937,"(256, 4, 2)",118,0.0336,0,ok,0.000012,0.000012;0.000012;0.000012
A,1,159,1787806081.885080,"(256, 4, 2)",118,0.0336,0,ok,0.000012,0.000012;0.000012;0.000012
A,1,160,1787806081.891643,"(64, 4, 8)",120,0.0336,0,ok,0.000011,0.000011;0.000012;0.000012
A,1,161,1787806081.915029,"(64, 2, 16)",118,0.0336,0,ok,0.000012,0.000012;0.000012;0.000012
A,1,162,1787806081.920362,"(64, 2, 16)",113,0.0336,0,ok,0.000011,0.000011;0.000012;0.000011
A,1,163,1787806081.942472,"(16, 8, 16)",114,0.0336,0,ok,0.000012,0.000012;0.000012;0.000012
A,1,164,1787806081.947816,"(32, 4, 16)",115,0.0336,0,ok,0.000012,0.000012;0.000012;0.000012
A,1,165,1787806081.971687,"(32, 4, 16)",112,0.0336,0,ok,0.000012,0.000012;0.000012;0.000012
A,1,166,1787806081.977194,"(32, 4, 16)",116,0.0336,0,ok,0.000011,0.000011;0.000012;0.000012
A,1,167,1787806082.394497,"(8, 8, 4)",698,0.031872000000000004,0,ok,0.000011,0.000011;0.000011;0.000011
A,1,168,1787806082.942332,"(8, 8, 2)",1716,0.031872000000000004,0,ok,0.000012,0.000012;0.000012;0.000012
A,1,169,1787806083.786338,"(8, 2, 4)",2602,0.031872000000000004,0,ok,0.000012,0.000012;0.000013;0.000013
A,1,170,1787806084.953364,"(8, 2, 4)",2444,0.031872000000000004,0,ok,0.000014,0.000014;0.000014;0.000014
A,1,171,1787806085.975811,"(64, 2, 2)",906,0.031872000000000004,0,ok,0.000011,0.000011;0.000011;0.000011
A,1,172,1787806086.362500,"(32, 2, 4)",798,0.031872000000000004,0,ok,0.000011,0.000011;0.000011;0.000011
A,1,173,1787806086.826064,"(32, 2, 4)",774,0.031872000000000004,0,ok,0.000011,0.000012;0.000012;0.000011
A,1,174,1787806087.310332,"(64, 2, 4)",709,0.031872000000000004,0,ok,0.000011,0.000011;0.000012;0.000011
A,1,175,1787806087.699820,"(64, 2, 4)",799,0.031872000000000004,0,ok,0.000011,0.000011;0.000011;0.000011
A,1,176,1787806088.360926,"(16, 2, 4)",1400,0.031872000000000004,0,ok,0.000011,0.000011;0.000011;0.000012
A,1,177,1787806089.257131,"(16, 2, 4)",1336,0.031872000000000004,0,ok,0.000012,0.000012;0.000012;0.000012
A,1,178,1787806089.521516,"(64, 2, 2)",505,0.031872000000000004,0,ok,0.000011,0.000012;0.000011;0.000012
A,1,179,1787806089.533204,"(64, 2, 4)",1105,0.031872000000000004,0,ok,0.000012,0.000012;0.000012;0.000013
A,1,180,1787806089.759947,"(8, 8, 4)",491,0.031872000000000004,0,ok,0.000012,0.000012;0.000012;0.000012
A,1,181,1787806089.790670,"(32, 2, 4)",501,0.031872000000000004,0,ok,0.000011,0.000011;0.000012;0.000011
A,1,182,1787806090.000549,"(32, 2, 4)",501,0.031872000000000004,0,ok,0.000011,0.000011;0.000011;0.000011
A,1,183,1787806090.028606,"(8, 8, 2)",491,0.031872000000000004,0,ok,0.000011,0.000011;0.000012;0.000012
A,1,184,1787806090.253204,"(16, 2, 4)",499,0.031872000000000004,0,ok,0.000011,0.000012;0.000011;0.000011
A,1,185,1787806090.275529,"(16, 2, 4)",503,0.031872000000000004,0,ok,0.000011,0.000011;0.000011;0.000011
A,1,186,1787806090.490694,"(8, 2, 4)",491,0.031872000000000004,0,ok,0.000012,0.000013;0.000012;0.000012
A,1,187,1787806090.513772,"(8, 2, 4)",491,0.031872000000000004,0,ok,0.000011,0.000011;0.000011;0.000011
A,1,188,1787806090.733218,"(64, 4, 2)",494,0.031872000000000004,0,ok,0.000011,0.000011;0.000012;0.000012
A,1,189,1787806090.766631,"(32, 2, 8)",494,0.031872000000000004,0,ok,0.000011,0.000011;0.000011;0.000011
A,1,190,1787806090.967646,"(32, 2, 8)",490,0.031872000000000004,0,ok,0.000011,0.000011;0.000011;0.000012
A,1,191,1787806091.020794,"(16, 8, 4)",492,0.031872000000000004,0,ok,0.000011,0.000011;0.000012;0.000011
A,1,192,1787806091.283140,"(16, 8, 4)",490,0.031872000000000004,0,ok,0.000011,0.000011;0.000011;0.000011
A,1,193,1787806091.456187,"(64, 2, 4)",494,0.031872000000000004,0,ok,0.000011,0.000011;0.000012;0.000011
A,1,194,1787806091.671478,"(4, 2, 16)",409,0.031872000000000004,0,ok,0.000011,0.000012;0.000011;0.000012
A,1,195,1787806091.795436,"(4, 4, 16)",244,0.031872000000000004,0,ok,0.000011,0.000011;0.000011;0.000011
A,1,196,1787806091.918083,"(4, 4, 16)",250,0.031872000000000004,0,ok,0.000011,0.000011;0.000012;0.000011
A,1,197,1787806092.209287,"(4, 2, 4)",1334,0.031872000000000004,0,ok,0.000013,0.000013;0.000013;0.000013
A,1,198,1787806092.771280,"(8, 4, 16)",1154,0.031872000000000004,0,ok,0.000011,0.000012;0.000012;0.000011
A,1,199,1787806092.942224,"(8, 4, 8)",272,0.031872000000000004,0,ok,0.000012,0.000012;0.000012;0.000012
A,1,200,1787806093.083432,"(8, 2, 16)",271,0.031872000000000004,0,ok,0.000011,0.000011;0.000012;0.000012
A,1,201,1787806093.188318,"(8, 4, 16)",1332,0.031872000000000004,0,ok,0.000017,0.000017;0.000017;0.000017
A,1,202,1787806093.225138,"(8, 4, 16)",277,0.031872000000000004,0,ok,0.000011,0.000011;0.000011;0.000012
A,1,203,1787806093.324294,"(8, 4, 16)",263,0.031872000000000004,0,ok,0.000010,0.000011;0.000010;0.000011
A,1,204,1787806093.524051,"(8, 4, 4)",426,0.031872000000000004,0,ok,0.000011,0.000011;0.000012;0.000011
A,1,205,1787806093.626697,"(8, 4, 16)",421,0.031872000000000004,0,ok,0.000011,0.000011;0.000012;0.000012
A,1,206,1787806093.797334,"(8, 4, 16)",393,0.031872000000000004,0,ok,0.000011,0.000011;0.000011;0.000011
A,1,207,1787806093.904812,"(8, 2, 16)",209,0.031872000000000004,0,ok,0.000011,0.000011;0.000011;0.000011
A,1,208,1787806094.002623,"(4, 4, 16)",197,0.031872000000000004,0,ok,0.000011,0.000011;0.000011;0.000011
A,1,209,1787806094.009410,"(8, 4, 8)",209,0.031872000000000004,0,ok,0.000011,0.000011;0.000011;0.000011
A,1,210,1787806094.097426,"(4, 4, 16)",197,0.031872000000000004,0,ok,0.000011,0.000011;0.000012;0.000011
A,1,211,1787806094.104768,"(4, 4, 16)",197,0.031872000000000004,0,ok,0.000011,0.000011;0.000011;0.000011
A,1,212,1787806094.201472,"(8, 4, 4)",211,0.031872000000000004,0,ok,0.000011,0.000011;0.000011;0.000012
A,1,213,1787806094.207743,"(4, 2, 16)",197,0.031872000000000004,0,ok,0.000011,0.000011;0.000011;0.000012
A,1,214,1787806094.300599,"(8, 16, 4)",200,0.031872000000000004,0,ok,0.000011,0.000011;0.000011;0.000011
A,1,215,1787806094.307103,"(64, 4, 2)",200,0.031872000000000004,0,ok,0.000011,0.000011;0.000011;0.000011
A,1,216,1787806094.401658,"(64, 4, 2)",200,0.031872000000000004,0,ok,0.000011,0.000011;0.000011;0.000011
A,1,217,1787806094.407668,"(64, 4, 2)",200,0.031872000000000004,0,ok,0.000011,0.000011;0.000012;0.000011
A,1,218,1787806094.494762,"(16, 2, 16)",193,0.031872000000000004,0,ok,0.000011,0.000011;0.000011;0.000011
A,1,219,1787806094.501593,"(16, 2, 16)",198,0.031872000000000004,0,ok,0.000011,0.000011;0.000011;0.000012
A,1,220,1787806094.594778,"(16, 2, 16)",194,0.031872000000000004,0,ok,0.000011,0.000011;0.000011;0.000011
A,1,221,1787806094.697795,"(8, 4, 16)",197,0.031872000000000004,0,ok,0.000011,0.000011;0.000011;0.000011
A,1,222,1787806094.796693,"(8, 4, 16)",200,0.031872000000000004,0,ok,0.000011,0.000011;0.000011;0.000012
A,1,223,1787806094.925514,"(8, 4, 16)",196,0.031872000000000004,0,ok,0.000011,0.000011;0.000012;0.000011
A,1,224,1787806095.375147,"(4, 2, 16)",666,0.031488,0,ok,0.000011,0.000011;0.000012;0.000011
A,1,225,1787806095.549619,"(4, 4, 16)",340,0.031488,0,ok,0.000011,0.000011;0.000011;0.000011
A,1,226,1787806095.735846,"(4, 4, 16)",379,0.031488,0,ok,0.000011,0.000012;0.000011;0.000011
A,1,227,1787806095.968794,"(4, 4, 16)",419,0.031488,0,ok,0.000011,0.000012;0.000012;0.000011
A,1,228,1787806096.492027,"(4, 2, 4)",2357,0.031488,0,ok,0.000013,0.000013;0.000013;0.000013
A,1,229,1787806097.232492,"(8, 4, 8)",399,0.031488,0,ok,0.000011,0.000011;0.000011;0.000011
A,1,230,1787806097.468990,"(8, 2, 16)",398,0.031488,0,ok,0.000011,0.000011;0.000012;0.000011
A,1,231,1787806097.717934,"(8, 4, 16)",384,0.031488,0,ok,0.000011,0.000011;0.000011;0.000011
A,1,232,1787806097.752062,"(8, 4, 16)",2071,0.031488,0,ok,0.000017,0.000017;0.000017;0.000017
A,1,233,1787806098.182194,"(8, 4, 4)",679,0.031488,0,ok,0.000012,0.000012;0.000012;0.000012
A,1,234,1787806098.337953,"(8, 4, 16)",608,0.031488,0,ok,0.000011,0.000011;0.000012;0.000012
A,1,235,1787806098.532719,"(8, 4, 16)",649,0.031488,0,ok,0.000011,0.000011;0.000011;0.000011
A,1,236,1787806098.683218,"(8, 2, 16)",272,0.031488,0,ok,0.000011,0.000011;0.000011;0.000012
A,1,237,1787806098.787697,"(8, 4, 8)",272,0.031488,0,ok,0.000011,0.000012;0.000011;0.000012
A,1,238,1787806098.819271,"(4, 4, 16)",262,0.031488,0,ok,0.000011,0.000011;0.000011;0.000011
A,1,239,1787806098.923530,"(4, 4, 16)",262,0.031488,0,ok,0.000011,0.000012;0.000011;0.000011
A,1,240,1787806098.951691,"(4, 4, 16)",262,0.031488,0,ok,0.000011,0.000011;0.000011;0.000011
A,1,241,1787806099.070267,"(8, 4, 4)",272,0.031488,0,ok,0.000011,0.000011;0.000012;0.000011
A,1,242,1787806099.085705,"(4, 2, 16)",262,0.031488,0,ok,0.000011,0.000012;0.000011;0.000011
A,1,243,1787806099.218501,"(8, 4, 2)",274,0.031488,0,ok,0.000012,0.000012;0.000012;0.000012
A,1,244,1787806099.225980,"(8, 16, 4)",263,0.031488,0,ok,0.000011,0.000011;0.000011;0.000011
A,1,245,1787806099.360122,"(64, 4, 2)",265,0.031488,0,ok,0.000010,0.000011;0.000010;0.000011
A,1,246,1787806099.367324,"(64, 4, 2)",265,0.031488,0,ok,0.000011,0.000011;0.000011;0.000011
A,1,247,1787806099.500533,"(64, 4, 2)",265,0.031488,0,ok,0.000011,0.000011;0.000011;0.000011
A,1,248,1787806099.507837,"(16, 2, 16)",263,0.031488,0,ok,0.000011,0.000011;0.000011;0.000011
A,1,249,1787806099.634051,"(16, 2, 16)",259,0.031488,0,ok,0.000011,0.000011;0.000011;0.000011
A,1,250,1787806099.642037,"(16, 2, 16)",258,0.031488,0,ok,0.000011,0.000011;0.000011;0.000011
A,1,251,1787806099.782748,"(8, 4, 16)",260,0.031488,0,ok,0.000011,0.000011;0.000011;0.000011
A,1,252,1787806099.923367,"(8, 4, 16)",263,0.031488,0,ok,0.000011,0.000011;0.000011;0.000011
A,1,253,1787806100.085475,"(8, 4, 16)",259,0.031488,0,ok,0.000011,0.000012;0.000011;0.000011
A,1,254,1787806100.829849,"(2, 8, 8)",1716,0.031488,0,ok,0.000012,0.000012;0.000012;0.000012
A,1,255,1787806101.908880,"(2, 8, 4)",2444,0.031488,0,ok,0.000014,0.000014;0.000014;0.000015
A,1,256,1787806102.017365,"(2, 8, 4)",2602,0.031488,0,ok,0.000012,0.000012;0.000012;0.000012
A,1,257,1787806102.268324,"(8, 8, 4)",698,0.031488,0,ok,0.000011,0.000011;0.000011;0.000011
A,1,258,1787806102.902282,"(16, 8, 4)",1398,0.031488,0,ok,0.000011,0.000012;0.000011;0.000012
A,1,259,1787806103.418136,"(16, 8, 2)",902,0.031488,0,ok,0.000011,0.000012;0.000011;0.000011
A,1,260,1787806103.905905,"(16, 4, 4)",770,0.031488,0,ok,0.000011,0.000012;0.000011;0.000012
A,1,261,1787806104.298043,"(8, 8, 4)",794,0.031488,0,ok,0.000011,0.000011;0.000011;0.000011
A,1,262,1787806104.795187,"(16, 8, 4)",705,0.031488,0,ok,0.000011,0.000012;0.000011;0.000012
A,1,263,1787806105.205242,"(16, 8, 4)",795,0.031488,0,ok,0.000011,0.000011;0.000012;0.000012
A,1,264,1787806106.135399,"(16, 2, 4)",1332,0.031488,0,ok,0.000012,0.000012;0.000012;0.000012
A,1,265,1787806106.786434,"(4, 8, 4)",1394,0.031488,0,ok,0.000011,0.000012;0.000012;0.000011
A,1,266,1787806107.235807,"(16, 8, 2)",501,0.031488,0,ok,0.000011,0.000012;0.000011;0.000012
A,1,267,1787806107.492823,"(16, 4, 4)",497,0.031488,0,ok,0.000011,0.000011;0.000012;0.000011
A,1,268,1787806107.736787,"(16, 8, 4)",1101,0.031488,0,ok,0.000012,0.000012;0.000012;0.000012
A,1,269,1787806107.759424,"(8, 8, 4)",497,0.031488,0,ok,0.000011,0.000012;0.000011;0.000012
A,1,270,1787806107.972718,"(8, 8, 4)",491,0.031488,0,ok,0.000011,0.000011;0.000011;0.000011
A,1,271,1787806107.998433,"(2, 8, 8)",491,0.031488,0,ok,0.000011,0.000012;0.000011;0.000012
A,1,272,1787806108.240056,"(16, 2, 4)",499,0.031488,0,ok,0.000011,0.000012;0.000011;0.000011
A,1,273,1787806108.496617,"(2, 8, 4)",491,0.031488,0,ok,0.000011,0.000011;0.000012;0.000011
A,1,274,1787806108.505224,"(4, 8, 4)",495,0.031488,0,ok,0.000011,0.000011;0.000012;0.000012
A,1,275,1787806108.734229,"(2, 8, 4)",491,0.031488,0,ok,0.000012,0.000012;0.000012;0.000012
A,1,276,1787806108.753568,"(16, 4, 8)",490,0.031488,0,ok,0.000011,0.000012;0.000011;0.000011
A,1,277,1787806109.021472,"(8, 8, 8)",494,0.031488,0,ok,0.000011,0.000011;0.000012;0.000011
A,1,278,1787806109.226986,"(32, 8, 2)",490,0.031488,0,ok,0.000011,0.000011;0.000011;0.000011
A,1,279,1787806109.272381,"(16, 8, 4)",494,0.031488,0,ok,0.000011,0.000011;0.000011;0.000011
A,1,280,1787806109.523604,"(16, 8, 4)",492,0.031488,0,ok,0.000011,0.000011;0.000012;0.000011
A,2,1,1787806109.708665,"(2048, 1, 1)",58,inf,0,ok,0.000018,0.000018;0.000018;0.000018
A,2,2,1787806109.714300,"(1024, 1, 1)",90,inf,0,ok,0.000019,0.000019;0.000019;0.000019
A,2,3,1787806109.719881,"(2048, 1, 1)",49,inf,0,ok,0.000014,0.000014;0.000014;0.000015
A,2,4,1787806109.724916,"(4096, 1, 1)",52,inf,0,ok,0.000013,0.000014;0.000013;0.000013
A,2,5,1787806109.730196,"(1024, 1, 1)",51,inf,0,ok,0.000014,0.000015;0.000014;0.000015
A,2,6,1787806109.735380,"(512, 1, 1)",51,inf,0,ok,0.000014,0.000014;0.000015;0.000015
A,2,7,1787806109.740214,"(256, 1, 1)",51,inf,0,ok,0.000015,0.000015;0.000015;0.000015
A,2,8,1787806109.745076,"(4096, 1, 1)",68,inf,0,ok,0.000013,0.000013;0.000013;0.000013
A,2,9,1787806109.750468,"(4096, 1, 1)",68,inf,0,ok,0.000012,0.000013;0.000013;0.000012
A,2,10,1787806109.756388,"(4096, 1, 1)",66,inf,0,ok,0.000013,0.000013;0.000013;0.000013
A,2,11,1787806109.761455,"(4096, 1, 1)",49,inf,0,ok,0.000018,0.000019;0.000018;0.000019
A,2,12,1787806109.766446,"(4096, 1, 1)",68,inf,0,ok,0.000012,0.000013;0.000013;0.000012
A,2,13,1787806109.771618,"(4096, 1, 1)",68,inf,0,ok,0.000013,0.000013;0.000013;0.000013
A,2,14,1787806109.776723,"(4096, 1, 1)",68,inf,0,ok,0.000012,0.000012;0.000013;0.000012
A,2,15,1787806109.781827,"(128, 1, 1)",49,inf,0,ok,0.000015,0.000015;0.000016;0.000016
A,2,16,1787806109.815948,"(2048, 1, 1)",105,0.036576,0,ok,0.000011,0.000011;0.000011;0.000012
A,2,17,1787806109.822761,"(1024, 1, 1)",155,0.036576,0,ok,0.000011,0.000011;0.000011;0.000011
A,2,18,1787806109.835964,"(4096, 1, 1)",89,0.036576,0,ok,0.000012,0.000012;0.000012;0.000013
A,2,19,1787806109.848611,"(4096, 1, 1)",84,0.036576,0,ok,0.000013,0.000013;0.000013;0.000013
A,2,20,1787806109.854828,"(4096, 1, 1)",78,0.036576,0,ok,0.000012,0.000012;0.000013;0.000013
A,2,21,1787806109.863384,"(2048, 1, 1)",82,0.036576,0,ok,0.000011,0.000011;0.000012;0.000012
A,2,22,1787806109.876513,"(1024, 1, 1)",84,0.036576,0,ok,0.000011,0.000011;0.000011;0.000011
A,2,23,1787806109.890992,"(512, 1, 1)",84,0.036576,0,ok,0.000010,0.000011;0.000010;0.000010
A,2,24,1787806109.903222,"(256, 1, 1)",80,0.036576,0,ok,0.000010,0.000010;0.000011;0.000011
A,2,25,1787806110.048384,"(4096, 1, 1)",64,0.036576,0,ok,0.000019,0.000019;0.000019;0.000019
A,2,26,1787806110.070596,"(128, 1, 1)",86,0.036576,0,ok,0.000011,0.000011;0.000011;0.000011
A,2,27,1787806110.104894,"(4096, 1, 1)",82,0.036576,0,ok,0.000013,0.000013;0.000013;0.000013
A,2,28,1787806110.291719,"(2048, 1, 1)",103,0.036576,0,ok,0.000012,0.000013;0.000012;0.000012
A,2,29,1787806110.342633,"(1024, 1, 1)",153,0.036576,0,ok,0.000012,0.000013;0.000012;0.000013
A,2,30,1787806110.360563,"(4096, 1, 1)",233,0.036576,0,ok,0.000012,0.000013;0.000012;0.000013
A,2,31,1787806110.382424,"(4096, 1, 1)",80,0.036576,0,ok,0.000013,0.000013;0.000013;0.000013
A,2,32,1787806110.396579,"(2048, 1, 1)",80,0.036576,0,ok,0.000011,0.000012;0.000011;0.000011
A,2,33,1787806110.418903,"(1024, 1, 1)",82,0.036576,0,ok,0.000011,0.000011;0.000011;0.000011
A,2,34,1787806110.432904,"(512, 1, 1)",84,0.036576,0,ok,0.000011,0.000011;0.000011;0.000011
A,2,35,1787806110.456392,"(256, 1, 1)",84,0.036576,0,ok,0.000011,0.000012;0.000011;0.000012
A,2,36,1787806110.472438,"(4096, 1, 1)",83,0.036576,0,ok,0.000018,0.000018;0.000018;0.000018
A,2,37,1787806110.498505,"(4096, 1, 1)",64,0.036576,0,ok,0.000041,0.000041
A,2,38,1787806110.532015,"(4096, 1, 1)",80,0.036576,0,ok,0.000013,0.000013;0.000013;0.000013
A,2,39,1787806110.548837,"(4096, 1, 1)",82,0.036576,0,ok,0.000013,0.000013;0.000013;0.000013
A,2,40,1787806110.569776,"(4096, 1, 1)",82,0.036576,0,ok,0.000018,0.000019;0.000018;0.000018
A,2,41,1787806110.584122,"(128, 1, 1)",82,0.036576,0,ok,0.000011,0.000011;0.000012;0.000011
A,2,42,1787806110.628223,"(256, 1, 1)",120,0.030720000000000004,0,ok,0.000010,0.000011;0.000010;0.000011
A,2,43,1787806110.647808,"(512, 1, 1)",262,0.030720000000000004,0,ok,0.000011,0.000012;0.000011;0.000011
A,2,44,1787806110.653786,"(512, 1, 1)",117,0.030720000000000004,0,ok,0.000010,0.000011;0.000010;0.000011
A,2,45,1787806110.678157,"(512, 1, 1)",165,0.030720000000000004,0,ok,0.000010,0.000010;0.000010;0.000011
A,2,46,1787806110.683924,"(128, 1, 1)",184,0.030720000000000004,0,ok,0.000010,0.000011;0.000010;0.000011
A,2,47,1787806110.694546,"(512, 1, 1)",109,0.030720000000000004,0,ok,0.000011,0.000011;0.000011;0.000011
A,2,48,1787806110.700610,"(512, 1, 1)",96,0.030720000000000004,0,ok,0.000011,0.000011;0.000012;0.000011
A,2,49,1787806110.711374,"(512, 1, 1)",92,0.030720000000000004,0,ok,0.000010,0.000011;0.000010;0.000010
A,2,50,1787806110.726921,"(256, 1, 1)",94,0.030720000000000004,0,ok,0.000010,0.000011;0.000010;0.000010
A,2,51,1787806110.743165,"(128, 1, 1)",96,0.030720000000000004,0,ok,0.000011,0.000011;0.000011;0.000011
A,2,52,1787806110.759970,"(64, 1, 1)",96,0.030720000000000004,0,ok,0.000011,0.000011;0.000011;0.000011
A,2,53,1787806110.772382,"(512, 1, 1)",77,0.030720000000000004,0,ok,0.000025,0.000025;0.000025;0.000025
A,2,54,1787806110.920001,"(512, 1, 1)",96,0.030720000000000004,0,ok,0.000013,0.000014;0.000013;0.000014
A,2,55,1787806111.141407,"(128, 1, 1)",122,0.030720000000000004,0,ok,0.000011,0.000011;0.000011;0.000011
A,2,56,1787806111.189106,"(256, 1, 1)",115,0.030720000000000004,0,ok,0.000010,0.000011;0.000011;0.000010
A,2,57,1787806111.232914,"(256, 1, 1)",484,0.030720000000000004,0,ok,0.000011,0.000011;0.000011;0.000011
A,2,58,1787806111.252824,"(64, 1, 1)",182,0.030720000000000004,0,ok,0.000010,0.000011;0.000010;0.000011
A,2,59,1787806111.295721,"(256, 1, 1)",163,0.030720000000000004,0,ok,0.000010,0.000011;0.000010;0.000011
A,2,60,1787806111.307970,"(256, 1, 1)",98,0.030720000000000004,0,ok,0.000011,0.000011;0.000011;0.000012
A,2,61,1787806111.334735,"(256, 1, 1)",103,0.030720000000000004,0,ok,0.000010,0.000011;0.000011;0.000010
A,2,62,1787806111.348045,"(256, 1, 1)",94,0.030720000000000004,0,ok,0.000011,0.000011;0.000011;0.000011
A,2,63,1787806111.385057,"(128, 1, 1)",96,0.030720000000000004,0,ok,0.000010,0.000011;0.000010;0.000010
A,2,64,1787806111.408701,"(64, 1, 1)",94,0.030720000000000004,0,ok,0.000011,0.000011;0.000011;0.000011
A,2,65,1787806111.428703,"(256, 1, 1)",94,0.030720000000000004,0,ok,0.000015,0.000015;0.000015;0.000015
A,2,66,1787806111.514503,"(256, 1, 1)",135,0.030240000000000003,0,ok,0.000010,0.000011;0.000011;0.000010
A,2,67,1787806111.546051,"(512, 1, 1)",130,0.030240000000000003,0,ok,0.000010,0.000010;0.000011;0.000010
A,2,68,1787806111.597277,"(512, 1, 1)",319,0.030240000000000003,0,ok,0.000011,0.000011;0.000011;0.000011
A,2,69,1787806111.635753,"(128, 1, 1)",208,0.030240000000000003,0,ok,0.000011,0.000011;0.000011;0.000011
A,2,70,1787806111.645807,"(512, 1, 1)",191,0.030240000000000003,0,ok,0.000010,0.000011;0.000011;0.000010
A,2,71,1787806111.714949,"(512, 1, 1)",131,0.030240000000000003,0,ok,0.000010,0.000010;0.000010;0.000010
A,2,72,1787806111.721193,"(512, 1, 1)",166,0.030240000000000003,0,ok,0.000010,0.000010;0.000011;0.000011
A,2,73,1787806111.758600,"(256, 1, 1)",104,0.030240000000000003,0,ok,0.000010,0.000010;0.000011;0.000010
A,2,74,1787806111.764580,"(128, 1, 1)",102,0.030240000000000003,0,ok,0.000010,0.000011;0.000010;0.000011
A,2,75,1787806111.802259,"(64, 1, 1)",106,0.030240000000000003,0,ok,0.000010,0.000011;0.000010;0.000011
A,2,76,1787806111.808233,"(32, 1, 1)",106,0.030240000000000003,0,ok,0.000010,0.000011;0.000010;0.000011
A,2,77,1787806111.842821,"(512, 1, 1)",90,0.030240000000000003,0,ok,0.000011,0.000011;0.000011;0.000011
A,2,78,1787806111.850159,"(512, 1, 1)",105,0.030240000000000003,0,ok,0.000010,0.000011;0.000010;0.000011
A,2,79,1787806111.893451,"(16, 1, 1)",106,0.030240000000000003,0,ok,0.000011,0.000011;0.000011;0.000012
A,2,80,1787806112.134362,"(256, 1, 1)",1018,0.030240000000000003,0,ok,0.000011,0.000011;0.000011;0.000011
A,2,81,1787806112.193221,"(256, 1, 1)",173,0.030240000000000003,0,ok,0.000010,0.000011;0.000010;0.000011
A,2,82,1787806112.271333,"(128, 1, 1)",176,0.030240000000000003,0,ok,0.000010,0.000011;0.000011;0.000010
A,2,83,1787806112.278072,"(64, 1, 1)",300,0.030240000000000003,0,ok,0.000011,0.000011;0.000011;0.000011
A,2,84,1787806112.356993,"(256, 1, 1)",287,0.030240000000000003,0,ok,0.000010,0.000010;0.000010;0.000011
A,2,85,1787806112.424639,"(256, 1, 1)",164,0.030240000000000003,0,ok,0.000011,0.000011;0.000011;0.000011
A,2,86,1787806112.465374,"(128, 1, 1)",121,0.030240000000000003,0,ok,0.000011,0.000011;0.000011;0.000011
A,2,87,1787806112.472244,"(256, 1, 1)",443,0.030240000000000003,0,ok,0.000011,0.000011;0.000011;0.000011
A,2,88,1787806112.510235,"(64, 1, 1)",117,0.030240000000000003,0,ok,0.000010,0.000011;0.000010;0.000011
A,3,1,1787806112.584894,"(1, 1, 1)",55,inf,0,ok,0.000027,0.000027;0.000027;0.000028
A,3,2,1787806112.596194,"(1, 1, 1)",68,inf,0,ok,0.000013,0.000013;0.000014;0.000014
A,3,3,1787806112.606820,"(1, 1, 1)",68,inf,0,ok,0.000012,0.000012;0.000012;0.000013
A,3,4,1787806112.617847,"(1, 1, 1)",68,inf,0,ok,0.000011,0.000012;0.000011;0.000012
A,3,5,1787806112.627977,"(1, 1, 1)",68,inf,0,ok,0.000016,0.000017;0.000016;0.000017
A,3,6,1787806112.638537,"(1, 1, 1)",68,inf,0,ok,0.000013,0.000013;0.000013;0.000013
A,3,7,1787806112.647488,"(1, 1, 1)",68,inf,0,ok,0.000011,0.000011;0.000011;0.000012
A,3,8,1787806112.661812,"(1, 1, 1)",66,inf,0,ok,0.000012,0.000013;0.000013;0.000012
A,3,9,1787806112.693893,"(1, 1, 1)",104,0.033408,0,ok,0.000031,0.000032;0.000032;0.000031
A,3,10,1787806112.701142,"(1, 1, 1)",81,0.033408,0,ok,0.000014,0.000014;0.000014;0.000014
A,3,11,1787806112.706526,"(1, 1, 1)",87,0.033408,0,ok,0.000011,0.000011;0.000011;0.000011
A,3,12,1787806112.720699,"(1, 1, 1)",85,0.033408,0,ok,0.000013,0.000013;0.000013;0.000013
A,3,13,1787806112.726274,"(1, 1, 1)",81,0.033408,0,ok,0.000011,0.000011;0.000011;0.000011
A,3,14,1787806112.734037,"(1, 1, 1)",83,0.033408,0,ok,0.000084,0.000084
A,3,15,1787806112.738982,"(1, 1, 1)",80,0.033408,0,ok,0.000010,0.000010;0.000011;0.000010
A,3,16,1787806112.749777,"(1, 1, 1)",84,0.033408,0,ok,0.000010,0.000010;0.000010;0.000010
A,3,17,1787806112.763593,"(1, 1, 1)",80,0.033408,0,ok,0.000011,0.000011;0.000011;0.000011
A,3,18,1787806112.784442,"(1, 1, 1)",115,0.033408,0,ok,0.000011,0.000011;0.000011;0.000011
A,3,19,1787806112.797173,"(1, 1, 1)",87,0.033408,0,ok,0.000012,0.000012;0.000013;0.000012
A,3,20,1787806112.811261,"(1, 1, 1)",81,0.033408,0,ok,0.000010,0.000010;0.000011;0.000010
A,3,21,1787806112.824337,"(1, 1, 1)",81,0.033408,0,ok,0.000020,0.000021;0.000021;0.000020
A,3,22,1787806112.869785,"(1, 1, 1)",132,0.029567999999999997,0,ok,0.000015,0.000015;0.000015;0.000015
A,3,23,1787806112.887588,"(1, 1, 1)",96,0.029567999999999997,0,ok,0.000010,0.000011;0.000010;0.000011
A,3,24,1787806112.919982,"(1, 1, 1)",93,0.029567999999999997,0,ok,0.000084,0.000084
A,3,25,1787806112.935637,"(1, 1, 1)",92,0.029567999999999997,0,ok,0.000011,0.000011;0.000011;0.000011
A,3,26,1787806112.951775,"(1, 1, 1)",94,0.029567999999999997,0,ok,0.000013,0.000013;0.000013;0.000013
A,3,27,1787806112.959417,"(1, 1, 1)",92,0.029567999999999997,0,ok,0.000084,0.000084
A,3,28,1787806112.988429,"(1, 1, 1)",132,0.029567999999999997,0,ok,0.000012,0.000013;0.000013;0.000012
A,3,29,1787806113.002119,"(1, 1, 1)",113,0.029567999999999997,0,ok,0.000011,0.000011;0.000011;0.000012
A,3,30,1787806113.041319,"(1, 1, 1)",279,0.029567999999999997,0,ok,0.000010,0.000010;0.000010;0.000010
A,3,31,1787806113.058611,"(1, 1, 1)",96,0.029567999999999997,0,ok,0.000010,0.000011;0.000010;0.000010
A,3,32,1787806113.075113,"(1, 1, 1)",102,0.029567999999999997,0,ok,0.000010,0.000010;0.000010;0.000011
A,3,33,1787806113.090909,"(1, 1, 1)",94,0.029567999999999997,0,ok,0.000013,0.000013;0.000013;0.000013
A,3,34,1787806113.107010,"(1, 1, 1)",94,0.029567999999999997,0,ok,0.000087,0.000087
A,4,1,1787806113.315052,"(2048, 1, 1)",180,inf,0,ok,0.001041,0.001042;0.001041;0.001048
A,4,2,1787806113.390535,"(1024, 1, 1)",240,inf,0,ok,0.000750,0.000750;0.000750;0.000750
A,4,3,1787806113.469316,"(4096, 1, 1)",303,inf,0,ok,0.001567,0.001567;0.001570;0.001567
A,4,4,1787806113.513496,"(4096, 1, 1)",982,inf,0,ok,0.001513,0.001513;0.001513;0.001513
A,4,5,1787806113.529122,"(4096, 1, 1)",179,inf,0,ok,0.001429,0.001431;0.001429;0.001429
A,4,6,1787806113.609544,"(4096, 1, 1)",316,inf,0,ok,0.001565,0.001565;0.001567;0.001566
A,4,7,1787806113.689958,"(4096, 1, 1)",273,inf,0,ok,0.001393,0.001393;0.001394;0.001393
A,4,8,1787806113.752528,"(2048, 1, 1)",156,inf,0,ok,0.000868,0.000869;0.000872;0.000868
A,4,9,1787806113.815905,"(1024, 1, 1)",158,inf,0,ok,0.000484,0.000484;0.000486;0.000486
A,4,10,1787806113.869095,"(4096, 1, 1)",1538,inf,0,ok,0.001508,0.001508;0.001509;0.001508
A,4,11,1787806113.885193,"(512, 1, 1)",156,inf,0,ok,0.000317,0.000317;0.000330;0.000330
A,4,12,1787806113.930794,"(256, 1, 1)",158,inf,0,ok,0.000373,0.000374;0.000373;0.000373
A,4,13,1787806113.940989,"(4096, 1, 1)",167,inf,0,ok,0.000653,0.000653;0.000655;0.000655
A,4,14,1787806114.004830,"(4096, 1, 1)",167,inf,0,ok,0.000674,0.000674;0.000674;0.000676
A,4,15,1787806114.013568,"(4096, 1, 1)",167,inf,0,ok,0.000787,0.000788;0.000788;0.000787
A,4,16,1787806114.074408,"(4096, 1, 1)",181,inf,0,ok,0.000682,0.000682;0.000682;0.000682
A,4,17,1787806114.084202,"(4096, 1, 1)",183,inf,0,ok,0.000661,0.000661;0.000661;0.000661
A,4,18,1787806114.144371,"(128, 1, 1)",158,inf,0,ok,0.000338,0.000343;0.000339;0.000338
A,4,19,1787806114.293434,"(512, 1, 1)",356,0.9500160000000002,0,ok,0.000671,0.000671;0.000672;0.000672
A,4,20,1787806114.356426,"(512, 1, 1)",189,0.9500160000000002,0,ok,0.000371,0.000371;0.000372;0.000372
A,4,21,1787806114.433443,"(128, 1, 1)",257,0.9500160000000002,0,ok,0.000480,0.000480;0.000481;0.000480
A,4,22,1787806114.531622,"(256, 1, 1)",192,0.9500160000000002,0,ok,0.000438,0.000438;0.000438;0.000439
A,4,23,1787806114.612402,"(512, 1, 1)",249,0.9500160000000002,0,ok,0.000435,0.000435;0.000435;0.000435
A,4,24,1787806114.697858,"(512, 1, 1)",312,0.9500160000000002,0,ok,0.000323,0.000324;0.000324;0.000323
A,4,25,1787806114.759380,"(512, 1, 1)",190,0.9500160000000002,0,ok,0.000242,0.000243;0.000242;0.000243
A,4,26,1787806114.902263,"(512, 1, 1)",993,0.9500160000000002,0,ok,0.000341,0.000345;0.000341;0.000344
A,4,27,1787806114.988110,"(512, 1, 1)",325,0.9500160000000002,0,ok,0.000324,0.000324;0.000325;0.000324
A,4,28,1787806115.072416,"(512, 1, 1)",284,0.9500160000000002,0,ok,0.000327,0.000328;0.000327;0.000327
A,4,29,1787806115.123376,"(512, 1, 1)",1549,0.9500160000000002,0,ok,0.000290,0.000290;0.000291;0.000290
A,4,30,1787806115.138120,"(256, 1, 1)",167,0.9500160000000002,0,ok,0.000374,0.000374;0.000376;0.000377
A,4,31,1787806115.189165,"(128, 1, 1)",167,0.9500160000000002,0,ok,0.000340,0.000341;0.000340;0.000340
A,4,32,1787806115.203870,"(64, 1, 1)",167,0.9500160000000002,0,ok,0.000394,0.000395;0.000394;0.000396
A,4,33,1787806115.255557,"(32, 1, 1)",165,0.9500160000000002,0,ok,0.000533,0.000533;0.000534;0.000535
A,4,34,1787806115.277175,"(512, 1, 1)",183,0.9500160000000002,0,ok,0.000212,0.000212;0.000212;0.000214
A,4,35,1787806115.345193,"(512, 1, 1)",181,0.9500160000000002,0,ok,0.000183,0.000183;0.000184;0.000184
A,4,36,1787806115.352413,"(512, 1, 1)",181,0.9500160000000002,0,ok,0.000140,0.000140;0.000140;0.000141
A,4,37,1787806115.419928,"(512, 1, 1)",195,0.9500160000000002,0,ok,0.000157,0.000158;0.000157;0.000158
A,4,38,1787806115.427222,"(512, 1, 1)",199,0.9500160000000002,0,ok,0.000161,0.000163;0.000161;0.000162
A,4,39,1787806115.483626,"(64, 1, 1)",190,0.9500160000000002,0,ok,0.000552,0.000552;0.000568;0.000568
A,4,40,1787806115.492200,"(16, 1, 1)",164,0.9500160000000002,0,ok,0.000862,0.000862;0.000862;0.000863
A,4,41,1787806115.546926,"(128, 1, 1)",189,0.9500160000000002,0,ok,0.000426,0.000426;0.000426;0.000426
A,4,42,1787806115.562971,"(32, 1, 1)",256,0.9500160000000002,0,ok,0.000896,0.000896;0.000896;0.000896
A,4,43,1787806115.624064,"(128, 1, 1)",249,0.9500160000000002,0,ok,0.000482,0.000482;0.000483;0.000483
A,4,44,1787806115.705145,"(128, 1, 1)",314,0.9500160000000002,0,ok,0.000314,0.000314;0.000317;0.000318
A,4,45,1787806115.763507,"(128, 1, 1)",995,0.9500160000000002,0,ok,0.000385,0.000389;0.000385;0.000389
A,4,46,1787806115.775339,"(128, 1, 1)",190,0.9500160000000002,0,ok,0.000238,0.000238;0.000239;0.000239
A,4,47,1787806115.851220,"(128, 1, 1)",327,0.9500160000000002,0,ok,0.000354,0.000354;0.000355;0.000354
A,4,48,1787806115.932576,"(128, 1, 1)",286,0.9500160000000002,0,ok,0.000338,0.000338;0.000339;0.000338
A,4,49,1787806115.995780,"(64, 1, 1)",169,0.9500160000000002,0,ok,0.000395,0.000396;0.000395;0.000396
A,4,50,1787806116.122033,"(128, 1, 1)",1549,0.9500160000000002,0,ok,0.000264,0.000264;0.000264;0.000265
A,4,51,1787806116.189640,"(16, 1, 1)",166,0.9500160000000002,0,ok,0.000861,0.000861;0.000862;0.000863
A,4,52,1787806116.255688,"(8, 1, 1)",167,0.9500160000000002,0,ok,0.001614,0.001614
A,4,53,1787806116.465368,"(32, 1, 1)",167,0.9500160000000002,0,ok,0.000533,0.000534;0.000534;0.000533
A,4,54,1787806116.539059,"(128, 1, 1)",185,0.9500160000000002,0,ok,0.000223,0.000224;0.000224;0.000223
A,4,55,1787806116.608159,"(128, 1, 1)",183,0.9500160000000002,0,ok,0.000226,0.000226;0.000226;0.000226
A,4,56,1787806116.670690,"(128, 1, 1)",185,0.9500160000000002,0,ok,0.000256,0.000256;0.000256;0.000257
A,4,57,1787806116.743323,"(128, 1, 1)",195,0.9500160000000002,0,ok,0.000237,0.000237;0.000237;0.000237
A,4,58,1787806116.784840,"(128, 1, 1)",201,0.9500160000000002,0,ok,0.000222,0.000222;0.000222;0.000222
A,4,59,1787806116.808759,"(4, 1, 1)",167,0.9500160000000002,0,ok,0.003242,0.003242
A,4,60,1787806116.951049,"(256, 1, 1)",235,0.419712,0,ok,0.000129,0.000130;0.000129;0.000130
A,4,61,1787806116.997377,"(512, 1, 1)",456,0.419712,0,ok,0.000185,0.000185;0.000185;0.000185
A,4,62,1787806117.028022,"(512, 1, 1)",228,0.419712,0,ok,0.000137,0.000137;0.000137;0.000137
A,4,63,1787806117.095741,"(128, 1, 1)",321,0.419712,0,ok,0.000147,0.000148;0.000148;0.000147
A,4,64,1787806117.123332,"(512, 1, 1)",307,0.419712,0,ok,0.000142,0.000142;0.000142;0.000142
A,4,65,1787806117.210284,"(512, 1, 1)",215,0.419712,0,ok,0.000122,0.000122;0.000122;0.000122
A,4,66,1787806117.331420,"(512, 1, 1)",1018,0.419712,0,ok,0.000382,0.000382;0.000390;0.000402
A,4,67,1787806117.429576,"(512, 1, 1)",350,0.419712,0,ok,0.000141,0.000141;0.000142;0.000142
A,4,68,1787806117.516779,"(512, 1, 1)",311,0.419712,0,ok,0.000128,0.000129;0.000128;0.000128
A,4,69,1787806117.548242,"(512, 1, 1)",1574,0.419712,0,ok,0.000112,0.000113;0.000112;0.000112
A,4,70,1787806117.588498,"(256, 1, 1)",197,0.419712,0,ok,0.000157,0.000157;0.000158;0.000157
A,4,71,1787806117.618918,"(128, 1, 1)",195,0.419712,0,ok,0.000150,0.000151;0.000150;0.000151
A,4,72,1787806117.659291,"(64, 1, 1)",197,0.419712,0,ok,0.000156,0.000156;0.000156;0.000157
A,4,73,1787806117.690491,"(32, 1, 1)",195,0.419712,0,ok,0.000290,0.000290;0.000290;0.000290
A,4,74,1787806117.734228,"(512, 1, 1)",188,0.419712,0,ok,0.000138,0.000138;0.000138;0.000138
A,4,75,1787806117.756934,"(512, 1, 1)",192,0.419712,0,ok,0.000155,0.000155;0.000155;0.000155
A,4,76,1787806117.799276,"(512, 1, 1)",187,0.419712,0,ok,0.000250,0.000251;0.000250;0.000251
A,4,77,1787806117.851390,"(512, 1, 1)",188,0.419712,0,ok,0.000143,0.000143;0.000144;0.000144
A,4,78,1787806117.958997,"(512, 1, 1)",204,0.419712,0,ok,0.000132,0.000133;0.000133;0.000132
A,4,79,1787806118.040231,"(512, 1, 1)",206,0.419712,0,ok,0.000133,0.000133;0.000133;0.000133
A,4,80,1787806118.109666,"(512, 1, 1)",194,0.419712,0,ok,0.000135,0.000135;0.000136;0.000137
A,4,81,1787806118.275819,"(512, 1, 1)",194,0.419712,0,ok,0.000144,0.000144;0.000145;0.000144
A,4,82,1787806118.350531,"(16, 1, 1)",194,0.419712,0,ok,0.000583,0.000583
A,4,83,1787806118.483435,"(512, 1, 1)",469,0.419712,0,ok,0.000207,0.000207;0.000210;0.000207
A,4,84,1787806118.568187,"(256, 1, 1)",250,0.419712,0,ok,0.000148,0.000150;0.000148;0.000151
A,4,85,1787806118.575911,"(512, 1, 1)",192,0.419712,0,ok,0.000154,0.000154;0.000154;0.000154
A,4,86,1787806118.649633,"(512, 1, 1)",243,0.419712,0,ok,0.000148,0.000149;0.000148;0.000150
A,4,87,1787806118.679195,"(128, 1, 1)",333,0.419712,0,ok,0.000158,0.000159;0.000159;0.000158
A,4,88,1787806118.750082,"(512, 1, 1)",321,0.419712,0,ok,0.000149,0.000152;0.000149;0.000151
A,4,89,1787806118.824081,"(512, 1, 1)",351,0.419712,0,ok,0.000253,0.000253;0.000254;0.000254
A,4,90,1787806118.843793,"(512, 1, 1)",351,0.419712,0,ok,0.000151,0.000151;0.000153;0.000152
A,4,91,1787806118.894678,"(512, 1, 1)",229,0.419712,0,ok,0.000130,0.000130;0.000130;0.000130
A,4,92,1787806118.988599,"(512, 1, 1)",323,0.419712,0,ok,0.000146,0.000146;0.000147;0.000146
A,4,93,1787806119.067062,"(256, 1, 1)",211,0.419712,0,ok,0.000173,0.000173;0.000173;0.000175
A,4,94,1787806119.143899,"(128, 1, 1)",207,0.419712,0,ok,0.000163,0.000164;0.000163;0.000165
A,4,95,1787806119.190506,"(512, 1, 1)",1586,0.419712,0,ok,0.000126,0.000127;0.000128;0.000126
A,4,96,1787806119.223718,"(64, 1, 1)",211,0.419712,0,ok,0.000165,0.000166;0.000166;0.000165
A,4,97,1787806119.267492,"(32, 1, 1)",209,0.419712,0,ok,0.000345,0.000346;0.000345;0.000345
A,4,98,1787806119.296421,"(512, 1, 1)",204,0.419712,0,ok,0.000210,0.000210;0.000215;0.000211
A,4,99,1787806119.340564,"(512, 1, 1)",204,0.419712,0,ok,0.000136,0.000137;0.000137;0.000136
A,4,100,1787806119.360561,"(512, 1, 1)",204,0.419712,0,ok,0.000157,0.000157;0.000157;0.000158
A,4,101,1787806119.414935,"(16, 1, 1)",208,0.419712,0,ok,0.000738,0.000738
A,4,102,1787806120.004231,"(256, 1, 1)",2058,0.33523200000000003,0,ok,0.000111,0.000111;0.000111;0.000111
A,4,103,1787806120.498291,"(512, 1, 1)",2055,0.33523200000000003,0,ok,0.000118,0.000119;0.000119;0.000118
A,4,104,1787806122.326662,"(512, 1, 1)",2744,0.33523200000000003,0,ok,0.000108,0.000108;0.000109;0.000109
A,4,105,1787806123.536403,"(256, 1, 1)",1586,0.33523200000000003,0,ok,0.000125,0.000126;0.000126;0.000125
A,4,106,1787806124.161423,"(128, 1, 1)",1586,0.33523200000000003,0,ok,0.000126,0.000126;0.000126;0.000126
A,4,107,1787806124.322035,"(64, 1, 1)",1586,0.33523200000000003,0,ok,0.000142,0.000142;0.000142;0.000142
A,4,108,1787806124.499067,"(32, 1, 1)",1586,0.33523200000000003,0,ok,0.000225,0.000226;0.000226;0.000225
A,4,109,1787806124.838301,"(512, 1, 1)",1581,0.33523200000000003,0,ok,0.000109,0.000109;0.000110;0.000110
A,4,110,1787806125.176561,"(512, 1, 1)",1579,0.33523200000000003,0,ok,0.000126,0.000126;0.000126;0.000127
A,4,111,1787806125.216985,"(512, 1, 1)",1595,0.33523200000000003,0,ok,0.000119,0.000120;0.000121;0.000119
A,4,112,1787806125.523475,"(512, 1, 1)",1595,0.33523200000000003,0,ok,0.000106,0.000106;0.000106;0.000106
A,4,113,1787806125.548761,"(16, 1, 1)",1586,0.33523200000000003,0,ok,0.000437,0.000437
A,4,114,1787806125.648998,"(256, 1, 1)",276,0.33523200000000003,0,ok,0.000098,0.000098;0.000099;0.000098
A,4,115,1787806125.705583,"(512, 1, 1)",537,0.33523200000000003,0,ok,0.000146,0.000147;0.000146;0.000146
A,4,116,1787806125.744522,"(512, 1, 1)",265,0.33523200000000003,0,ok,0.000120,0.000120;0.000121;0.000121
A,4,117,1787806125.833427,"(128, 1, 1)",374,0.33523200000000003,0,ok,0.000114,0.000117;0.000116;0.000114
A,4,118,1787806125.877523,"(512, 1, 1)",358,0.33523200000000003,0,ok,0.000119,0.000119;0.000120;0.000120
A,4,119,1787806125.950650,"(512, 1, 1)",462,0.33523200000000003,0,ok,0.000242,0.000242;0.000242;0.000242
A,4,120,1787806126.292257,"(512, 1, 1)",1708,0.33523200000000003,0,ok,0.000295,0.000295;0.000295;0.000295
A,4,121,1787806126.428811,"(512, 1, 1)",516,0.33523200000000003,0,ok,0.000123,0.000123;0.000124;0.000123
A,4,122,1787806126.497297,"(256, 1, 1)",231,0.33523200000000003,0,ok,0.000134,0.000134;0.000134;0.000135
A,4,123,1787806126.541099,"(512, 1, 1)",454,0.33523200000000003,0,ok,0.000109,0.000110;0.000110;0.000109
A,4,124,1787806126.565452,"(128, 1, 1)",227,0.33523200000000003,0,ok,0.000132,0.000132;0.000132;0.000132
A,4,125,1787806126.610224,"(64, 1, 1)",231,0.33523200000000003,0,ok,0.000150,0.000150;0.000150;0.000150
A,4,126,1787806126.634214,"(32, 1, 1)",229,0.33523200000000003,0,ok,0.000248,0.000249;0.000248;0.000248
A,4,127,1787806126.683757,"(512, 1, 1)",222,0.33523200000000003,0,ok,0.000119,0.000119;0.000120;0.000119
A,4,128,1787806126.710495,"(512, 1, 1)",228,0.33523200000000003,0,ok,0.000154,0.000154;0.000154;0.000154
A,4,129,1787806126.757387,"(512, 1, 1)",221,0.33523200000000003,0,ok,0.000250,0.000251;0.000250;0.000250
A,4,130,1787806126.830614,"(512, 1, 1)",236,0.33523200000000003,0,ok,0.000116,0.000116;0.000116;0.000116
A,4,131,1787806126.857500,"(512, 1, 1)",228,0.33523200000000003,0,ok,0.000127,0.000128;0.000128;0.000127
A,4,132,1787806126.910235,"(512, 1, 1)",240,0.33523200000000003,0,ok,0.000115,0.000116;0.000116;0.000115
A,4,133,1787806126.935117,"(512, 1, 1)",230,0.33523200000000003,0,ok,0.000133,0.000134;0.000133;0.000134
A,4,134,1787806126.990698,"(512, 1, 1)",228,0.33523200000000003,0,ok,0.000153,0.000155;0.000154;0.000153
A,4,135,1787806127.410715,"(16, 1, 1)",228,0.33523200000000003,0,ok,0.000494,0.000494
A,4,136,1787806127.713488,"(256, 1, 1)",366,0.294144,0,ok,0.000111,0.000111;0.000111;0.000112
A,4,137,1787806127.909587,"(256, 1, 1)",936,0.294144,0,ok,0.000188,0.000188;0.000188;0.000189
A,4,138,1787806127.925881,"(64, 1, 1)",589,0.294144,0,ok,0.000166,0.000167;0.000166;0.000168
A,4,139,1787806128.084993,"(256, 1, 1)",575,0.294144,0,ok,0.000221,0.000221;0.000223;0.000227
A,4,140,1787806128.123799,"(256, 1, 1)",555,0.294144,0,ok,0.000137,0.000138;0.000138;0.000137
A,4,141,1787806128.769405,"(256, 1, 1)",2181,0.294144,0,ok,0.000279,0.000281;0.000281;0.000279
A,4,142,1787806128.981411,"(256, 1, 1)",659,0.294144,0,ok,0.000102,0.000105;0.000102;0.000102
A,4,143,1787806129.146730,"(256, 1, 1)",564,0.294144,0,ok,0.000088,0.000089;0.000088;0.000090
A,4,144,1787806129.209579,"(128, 1, 1)",286,0.294144,0,ok,0.000098,0.000098;0.000098;0.000098
A,4,145,1787806129.251360,"(64, 1, 1)",290,0.294144,0,ok,0.000124,0.000125;0.000124;0.000125
A,4,146,1787806129.315029,"(32, 1, 1)",288,0.294144,0,ok,0.000162,0.000163;0.000162;0.000162
A,4,147,1787806129.354880,"(16, 1, 1)",285,0.294144,0,ok,0.000309,0.000309
A,4,148,1787806129.430774,"(256, 1, 1)",279,0.294144,0,ok,0.000087,0.000087;0.000089;0.000089
A,4,149,1787806129.467877,"(256, 1, 1)",285,0.294144,0,ok,0.000123,0.000123;0.000124;0.000124
A,4,150,1787806129.534453,"(256, 1, 1)",283,0.294144,0,ok,0.000312,0.000312
A,4,151,1787806129.645342,"(256, 1, 1)",294,0.294144,0,ok,0.000085,0.000085;0.000086;0.000086
A,4,152,1787806129.696601,"(256, 1, 1)",288,0.294144,0,ok,0.000094,0.000095;0.000096;0.000094
A,4,153,1787806129.759304,"(256, 1, 1)",296,0.294144,0,ok,0.000084,0.000084;0.000084;0.000084
A,4,154,1787806129.810436,"(256, 1, 1)",290,0.294144,0,ok,0.000101,0.000102;0.000101;0.000102
A,4,155,1787806129.870208,"(256, 1, 1)",286,0.294144,0,ok,0.000123,0.000124;0.000125;0.000123
A,4,156,1787806129.915282,"(8, 1, 1)",288,0.294144,0,ok,0.000627,0.000627
A,4,157,1787806130.473450,"(256, 1, 1)",2078,0.294144,0,ok,0.000084,0.000084;0.000085;0.000084
A,4,158,1787806131.000515,"(512, 1, 1)",2075,0.294144,0,ok,0.000100,0.000101;0.000100;0.000100
A,4,159,1787806135.230424,"(512, 1, 1)",2765,0.294144,0,ok,0.000103,0.000103;0.000103;0.000103
A,4,160,1787806137.037109,"(256, 1, 1)",1608,0.294144,0,ok,0.000133,0.000134;0.000133;0.000133
A,4,161,1787806137.249941,"(128, 1, 1)",1608,0.294144,0,ok,0.000132,0.000132;0.000133;0.000132
A,4,162,1787806137.385010,"(512, 1, 1)",1601,0.294144,0,ok,0.000121,0.000121;0.000121;0.000122
A,4,163,1787806137.596628,"(512, 1, 1)",1598,0.294144,0,ok,0.000135,0.000135;0.000136;0.000135
A,4,164,1787806142.993653,"(128, 1, 1)",2089,0.25151999999999997,0,ok,0.000086,0.000086;0.000087;0.000087
A,4,165,1787806143.604060,"(64, 1, 1)",2089,0.25151999999999997,0,ok,0.000162,0.000163;0.000162;0.000164
A,4,166,1787806144.142622,"(256, 1, 1)",2082,0.25151999999999997,0,ok,0.000091,0.000091;0.000091;0.000091
A,4,167,1787806144.702791,"(256, 1, 1)",2085,0.25151999999999997,0,ok,0.000103,0.000103;0.000103;0.000104
A,4,168,1787806144.859720,"(128, 1, 1)",396,0.25151999999999997,0,ok,0.000065,0.000065;0.000065;0.000065
A,4,169,1787806144.988837,"(256, 1, 1)",951,0.25151999999999997,0,ok,0.000094,0.000094;0.000096;0.000096
A,4,170,1787806145.016239,"(256, 1, 1)",387,0.25151999999999997,0,ok,0.000078,0.000079;0.000078;0.000079
A,4,171,1787806145.222343,"(64, 1, 1)",608,0.25151999999999997,0,ok,0.000078,0.000078;0.000079;0.000078
A,4,172,1787806145.311085,"(256, 1, 1)",574,0.25151999999999997,0,ok,0.000096,0.000097;0.000096;0.000096
A,4,173,1787806145.414491,"(256, 1, 1)",633,0.25151999999999997,0,ok,0.000114,0.000116;0.000115;0.000114
A,4,174,1787806145.555063,"(256, 1, 1)",412,0.25151999999999997,0,ok,0.000149,0.000149;0.000152;0.000151
A,4,175,1787806145.695254,"(256, 1, 1)",1165,0.25151999999999997,0,ok,0.000099,0.000100;0.000099;0.000099
A,4,176,1787806145.780371,"(256, 1, 1)",676,0.25151999999999997,0,ok,0.000102,0.000103;0.000102;0.000102
A,4,177,1787806145.887502,"(256, 1, 1)",582,0.25151999999999997,0,ok,0.000076,0.000077;0.000077;0.000076
A,4,178,1787806145.900539,"(128, 1, 1)",309,0.25151999999999997,0,ok,0.000085,0.000085;0.000085;0.000085
A,4,179,1787806146.026636,"(64, 1, 1)",311,0.25151999999999997,0,ok,0.000085,0.000085;0.000086;0.000087
A,4,180,1787806146.794685,"(256, 1, 1)",300,0.25151999999999997,0,ok,0.000085,0.000085;0.000087;0.000087
A,4,181,1787806146.858627,"(256, 1, 1)",312,0.25151999999999997,0,ok,0.000105,0.000106;0.000105;0.000105
A,4,182,1787806147.345935,"(128, 1, 1)",584,0.19392,0,ok,0.000078,0.000078;0.000078;0.000078
A,4,183,1787806147.703575,"(128, 1, 1)",1751,0.19392,0,ok,0.000090,0.000092;0.000090;0.000090
A,4,184,1787806147.760922,"(32, 1, 1)",1043,0.19392,0,ok,0.000185,0.000188;0.000187;0.000185
A,4,185,1787806148.047837,"(128, 1, 1)",878,0.19392,0,ok,0.000141,0.000141;0.000141;0.000141
A,4,186,1787806148.108782,"(128, 1, 1)",963,0.19392,0,ok,0.000070,0.000070;0.000071;0.000070
A,4,187,1787806148.331082,"(128, 1, 1)",564,0.19392,0,ok,0.000108,0.000114;0.000108;0.000109
A,4,188,1787806148.664842,"(128, 1, 1)",1654,0.19392,0,ok,0.000187,0.000187;0.000189;0.000189
A,4,189,1787806148.680208,"(128, 1, 1)",941,0.19392,0,ok,0.000133,0.000133;0.000133;0.000135
A,4,190,1787806148.837667,"(64, 1, 1)",411,0.19392,0,ok,0.000068,0.000068;0.000069;0.000069
A,4,191,1787806148.923934,"(128, 1, 1)",782,0.19392,0,ok,0.000061,0.000062;0.000061;0.000063
A,4,192,1787806149.007358,"(32, 1, 1)",411,0.19392,0,ok,0.000164,0.000164;0.000168;0.000167
A,4,193,1787806149.082666,"(128, 1, 1)",405,0.19392,0,ok,0.000147,0.000153;0.000147;0.000154
A,4,194,1787806149.181683,"(128, 1, 1)",412,0.19392,0,ok,0.000102,0.000102;0.000102;0.000103
A,4,195,1787806149.634638,"(256, 1, 1)",775,0.19392,0,ok,0.000070,0.000070;0.000070;0.000071
A,4,196,1787806149.865340,"(256, 1, 1)",1944,0.19392,0,ok,0.000093,0.000093;0.000093;0.000094
A,4,197,1787806150.064731,"(64, 1, 1)",1200,0.19392,0,ok,0.000058,0.000059;0.000058;0.000058
A,4,198,1787806150.308804,"(256, 1, 1)",1164,0.19392,0,ok,0.000077,0.000077;0.000077;0.000077
A,4,199,1787806150.625846,"(256, 1, 1)",1827,0.19392,0,ok,0.000092,0.000093;0.000092;0.000092
A,4,200,1787806150.924697,"(256, 1, 1)",1002,0.19392,0,ok,0.000108,0.000109;0.000108;0.000108
A,4,201,1787806152.015379,"(256, 1, 1)",1864,0.19392,0,ok,0.000081,0.000081;0.000082;0.000082
A,4,202,1787806152.211553,"(128, 1, 1)",591,0.19392,0,ok,0.000082,0.000083;0.000082;0.000083
A,4,203,1787806152.400402,"(64, 1, 1)",595,0.19392,0,ok,0.000085,0.000085;0.000085;0.000086
A,4,204,1787806152.432532,"(256, 1, 1)",1763,0.19392,0,ok,0.000077,0.000077;0.000077;0.000077
A,4,205,1787806152.598024,"(256, 1, 1)",586,0.19392,0,ok,0.000086,0.000087;0.000086;0.000087
A,4,206,1787806152.630405,"(256, 1, 1)",598,0.19392,0,ok,0.000105,0.000105;0.000105;0.000105
A,4,207,1787806153.513007,"(32, 1, 1)",2036,0.17433600000000002,0,ok,0.000111,0.000111;0.000111;0.000111
A,4,208,1787806153.811743,"(64, 1, 1)",1987,0.17433600000000002,0,ok,0.000067,0.000067;0.000067;0.000067
A,4,209,1787806156.402152,"(64, 1, 1)",2090,0.17433600000000002,0,ok,0.000088,0.000089;0.000088;0.000089
A,4,210,1787806158.403054,"(32, 1, 1)",1211,0.17433600000000002,0,ok,0.000091,0.000092;0.000092;0.000091
A,4,211,1787806158.560303,"(16, 1, 1)",1213,0.17433600000000002,0,ok,0.000165,0.000165;0.000166;0.000165
A,4,212,1787806158.820584,"(64, 1, 1)",1208,0.17433600000000002,0,ok,0.000098,0.000098;0.000098;0.000098
A,4,213,1787806158.979543,"(64, 1, 1)",1215,0.17433600000000002,0,ok,0.000091,0.000091;0.000091;0.000091
A,4,214,1787806159.751964,"(128, 1, 1)",1174,0.17433600000000002,0,ok,0.000060,0.000061;0.000060;0.000061
A,4,215,1787806161.220651,"(128, 1, 1)",1956,0.17433600000000002,0,ok,0.000070,0.000070;0.000071;0.000070
A,4,216,1787806161.420870,"(128, 1, 1)",2476,0.17433600000000002,0,ok,0.000084,0.000084;0.000084;0.000085
A,4,217,1787806161.905463,"(128, 1, 1)",1358,0.17433600000000002,0,ok,0.000065,0.000065;0.000065;0.000065
A,4,218,1787806163.963217,"(128, 1, 1)",2533,0.17433600000000002,0,ok,0.000075,0.000075;0.000076;0.000076
A,4,219,1787806164.131670,"(128, 1, 1)",2370,0.17433600000000002,0,ok,0.000061,0.000062;0.000061;0.000062
A,4,220,1787806164.240362,"(64, 1, 1)",797,0.17433600000000002,0,ok,0.000061,0.000061;0.000063;0.000062
A,4,221,1787806164.460451,"(32, 1, 1)",795,0.17433600000000002,0,ok,0.000139,0.000139;0.000141;0.000141
A,4,222,1787806164.505262,"(128, 1, 1)",791,0.17433600000000002,0,ok,0.000072,0.000074;0.000072;0.000072
A,4,223,1787806164.731872,"(128, 1, 1)",796,0.17433600000000002,0,ok,0.000099,0.000099;0.000100;0.000100
A,5,1,1787806165.286576,"(512, 1, 1)",182,inf,0,ok,0.000310,0.000319;0.000310;0.000310
A,5,2,1787806165.297788,"(256, 1, 1)",240,inf,0,ok,0.000410,0.000410;0.000410;0.000410
A,5,3,1787806165.376473,"(1024, 1, 1)",305,inf,0,ok,0.000446,0.000446;0.000446;0.000447
A,5,4,1787806165.433876,"(1024, 1, 1)",181,inf,0,ok,0.000410,0.000410;0.000412;0.000411
A,5,5,1787806165.484578,"(1024, 1, 1)",982,inf,0,ok,0.000435,0.000435;0.000435;0.000436
A,5,6,1787806165.811874,"(1024, 1, 1)",1540,inf,0,ok,0.000484,0.000484;0.000484;0.000484
A,5,7,1787806166.258575,"(1024, 1, 1)",316,inf,0,ok,0.000446,0.000448;0.000446;0.000447
A,5,8,1787806166.344003,"(1024, 1, 1)",275,inf,0,ok,0.000401,0.000402;0.000402;0.000401
A,5,9,1787806166.408091,"(256, 1, 1)",160,inf,0,ok,0.000242,0.000243;0.000244;0.000242
A,5,10,1787806166.471229,"(128, 1, 1)",158,inf,0,ok,0.000210,0.000210;0.000210;0.000210
A,5,11,1787806166.536142,"(64, 1, 1)",160,inf,0,ok,0.000219,0.000219;0.000219;0.000219
A,5,12,1787806166.599655,"(512, 1, 1)",158,inf,0,ok,0.000257,0.000259;0.000257;0.000257
A,5,13,1787806166.606743,"(1024, 1, 1)",169,inf,0,ok,0.000182,0.000184;0.000182;0.000184
A,5,14,1787806166.669454,"(1024, 1, 1)",169,inf,0,ok,0.000198,0.000199;0.000199;0.000198
A,5,15,1787806166.685173,"(1024, 1, 1)",169,inf,0,ok,0.000244,0.000244;0.000244;0.000245
A,5,16,1787806166.739092,"(1024, 1, 1)",183,inf,0,ok,0.000200,0.000201;0.000200;0.000200
A,5,17,1787806166.755480,"(1024, 1, 1)",185,inf,0,ok,0.000190,0.000190;0.000190;0.000190
A,5,18,1787806166.801360,"(32, 1, 1)",158,inf,0,ok,0.000271,0.000271;0.000271;0.000271
A,5,19,1787806166.931930,"(512, 1, 1)",219,0.547008,0,ok,0.000108,0.000109;0.000108;0.000109
A,5,20,1787806166.949573,"(256, 1, 1)",297,0.547008,0,ok,0.000075,0.000075;0.000075;0.000075
A,5,21,1787806167.033440,"(1024, 1, 1)",327,0.547008,0,ok,0.000181,0.000181;0.000182;0.000182
A,5,22,1787806167.095802,"(1024, 1, 1)",203,0.547008,0,ok,0.000179,0.000179;0.000180;0.000179
A,5,23,1787806167.183054,"(1024, 1, 1)",338,0.547008,0,ok,0.000201,0.000201;0.000201;0.000202
A,5,24,1787806167.266707,"(1024, 1, 1)",297,0.547008,0,ok,0.000158,0.000158;0.000158;0.000158
A,5,25,1787806167.334918,"(512, 1, 1)",183,0.547008,0,ok,0.000103,0.000104;0.000103;0.000104
A,5,26,1787806167.394536,"(1024, 1, 1)",1562,0.547008,0,ok,0.000157,0.000157;0.000157;0.000158
A,5,27,1787806167.409726,"(256, 1, 1)",187,0.547008,0,ok,0.000115,0.000115;0.000116;0.000115
A,5,28,1787806167.468566,"(128, 1, 1)",183,0.547008,0,ok,0.000113,0.000114;0.000114;0.000113
A,5,29,1787806167.536808,"(64, 1, 1)",187,0.547008,0,ok,0.000112,0.000112;0.000112;0.000112
A,5,30,1787806167.609858,"(1024, 1, 1)",178,0.547008,0,ok,0.000127,0.000127;0.000128;0.000128
A,5,31,1787806167.678174,"(1024, 1, 1)",178,0.547008,0,ok,0.000188,0.000189;0.000188;0.000189
A,5,32,1787806167.737067,"(1024, 1, 1)",176,0.547008,0,ok,0.000180,0.000180;0.000180;0.000180
A,5,33,1787806167.840344,"(1024, 1, 1)",182,0.547008,0,ok,0.000100,0.000100;0.000101;0.000102
A,5,34,1787806167.847196,"(1024, 1, 1)",182,0.547008,0,ok,0.000101,0.000101;0.000101;0.000101
A,5,35,1787806167.905884,"(1024, 1, 1)",182,0.547008,0,ok,0.000100,0.000100;0.000100;0.000100
A,5,36,1787806167.917613,"(1024, 1, 1)",181,0.547008,0,ok,0.000093,0.000093;0.000093;0.000093
A,5,37,1787806167.973393,"(32, 1, 1)",185,0.547008,0,ok,0.000214,0.000214;0.000215;0.000214
A,5,38,1787806167.994582,"(512, 1, 1)",235,0.547008,0,ok,0.000106,0.000106;0.000106;0.000107
A,5,39,1787806168.079120,"(256, 1, 1)",311,0.547008,0,ok,0.000082,0.000082;0.000083;0.000083
A,5,40,1787806168.201351,"(1024, 1, 1)",540,0.547008,0,ok,0.000442,0.000443;0.000444;0.000442
A,5,41,1787806168.291276,"(1024, 1, 1)",343,0.547008,0,ok,0.000184,0.000184;0.000185;0.000185
A,5,42,1787806168.366014,"(1024, 1, 1)",219,0.547008,0,ok,0.000182,0.000182;0.000182;0.000183
A,5,43,1787806168.433238,"(1024, 1, 1)",227,0.547008,0,ok,0.000186,0.000186;0.000187;0.000188
A,5,44,1787806168.527478,"(1024, 1, 1)",354,0.547008,0,ok,0.000234,0.000234;0.000235;0.000234
A,5,45,1787806168.620210,"(1024, 1, 1)",309,0.547008,0,ok,0.000165,0.000166;0.000165;0.000167
A,5,46,1787806168.694858,"(512, 1, 1)",199,0.547008,0,ok,0.000105,0.000106;0.000105;0.000105
A,5,47,1787806168.707987,"(1024, 1, 1)",1574,0.547008,0,ok,0.000160,0.000160;0.000161;0.000161
A,5,48,1787806168.770543,"(256, 1, 1)",201,0.547008,0,ok,0.000071,0.000072;0.000071;0.000071
A,5,49,1787806168.780723,"(128, 1, 1)",201,0.547008,0,ok,0.000071,0.000071;0.000071;0.000072
A,5,50,1787806168.844377,"(64, 1, 1)",201,0.547008,0,ok,0.000073,0.000073;0.000073;0.000073
A,5,51,1787806168.851291,"(1024, 1, 1)",192,0.547008,0,ok,0.000183,0.000184;0.000183;0.000183
A,5,52,1787806168.914695,"(1024, 1, 1)",192,0.547008,0,ok,0.000179,0.000180;0.000180;0.000179
A,5,53,1787806168.922035,"(1024, 1, 1)",192,0.547008,0,ok,0.000182,0.000182;0.000182;0.000182
A,5,54,1787806168.989267,"(32, 1, 1)",201,0.547008,0,ok,0.000119,0.000119;0.000119;0.000119
A,5,55,1787806169.134108,"(128, 1, 1)",252,0.21312000000000003,0,ok,0.000066,0.000066;0.000066;0.000066
A,5,56,1787806169.189560,"(256, 1, 1)",249,0.21312000000000003,0,ok,0.000077,0.000077;0.000077;0.000077
A,5,57,1787806169.238938,"(64, 1, 1)",338,0.21312000000000003,0,ok,0.000074,0.000074;0.000074;0.000074
A,5,58,1787806169.311205,"(256, 1, 1)",551,0.21312000000000003,0,ok,0.000181,0.000182;0.000182;0.000181
A,5,59,1787806169.320163,"(256, 1, 1)",243,0.21312000000000003,0,ok,0.000070,0.000071;0.000070;0.000071
A,5,60,1787806169.394481,"(256, 1, 1)",235,0.21312000000000003,0,ok,0.000066,0.000066;0.000067;0.000066
A,5,61,1787806169.403251,"(256, 1, 1)",357,0.21312000000000003,0,ok,0.000071,0.000071;0.000071;0.000071
A,5,62,1787806169.762286,"(256, 1, 1)",1588,0.21312000000000003,0,ok,0.000064,0.000065;0.000065;0.000064
A,5,63,1787806169.842533,"(256, 1, 1)",368,0.21312000000000003,0,ok,0.000105,0.000106;0.000107;0.000105
A,5,64,1787806169.855280,"(256, 1, 1)",325,0.21312000000000003,0,ok,0.000070,0.000071;0.000071;0.000070
A,5,65,1787806169.921511,"(128, 1, 1)",215,0.21312000000000003,0,ok,0.000070,0.000071;0.000070;0.000071
A,5,66,1787806169.933735,"(64, 1, 1)",215,0.21312000000000003,0,ok,0.000074,0.000074;0.000074;0.000074
A,5,67,1787806170.000047,"(32, 1, 1)",215,0.21312000000000003,0,ok,0.000118,0.000119;0.000120;0.000118
A,5,68,1787806170.011746,"(16, 1, 1)",213,0.21312000000000003,0,ok,0.000233,0.000233
A,5,69,1787806170.072512,"(256, 1, 1)",210,0.21312000000000003,0,ok,0.000068,0.000068;0.000068;0.000069
A,5,70,1787806170.087220,"(256, 1, 1)",210,0.21312000000000003,0,ok,0.000065,0.000065;0.000065;0.000065
A,5,71,1787806170.150275,"(256, 1, 1)",210,0.21312000000000003,0,ok,0.000066,0.000066;0.000067;0.000068
A,5,72,1787806170.229719,"(8, 1, 1)",213,0.21312000000000003,0,ok,0.000491,0.000491
A,5,73,1787806170.318817,"(64, 1, 1)",250,0.21312000000000003,0,ok,0.000065,0.000065;0.000065;0.000065
A,5,74,1787806170.403355,"(128, 1, 1)",247,0.21312000000000003,0,ok,0.000066,0.000066;0.000066;0.000066
A,5,75,1787806170.510151,"(32, 1, 1)",337,0.21312000000000003,0,ok,0.000078,0.000078;0.000078;0.000078
A,5,76,1787806170.536150,"(128, 1, 1)",475,0.21312000000000003,0,ok,0.000098,0.000098;0.000098;0.000098
A,5,77,1787806170.614033,"(128, 1, 1)",325,0.21312000000000003,0,ok,0.000072,0.000072;0.000073;0.000073
A,5,78,1787806170.660788,"(128, 1, 1)",553,0.21312000000000003,0,ok,0.000140,0.000140;0.000141;0.000141
A,5,79,1787806170.693789,"(128, 1, 1)",241,0.21312000000000003,0,ok,0.000071,0.000072;0.000071;0.000072
A,5,80,1787806170.755746,"(128, 1, 1)",355,0.21312000000000003,0,ok,0.000071,0.000071;0.000071;0.000071
A,5,81,1787806170.770009,"(128, 1, 1)",233,0.21312000000000003,0,ok,0.000067,0.000068;0.000067;0.000067
A,5,82,1787806170.867795,"(128, 1, 1)",368,0.21312000000000003,0,ok,0.000100,0.000100;0.000101;0.000100
A,5,83,1787806170.962197,"(128, 1, 1)",325,0.21312000000000003,0,ok,0.000071,0.000071;0.000071;0.000071
A,5,84,1787806171.040022,"(64, 1, 1)",213,0.21312000000000003,0,ok,0.000073,0.000074;0.000073;0.000073
A,5,85,1787806171.112971,"(128, 1, 1)",1588,0.21312000000000003,0,ok,0.000068,0.000068;0.000068;0.000068
A,5,86,1787806171.127756,"(32, 1, 1)",213,0.21312000000000003,0,ok,0.000119,0.000119;0.000119;0.000119
A,5,87,1787806171.195980,"(16, 1, 1)",211,0.21312000000000003,0,ok,0.000234,0.000234
A,5,88,1787806171.276767,"(8, 1, 1)",211,0.21312000000000003,0,ok,0.000491,0.000491
A,5,89,1787806171.357641,"(128, 1, 1)",208,0.21312000000000003,0,ok,0.000065,0.000065;0.000065;0.000065
A,5,90,1787806171.431233,"(128, 1, 1)",206,0.21312000000000003,0,ok,0.000065,0.000065;0.000066;0.000067
A,5,91,1787806171.561797,"(128, 1, 1)",206,0.21312000000000003,0,ok,0.000065,0.000065;0.000065;0.000066
A,5,92,1787806172.181296,"(128, 1, 1)",2073,0.19344000000000003,0,ok,0.000054,0.000054;0.000054;0.000054
A,5,93,1787806172.708133,"(256, 1, 1)",2070,0.19344000000000003,0,ok,0.000068,0.000068;0.000068;0.000068
A,5,94,1787806176.333583,"(256, 1, 1)",2758,0.19344000000000003,0,ok,0.000061,0.000061;0.000062;0.000062
A,5,95,1787806178.450391,"(128, 1, 1)",1600,0.19344000000000003,0,ok,0.000068,0.000068;0.000068;0.000068
A,5,96,1787806178.796218,"(64, 1, 1)",1600,0.19344000000000003,0,ok,0.000068,0.000068;0.000068;0.000068
A,5,97,1787806179.512722,"(32, 1, 1)",1600,0.19344000000000003,0,ok,0.000118,0.000118;0.000118;0.000118
A,5,98,1787806179.806578,"(16, 1, 1)",1600,0.19344000000000003,0,ok,0.000225,0.000225
A,5,99,1787806179.855153,"(256, 1, 1)",1595,0.19344000000000003,0,ok,0.000063,0.000064;0.000064;0.000063
A,5,100,1787806180.153584,"(256, 1, 1)",1597,0.19344000000000003,0,ok,0.000064,0.000064;0.000064;0.000064
A,5,101,1787806180.214971,"(256, 1, 1)",1595,0.19344000000000003,0,ok,0.000065,0.000065;0.000065;0.000065
A,5,102,1787806180.373039,"(128, 1, 1)",481,0.19344000000000003,0,ok,0.000053,0.000053;0.000053;0.000053
A,5,103,1787806180.471221,"(64, 1, 1)",255,0.19344000000000003,0,ok,0.000042,0.000043;0.000043;0.000042
A,5,104,1787806180.521283,"(8, 1, 1)",1598,0.19344000000000003,0,ok,0.000436,0.000436
A,5,105,1787806180.562123,"(128, 1, 1)",252,0.19344000000000003,0,ok,0.000043,0.000043;0.000043;0.000043
A,5,106,1787806180.637806,"(32, 1, 1)",341,0.19344000000000003,0,ok,0.000050,0.000051;0.000050;0.000052
A,5,107,1787806180.679276,"(128, 1, 1)",330,0.19344000000000003,0,ok,0.000044,0.000045;0.000044;0.000044
A,5,108,1787806180.768763,"(128, 1, 1)",578,0.19344000000000003,0,ok,0.000065,0.000066;0.000065;0.000066
A,5,109,1787806180.817367,"(128, 1, 1)",250,0.19344000000000003,0,ok,0.000064,0.000064;0.000064;0.000064
A,5,110,1787806180.848986,"(128, 1, 1)",240,0.19344000000000003,0,ok,0.000062,0.000062;0.000062;0.000062
A,5,111,1787806180.952248,"(128, 1, 1)",377,0.19344000000000003,0,ok,0.000051,0.000051;0.000051;0.000051
A,5,112,1787806181.048267,"(128, 1, 1)",332,0.19344000000000003,0,ok,0.000065,0.000065;0.000066;0.000065
A,5,113,1787806181.130144,"(64, 1, 1)",221,0.19344000000000003,0,ok,0.000046,0.000046;0.000046;0.000046
A,5,114,1787806181.164080,"(128, 1, 1)",1597,0.19344000000000003,0,ok,0.000063,0.000063;0.000064;0.000064
A,5,115,1787806181.212286,"(32, 1, 1)",221,0.19344000000000003,0,ok,0.000082,0.000082;0.000082;0.000082
A,5,116,1787806181.246781,"(128, 1, 1)",218,0.19344000000000003,0,ok,0.000048,0.000048;0.000048;0.000048
A,5,117,1787806181.290647,"(128, 1, 1)",215,0.19344000000000003,0,ok,0.000047,0.000047;0.000047;0.000047
A,5,118,1787806181.341209,"(128, 1, 1)",219,0.19344000000000003,0,ok,0.000067,0.000067;0.000067;0.000067
A,5,119,1787806181.611655,"(64, 1, 1)",334,0.126624,0,ok,0.000033,0.000033;0.000034;0.000034
A,5,120,1787806181.670154,"(64, 1, 1)",816,0.126624,0,ok,0.000059,0.000060;0.000059;0.000060
A,5,121,1787806181.784398,"(16, 1, 1)",523,0.126624,0,ok,0.000089,0.000089;0.000091;0.000090
A,5,122,1787806181.951989,"(64, 1, 1)",495,0.126624,0,ok,0.000041,0.000041;0.000041;0.000041
A,5,123,1787806182.292583,"(64, 1, 1)",771,0.126624,0,ok,0.000071,0.000071;0.000072;0.000072
A,5,124,1787806182.420613,"(64, 1, 1)",318,0.126624,0,ok,0.000043,0.000043;0.000043;0.000043
A,5,125,1787806182.443447,"(64, 1, 1)",467,0.126624,0,ok,0.000063,0.000063;0.000063;0.000063
A,5,126,1787806182.533456,"(64, 1, 1)",296,0.126624,0,ok,0.000038,0.000038;0.000039;0.000038
A,5,127,1787806182.586977,"(64, 1, 1)",488,0.126624,0,ok,0.000047,0.000048;0.000047;0.000047
A,5,128,1787806182.670112,"(64, 1, 1)",421,0.126624,0,ok,0.000042,0.000043;0.000043;0.000042
A,5,129,1787806182.684689,"(32, 1, 1)",270,0.126624,0,ok,0.000058,0.000058;0.000058;0.000059
A,5,130,1787806182.769600,"(16, 1, 1)",270,0.126624,0,ok,0.000126,0.000127;0.000126;0.000127
A,5,131,1787806182.787428,"(64, 1, 1)",259,0.126624,0,ok,0.000035,0.000035;0.000035;0.000036
A,5,132,1787806182.872806,"(64, 1, 1)",262,0.126624,0,ok,0.000034,0.000034;0.000035;0.000035
A,5,133,1787806182.911604,"(64, 1, 1)",269,0.126624,0,ok,0.000054,0.000054;0.000054;0.000054
A,5,134,1787806183.146838,"(32, 1, 1)",503,0.126624,0,ok,0.000044,0.000044;0.000045;0.000044
A,5,135,1787806183.252185,"(128, 1, 1)",768,0.126624,0,ok,0.000069,0.000069;0.000069;0.000069
A,5,136,1787806183.275339,"(128, 1, 1)",464,0.126624,0,ok,0.000059,0.000060;0.000060;0.000059
A,5,137,1787806183.371974,"(128, 1, 1)",315,0.126624,0,ok,0.000043,0.000044;0.000043;0.000044
A,5,138,1787806183.385414,"(128, 1, 1)",289,0.126624,0,ok,0.000039,0.000039;0.000039;0.000039
A,5,139,1787806183.524209,"(128, 1, 1)",485,0.126624,0,ok,0.000068,0.000068;0.000068;0.000069
A,5,140,1787806183.655338,"(128, 1, 1)",418,0.126624,0,ok,0.000042,0.000042;0.000043;0.000043
A,5,141,1787806183.752952,"(64, 1, 1)",267,0.126624,0,ok,0.000042,0.000043;0.000043;0.000042
A,5,142,1787806183.849095,"(32, 1, 1)",265,0.126624,0,ok,0.000072,0.000072;0.000072;0.000072
A,5,143,1787806183.935230,"(128, 1, 1)",2075,0.126624,0,ok,0.000041,0.000041;0.000042;0.000042
A,5,144,1787806183.951844,"(16, 1, 1)",265,0.126624,0,ok,0.000151,0.000151
A,5,145,1787806184.045939,"(128, 1, 1)",259,0.126624,0,ok,0.000043,0.000044;0.000043;0.000044
A,5,146,1787806184.052632,"(128, 1, 1)",262,0.126624,0,ok,0.000042,0.000042;0.000042;0.000042
A,5,147,1787806184.152747,"(128, 1, 1)",270,0.126624,0,ok,0.000122,0.000122;0.000122;0.000122
A,5,148,1787806184.170900,"(128, 1, 1)",265,0.126624,0,ok,0.000052,0.000053;0.000052;0.000053
A,5,149,1787806184.628673,"(64, 1, 1)",495,0.10031999999999999,0,ok,0.000041,0.000041;0.000041;0.000041
A,5,150,1787806184.801329,"(16, 1, 1)",855,0.10031999999999999,0,ok,0.000139,0.000139
A,5,151,1787806184.940013,"(64, 1, 1)",1141,0.10031999999999999,0,ok,0.000078,0.000078;0.000078;0.000078
A,5,152,1787806184.994036,"(64, 1, 1)",668,0.10031999999999999,0,ok,0.000059,0.000059;0.000059;0.000059
A,5,153,1787806185.144067,"(64, 1, 1)",441,0.10031999999999999,0,ok,0.000033,0.000033;0.000033;0.000033
A,5,154,1787806185.346946,"(64, 1, 1)",690,0.10031999999999999,0,ok,0.000068,0.000069;0.000068;0.000069
A,5,155,1787806185.439137,"(64, 1, 1)",387,0.10031999999999999,0,ok,0.000029,0.000030;0.000030;0.000029
A,5,156,1787806185.530165,"(64, 1, 1)",584,0.10031999999999999,0,ok,0.000032,0.000032;0.000032;0.000032
A,5,157,1787806185.575305,"(32, 1, 1)",347,0.10031999999999999,0,ok,0.000052,0.000053;0.000053;0.000052
A,5,158,1787806185.665766,"(16, 1, 1)",347,0.10031999999999999,0,ok,0.000106,0.000106
A,5,159,1787806185.710968,"(8, 1, 1)",347,0.10031999999999999,0,ok,0.000309,0.000309
A,5,160,1787806185.793818,"(64, 1, 1)",339,0.10031999999999999,0,ok,0.000036,0.000036;0.000036;0.000036
A,5,161,1787806185.835717,"(64, 1, 1)",339,0.10031999999999999,0,ok,0.000035,0.000036;0.000035;0.000035
A,5,162,1787806185.925135,"(64, 1, 1)",349,0.10031999999999999,0,ok,0.000052,0.000052;0.000052;0.000052
A,5,163,1787806185.981359,"(64, 1, 1)",344,0.10031999999999999,0,ok,0.000110,0.000110
A,5,164,1787806186.107647,"(32, 1, 1)",352,0.10031999999999999,0,ok,0.000065,0.000065;0.000065;0.000065
A,5,165,1787806186.224771,"(64, 1, 1)",822,0.10031999999999999,0,ok,0.000045,0.000046;0.000046;0.000045
A,5,166,1787806186.396541,"(16, 1, 1)",535,0.10031999999999999,0,ok,0.000136,0.000136
A,5,167,1787806186.401675,"(64, 1, 1)",500,0.10031999999999999,0,ok,0.000037,0.000038;0.000037;0.000037
A,5,168,1787806186.531483,"(64, 1, 1)",474,0.10031999999999999,0,ok,0.000046,0.000047;0.000046;0.000046
A,5,169,1787806186.599283,"(64, 1, 1)",781,0.10031999999999999,0,ok,0.000050,0.000050;0.000050;0.000050
A,5,170,1787806186.715935,"(64, 1, 1)",325,0.10031999999999999,0,ok,0.000034,0.000035;0.000034;0.000035
A,5,171,1787806186.750470,"(64, 1, 1)",495,0.10031999999999999,0,ok,0.000037,0.000037;0.000037;0.000037
A,5,172,1787806186.860570,"(32, 1, 1)",279,0.10031999999999999,0,ok,0.000057,0.000057;0.000057;0.000058
A,5,173,1787806186.868140,"(64, 1, 1)",428,0.10031999999999999,0,ok,0.000033,0.000033;0.000033;0.000033
A,5,174,1787806186.954963,"(64, 1, 1)",275,0.10031999999999999,0,ok,0.000038,0.000038;0.000038;0.000038
A,5,175,1787806187.259436,"(32, 1, 1)",584,0.08707200000000001,0,ok,0.000042,0.000042;0.000042;0.000042
A,5,176,1787806187.414964,"(64, 1, 1)",953,0.08707200000000001,0,ok,0.000054,0.000054;0.000054;0.000054
A,5,177,1787806187.485020,"(64, 1, 1)",576,0.08707200000000001,0,ok,0.000044,0.000045;0.000044;0.000045
A,5,178,1787806187.790710,"(16, 1, 1)",992,0.08707200000000001,0,ok,0.000054,0.000054;0.000054;0.000054
A,5,179,1787806188.113481,"(64, 1, 1)",1643,0.08707200000000001,0,ok,0.000096,0.000096
A,5,180,1787806188.362048,"(64, 1, 1)",862,0.08707200000000001,0,ok,0.000050,0.000050;0.000051;0.000050
A,5,181,1787806188.618463,"(64, 1, 1)",559,0.08707200000000001,0,ok,0.000029,0.000030;0.000029;0.000029
A,5,182,1787806188.719915,"(64, 1, 1)",934,0.08707200000000001,0,ok,0.000055,0.000055;0.000055;0.000055
A,5,183,1787806188.890577,"(64, 1, 1)",775,0.08707200000000001,0,ok,0.000028,0.000029;0.000028;0.000028
A,5,184,1787806188.901740,"(32, 1, 1)",400,0.08707200000000001,0,ok,0.000041,0.000042;0.000041;0.000042
A,5,185,1787806189.064875,"(16, 1, 1)",400,0.08707200000000001,0,ok,0.000088,0.000088
A,5,186,1787806189.069074,"(8, 1, 1)",400,0.08707200000000001,0,ok,0.000216,0.000216
A,5,187,1787806189.218441,"(64, 1, 1)",392,0.08707200000000001,0,ok,0.000032,0.000032;0.000032;0.000033
A,5,188,1787806189.232756,"(64, 1, 1)",400,0.08707200000000001,0,ok,0.000047,0.000047;0.000047;0.000047
A,5,189,1787806189.396532,"(64, 1, 1)",397,0.08707200000000001,0,ok,0.000105,0.000105
A,5,190,1787806189.681714,"(32, 1, 1)",921,0.08707200000000001,0,ok,0.000049,0.000049;0.000050;0.000050
A,5,191,1787806189.778277,"(64, 1, 1)",1563,0.08707200000000001,0,ok,0.000048,0.000048;0.000048;0.000048
A,5,192,1787806189.975924,"(64, 1, 1)",911,0.08707200000000001,0,ok,0.000038,0.000038;0.000038;0.000039
A,5,193,1787806190.315570,"(16, 1, 1)",1604,0.08707200000000001,0,ok,0.000164,0.000164
A,5,194,1787806190.801125,"(64, 1, 1)",1722,0.08707200000000001,0,ok,0.000052,0.000052;0.000052;0.000052
A,5,195,1787806191.101644,"(64, 1, 1)",961,0.08707200000000001,0,ok,0.000033,0.000033;0.000033;0.000033
A,5,196,1787806191.586578,"(64, 1, 1)",1740,0.08707200000000001,0,ok,0.000054,0.000054;0.000054;0.000054
A,5,197,1787806192.045597,"(64, 1, 1)",1628,0.08707200000000001,0,ok,0.000033,0.000033;0.000034;0.000034
A,5,198,1787806192.095309,"(32, 1, 1)",595,0.08707200000000001,0,ok,0.000049,0.000049;0.000049;0.000049
A,5,199,1787806192.244481,"(16, 1, 1)",597,0.08707200000000001,0,ok,0.000100,0.000100
A,5,200,1787806192.310931,"(8, 1, 1)",595,0.08707200000000001,0,ok,0.000278,0.000278
A,5,201,1787806192.434527,"(64, 1, 1)",591,0.08707200000000001,0,ok,0.000034,0.000035;0.000034;0.000035
A,5,202,1787806192.499207,"(64, 1, 1)",591,0.08707200000000001,0,ok,0.000035,0.000035;0.000036;0.000035
A,5,203,1787806192.655169,"(64, 1, 1)",589,0.08707200000000001,0,ok,0.000107,0.000107
A,5,204,1787806192.687644,"(64, 1, 1)",599,0.08707200000000001,0,ok,0.000053,0.000053;0.000053;0.000053
A,5,205,1787806193.174729,"(32, 1, 1)",1174,0.084096,0,ok,0.000039,0.000040;0.000039;0.000040
A,5,206,1787806193.532136,"(64, 1, 1)",1946,0.084096,0,ok,0.000051,0.000051;0.000051;0.000052
A,5,207,1787806193.561296,"(64, 1, 1)",1166,0.084096,0,ok,0.000040,0.000041;0.000041;0.000040
A,5,208,1787806194.333831,"(16, 1, 1)",1985,0.084096,0,ok,0.000057,0.000059;0.000058;0.000057
A,5,209,1787806195.503534,"(64, 1, 1)",2462,0.084096,0,ok,0.000055,0.000055;0.000055;0.000055
A,5,210,1787806195.958487,"(64, 1, 1)",1353,0.084096,0,ok,0.000028,0.000028;0.000029;0.000029
A,5,211,1787806196.826360,"(64, 1, 1)",2528,0.084096,0,ok,0.000055,0.000055;0.000056;0.000056
A,5,212,1787806197.509705,"(32, 1, 1)",784,0.084096,0,ok,0.000040,0.000040;0.000040;0.000040
A,5,213,1787806197.547289,"(64, 1, 1)",2364,0.084096,0,ok,0.000029,0.000029;0.000029;0.000029
A,5,214,1787806197.777099,"(16, 1, 1)",786,0.084096,0,ok,0.000073,0.000073;0.000074;0.000073
A,5,215,1787806197.826652,"(8, 1, 1)",784,0.084096,0,ok,0.000190,0.000190
A,5,216,1787806198.033251,"(64, 1, 1)",780,0.084096,0,ok,0.000031,0.000032;0.000032;0.000031
A,5,217,1787806198.096177,"(64, 1, 1)",778,0.084096,0,ok,0.000104,0.000104
A,5,218,1787806198.293925,"(64, 1, 1)",788,0.084096,0,ok,0.000046,0.000047;0.000046;0.000047
A,5,219,1787806198.656369,"(32, 1, 1)",866,0.084096,0,ok,0.000062,0.000062;0.000062;0.000062
A,5,220,1787806198.735372,"(64, 1, 1)",1463,0.084096,0,ok,0.000063,0.000063;0.000064;0.000064
A,5,221,1787806198.982188,"(64, 1, 1)",860,0.084096,0,ok,0.000038,0.000038;0.000038;0.000038
A,5,222,1787806199.369615,"(16, 1, 1)",1502,0.084096,0,ok,0.000110,0.000110
A,5,223,1787806199.823691,"(64, 1, 1)",1532,0.084096,0,ok,0.000064,0.000064;0.000064;0.000064
A,5,224,1787806200.434366,"(64, 1, 1)",1660,0.084096,0,ok,0.000062,0.000063;0.000063;0.000062
A,5,225,1787806200.658614,"(32, 1, 1)",574,0.084096,0,ok,0.000060,0.000060;0.000060;0.000060
A,5,226,1787806200.667160,"(16, 1, 1)",574,0.084096,0,ok,0.000115,0.000115
A,5,227,1787806200.871425,"(64, 1, 1)",570,0.084096,0,ok,0.000046,0.000047;0.000046;0.000047
A,5,228,1787806200.880335,"(8, 1, 1)",574,0.084096,0,ok,0.000222,0.000222
A,5,229,1787806201.078626,"(64, 1, 1)",569,0.084096,0,ok,0.000106,0.000106
A,6,1,1787806201.370054,"(16, 1, 1)",68,inf,0,ok,0.000011,0.000011;0.000012;0.000011
A,6,2,1787806201.375369,"(8, 1, 1)",106,inf,0,ok,0.000014,0.000014;0.000014;0.000014
A,6,3,1787806201.381313,"(32, 1, 1)",60,inf,0,ok,0.000010,0.000010;0.000010;0.000010
A,6,4,1787806201.386391,"(16, 1, 1)",56,inf,0,ok,0.000010,0.000011;0.000010;0.000011
A,6,5,1787806201.392095,"(8, 1, 1)",58,inf,0,ok,0.000010,0.000011;0.000011;0.000010
A,6,6,1787806201.397270,"(4, 1, 1)",58,inf,0,ok,0.000010,0.000011;0.000010;0.000010
A,6,7,1787806201.403651,"(2, 1, 1)",58,inf,0,ok,0.000011,0.000011;0.000011;0.000011
A,6,8,1787806201.799248,"(32, 1, 1)",75,inf,0,ok,0.000010,0.000010;0.000010;0.000010
A,6,9,1787806201.810711,"(32, 1, 1)",73,inf,0,ok,0.000010,0.000010;0.000010;0.000010
A,6,10,1787806201.820295,"(32, 1, 1)",56,inf,0,ok,0.000010,0.000010;0.000010;0.000010
A,6,11,1787806201.832017,"(32, 1, 1)",73,inf,0,ok,0.000010,0.000010;0.000010;0.000010
A,6,12,1787806201.841276,"(32, 1, 1)",73,inf,0,ok,0.000010,0.000010;0.000010;0.000010
A,6,13,1787806201.847817,"(32, 1, 1)",75,inf,0,ok,0.000010,0.000010;0.000011;0.000010
A,6,14,1787806201.853846,"(1, 1, 1)",45,inf,0,ok,0.000012,0.000012;0.000013;0.000012
A,6,15,1787806201.858792,"(32, 1, 1)",75,inf,0,ok,0.000010,0.000011;0.000010;0.000010
A,6,16,1787806201.910208,"(16, 1, 1)",111,0.028608,0,ok,0.000010,0.000010;0.000010;0.000011
A,6,17,1787806201.917805,"(8, 1, 1)",167,0.028608,0,ok,0.000010,0.000011;0.000010;0.000010
A,6,18,1787806201.951218,"(16, 1, 1)",85,0.028608,0,ok,0.000010,0.000010;0.000010;0.000010
A,6,19,1787806201.957849,"(32, 1, 1)",269,0.028608,0,ok,0.000010,0.000010;0.000010;0.000010
A,6,20,1787806201.965115,"(8, 1, 1)",87,0.028608,0,ok,0.000010,0.000011;0.000010;0.000010
A,6,21,1787806201.972551,"(4, 1, 1)",87,0.028608,0,ok,0.000010,0.000010;0.000010;0.000010
A,6,22,1787806201.979032,"(2, 1, 1)",87,0.028608,0,ok,0.000010,0.000010;0.000010;0.000010
A,6,23,1787806201.987512,"(32, 1, 1)",90,0.028608,0,ok,0.000010,0.000010;0.000010;0.000010
A,6,24,1787806201.993612,"(32, 1, 1)",69,0.028608,0,ok,0.000010,0.000010;0.000010;0.000010
A,6,25,1787806202.005001,"(32, 1, 1)",87,0.028608,0,ok,0.000010,0.000010;0.000010;0.000010
A,6,26,1787806202.011747,"(32, 1, 1)",87,0.028608,0,ok,0.000010,0.000010;0.000010;0.000010
A,6,27,1787806202.018343,"(32, 1, 1)",89,0.028608,0,ok,0.000010,0.000010;0.000010;0.000010
A,6,28,1787806202.024548,"(1, 1, 1)",78,0.028608,0,ok,0.000010,0.000010;0.000010;0.000010
A,6,29,1787806202.038164,"(16, 1, 1)",111,0.028608,0,ok,0.000010,0.000010;0.000010;0.000010
A,6,30,1787806202.052447,"(8, 1, 1)",169,0.028608,0,ok,0.000010,0.000011;0.000011;0.000010
A,6,31,1787806202.075653,"(32, 1, 1)",146,0.028608,0,ok,0.000010,0.000011;0.000010;0.000010
A,6,32,1787806202.090836,"(32, 1, 1)",88,0.028608,0,ok,0.000010,0.000010;0.000010;0.000010
A,6,33,1787806202.105817,"(32, 1, 1)",94,0.028608,0,ok,0.000010,0.000010;0.000010;0.000010
A,6,34,1787806202.120857,"(32, 1, 1)",88,0.028608,0,ok,0.000009,0.000009;0.000010;0.000010
A,6,35,1787806202.134789,"(16, 1, 1)",87,0.028608,0,ok,0.000010,0.000010;0.000010;0.000010
A,6,36,1787806202.148677,"(8, 1, 1)",91,0.028608,0,ok,0.000010,0.000010;0.000010;0.000010
A,6,37,1787806202.234073,"(4, 1, 1)",89,0.028608,0,ok,0.000010,0.000010;0.000010;0.000010
A,6,38,1787806202.247660,"(2, 1, 1)",91,0.028608,0,ok,0.000010,0.000010;0.000011;0.000011
A,6,39,1787806202.264166,"(32, 1, 1)",71,0.028608,0,ok,0.000010,0.000010;0.000010;0.000010
A,6,40,1787806202.278549,"(32, 1, 1)",90,0.028608,0,ok,0.000010,0.000010;0.000010;0.000010
A,6,41,1787806202.346202,"(1, 1, 1)",82,0.028608,0,ok,0.000010,0.000010;0.000010;0.000011
A,6,42,1787806202.409324,"(16, 1, 1)",134,0.028416,0,ok,0.000010,0.000010;0.000010;0.000011
A,6,43,1787806202.433694,"(8, 1, 1)",210,0.028416,0,ok,0.000010,0.000010;0.000011;0.000011
A,6,44,1787806202.486916,"(32, 1, 1)",139,0.028416,0,ok,0.000010,0.000010;0.000010;0.000010
A,6,45,1787806202.504015,"(32, 1, 1)",313,0.028416,0,ok,0.000010,0.000010;0.000010;0.000010
A,6,46,1787806202.511366,"(16, 1, 1)",98,0.028416,0,ok,0.000010,0.000010;0.000010;0.000010
A,6,47,1787806202.522057,"(8, 1, 1)",102,0.028416,0,ok,0.000010,0.000010;0.000010;0.000010
A,6,48,1787806202.528156,"(4, 1, 1)",102,0.028416,0,ok,0.000010,0.000010;0.000010;0.000010
A,6,49,1787806202.540237,"(2, 1, 1)",100,0.028416,0,ok,0.000010,0.000010;0.000010;0.000010
A,6,50,1787806202.545778,"(32, 1, 1)",84,0.028416,0,ok,0.000010,0.000010;0.000010;0.000010
A,6,51,1787806202.557592,"(1, 1, 1)",93,0.028416,0,ok,0.000010,0.000010;0.000010;0.000011
A,6,52,1787806202.621324,"(8, 1, 1)",130,0.028416,0,ok,0.000010,0.000010;0.000010;0.000010
A,6,53,1787806202.682797,"(4, 1, 1)",194,0.028416,0,ok,0.000010,0.000010;0.000010;0.000011
A,6,54,1787806202.695710,"(1, 1, 1)",608,0.028416,0,ok,0.000012,0.000012;0.000012;0.000012
A,6,55,1787806202.714181,"(16, 1, 1)",98,0.028416,0,ok,0.000010,0.000010;0.000010;0.000010
A,6,56,1787806202.733066,"(16, 1, 1)",153,0.028416,0,ok,0.000010,0.000010;0.000010;0.000010
A,6,57,1787806202.751923,"(16, 1, 1)",104,0.028416,0,ok,0.000010,0.000011;0.000011;0.000010
A,6,58,1787806202.785713,"(8, 1, 1)",101,0.028416,0,ok,0.000010,0.000010;0.000010;0.000010
A,6,59,1787806202.791630,"(4, 1, 1)",101,0.028416,0,ok,0.000010,0.000010;0.000010;0.000010
A,6,60,1787806202.820135,"(1, 1, 1)",92,0.028416,0,ok,0.000010,0.000010;0.000010;0.000011
A,6,61,1787806202.827333,"(2, 1, 1)",101,0.028416,0,ok,0.000010,0.000010;0.000010;0.000010
A,6,62,1787806202.862607,"(16, 1, 1)",80,0.028416,0,ok,0.000010,0.000010;0.000010;0.000011
A,6,63,1787806202.902809,"(16, 1, 1)",102,0.028416,0,ok,0.000010,0.000010;0.000010;0.000010
A,7,1,1787806202.955117,"(1, 1, 1)",174,inf,0,ok,0.000014,0.000015;0.000014;0.000015
A,7,2,1787806202.969346,"(2, 1, 1)",104,inf,0,ok,0.000012,0.000013;0.000013;0.000012
A,7,3,1787806203.011852,"(4, 1, 1)",66,inf,0,ok,0.000011,0.000011;0.000011;0.000012
A,7,4,1787806203.026056,"(8, 1, 1)",62,inf,0,ok,0.000010,0.000011;0.000010;0.000010
A,7,5,1787806203.034593,"(4, 1, 1)",54,inf,0,ok,0.000010,0.000010;0.000010;0.000011
A,7,6,1787806203.043327,"(2, 1, 1)",56,inf,0,ok,0.000010,0.000011;0.000010;0.000011
A,7,7,1787806203.050905,"(1, 1, 1)",45,inf,0,ok,0.000010,0.000011;0.000010;0.000011
A,7,8,1787806203.073368,"(8, 1, 1)",73,inf,0,ok,0.000010,0.000010;0.000010;0.000010
A,7,9,1787806203.085892,"(8, 1, 1)",75,inf,0,ok,0.000010,0.000010;0.000010;0.000010
A,7,10,1787806203.098292,"(8, 1, 1)",73,inf,0,ok,0.000010,0.000011;0.000010;0.000010
A,7,11,1787806203.111185,"(8, 1, 1)",75,inf,0,ok,0.000010,0.000010;0.000010;0.000010
A,7,12,1787806203.123602,"(8, 1, 1)",73,inf,0,ok,0.000010,0.000010;0.000010;0.000010
A,7,13,1787806203.134367,"(8, 1, 1)",73,inf,0,ok,0.000010,0.000010;0.000010;0.000010
A,7,14,1787806203.154759,"(8, 1, 1)",56,inf,0,ok,0.000010,0.000010;0.000010;0.000011
A,7,15,1787806203.218748,"(4, 1, 1)",111,0.028608,0,ok,0.000009,0.000010;0.000010;0.000009
A,7,16,1787806203.226110,"(1, 1, 1)",280,0.028608,0,ok,0.000010,0.000011;0.000010;0.000010
A,7,17,1787806203.247273,"(2, 1, 1)",164,0.028608,0,ok,0.000010,0.000010;0.000010;0.000010
A,7,18,1787806203.259883,"(8, 1, 1)",73,0.028608,0,ok,0.000010,0.000010;0.000011;0.000010
A,7,19,1787806203.265590,"(8, 1, 1)",258,0.028608,0,ok,0.000010,0.000010;0.000010;0.000010
A,7,20,1787806203.275076,"(8, 1, 1)",88,0.028608,0,ok,0.000010,0.000011;0.000010;0.000010
A,7,21,1787806203.280349,"(4, 1, 1)",87,0.028608,0,ok,0.000009,0.000010;0.000009;0.000010
A,7,22,1787806203.289049,"(1, 1, 1)",82,0.028608,0,ok,0.000010,0.000010;0.000010;0.000010
A,7,23,1787806203.294558,"(2, 1, 1)",89,0.028608,0,ok,0.000010,0.000010;0.000010;0.000010
A,7,24,1787806203.300713,"(8, 1, 1)",71,0.028608,0,ok,0.000010,0.000010;0.000010;0.000011
A,7,25,1787806203.338685,"(1, 1, 1)",279,0.028608,0,ok,0.000010,0.000010;0.000011;0.000010
A,7,26,1787806203.356524,"(4, 1, 1)",113,0.028608,0,ok,0.000010,0.000010;0.000010;0.000010
A,7,27,1787806203.383146,"(2, 1, 1)",167,0.028608,0,ok,0.000010,0.000010;0.000010;0.000010
A,7,28,1787806203.403781,"(8, 1, 1)",146,0.028608,0,ok,0.000010,0.000010;0.000011;0.000010
A,7,29,1787806203.420048,"(8, 1, 1)",88,0.028608,0,ok,0.000010,0.000010;0.000010;0.000010
A,7,30,1787806203.436462,"(8, 1, 1)",88,0.028608,0,ok,0.000010,0.000010;0.000010;0.000010
A,7,31,1787806203.450027,"(4, 1, 1)",87,0.028608,0,ok,0.000010,0.000010;0.000010;0.000010
A,7,32,1787806203.463349,"(2, 1, 1)",89,0.028608,0,ok,0.000009,0.000010;0.000009;0.000010
A,7,33,1787806203.475608,"(1, 1, 1)",80,0.028608,0,ok,0.000009,0.000009;0.000010;0.000010
A,7,34,1787806203.487038,"(8, 1, 1)",69,0.028608,0,ok,0.000010,0.000010;0.000010;0.000010
A,7,35,1787806203.504524,"(8, 1, 1)",92,0.028608,0,ok,0.000010,0.000010;0.000010;0.000010
A,7,36,1787806203.521705,"(8, 1, 1)",90,0.028608,0,ok,0.000010,0.000010;0.000010;0.000010
A,7,37,1787806203.733564,"(1, 1, 1)",123,0.027743999999999998,0,ok,0.000010,0.000010;0.000010;0.000010
A,7,38,1787806203.784957,"(2, 1, 1)",157,0.027743999999999998,0,ok,0.000010,0.000010;0.000010;0.000010
A,7,39,1787806203.823207,"(2, 1, 1)",100,0.027743999999999998,0,ok,0.000010,0.000010;0.000010;0.000010
A,7,40,1787806203.866084,"(2, 1, 1)",104,0.027743999999999998,0,ok,0.000010,0.000010;0.000010;0.000010
A,7,41,1787806203.902539,"(2, 1, 1)",100,0.027743999999999998,0,ok,0.000009,0.000009;0.000010;0.000010
A,7,42,1787806203.912511,"(2, 1, 1)",123,0.027743999999999998,0,ok,0.000010,0.000010;0.000010;0.000010
A,7,43,1787806203.936928,"(1, 1, 1)",94,0.027743999999999998,0,ok,0.000010,0.000010;0.000010;0.000010
A,7,44,1787806203.953672,"(2, 1, 1)",82,0.027743999999999998,0,ok,0.000010,0.000011;0.000011;0.000010
A,7,45,1787806203.978961,"(2, 1, 1)",102,0.027743999999999998,0,ok,0.000009,0.000010;0.000010;0.000009
A,7,46,1787806204.018370,"(1, 1, 1)",181,0.027743999999999998,0,ok,0.000010,0.000011;0.000010;0.000010
A,7,47,1787806204.046246,"(2, 1, 1)",128,0.027743999999999998,0,ok,0.000009,0.000010;0.000009;0.000010
A,7,48,1787806204.080184,"(4, 1, 1)",85,0.027743999999999998,0,ok,0.000010,0.000010;0.000010;0.000010
A,7,49,1787806204.086671,"(4, 1, 1)",265,0.027743999999999998,0,ok,0.000010,0.000010;0.000010;0.000010
A,7,50,1787806204.117325,"(4, 1, 1)",102,0.027743999999999998,0,ok,0.000010,0.000010;0.000010;0.000010
A,7,51,1787806204.123432,"(2, 1, 1)",99,0.027743999999999998,0,ok,0.000010,0.000010;0.000010;0.000010
A,7,52,1787806204.152253,"(1, 1, 1)",89,0.027743999999999998,0,ok,0.000010,0.000010;0.000010;0.000010
A,7,53,1787806204.158519,"(4, 1, 1)",78,0.027743999999999998,0,ok,0.000010,0.000010;0.000010;0.000010
A,7,54,1787806204.237105,"(1, 1, 1)",144,0.027647999999999995,0,ok,0.000009,0.000009;0.000009;0.000010
A,7,55,1787806204.255749,"(2, 1, 1)",208,0.027647999999999995,0,ok,0.000010,0.000010;0.000010;0.000010
A,7,56,1787806204.293143,"(2, 1, 1)",146,0.027647999999999995,0,ok,0.000009,0.000010;0.000010;0.000009
A,7,57,1787806204.389263,"(2, 1, 1)",320,0.027647999999999995,0,ok,0.000010,0.000010;0.000010;0.000010
A,7,58,1787806204.451829,"(1, 1, 1)",105,0.027647999999999995,0,ok,0.000010,0.000010;0.000010;0.000010
A,7,59,1787806204.491874,"(2, 1, 1)",98,0.027647999999999995,0,ok,0.000009,0.000010;0.000009;0.000010
A,7,60,1787806204.560929,"(1, 1, 1)",181,0.027647999999999995,0,ok,0.000010,0.000010;0.000010;0.000010
A,7,61,1787806204.701294,"(2, 1, 1)",147,0.027647999999999995,0,ok,0.000010,0.000010;0.000010;0.000010
A,7,62,1787806204.722255,"(2, 1, 1)",506,0.027647999999999995,0,ok,0.000010,0.000010;0.000011;0.000011
A,7,63,1787806204.759816,"(2, 1, 1)",127,0.027647999999999995,0,ok,0.000010,0.000010;0.000010;0.000010
A,7,64,1787806204.779117,"(2, 1, 1)",162,0.027647999999999995,0,ok,0.000010,0.000010;0.000010;0.000010
A,7,65,1787806204.812880,"(1, 1, 1)",129,0.027647999999999995,0,ok,0.000010,0.000010;0.000010;0.000010
A,7,66,1787806204.865482,"(2, 1, 1)",115,0.027647999999999995,0,ok,0.000010,0.000010;0.000010;0.000010
A,8,1,1787806204.981430,"(64, 32, 1)",120,inf,0,ok,0.000011,0.000011;0.000011;0.000011
A,8,2,1787806205.043997,"(32, 2, 32)",207,inf,0,ok,0.000011,0.000012;0.000011;0.000012
A,8,3,1787806205.097867,"(64, 2, 8)",211,inf,0,ok,0.000011,0.000011;0.000011;0.000011
A,8,4,1787806205.183101,"(16, 2, 32)",361,inf,0,ok,0.000011,0.000011;0.000011;0.000011
A,8,5,1787806205.221588,"(64, 2, 16)",134,inf,0,ok,0.000011,0.000011;0.000011;0.000011
A,8,6,1787806205.236439,"(64, 2, 16)",158,inf,0,ok,0.000011,0.000012;0.000012;0.000011
A,8,7,1787806205.255861,"(64, 32, 1)",127,inf,0,ok,0.000011,0.000012;0.000012;0.000011
A,8,8,1787806205.274289,"(32, 2, 32)",132,inf,0,ok,0.000011,0.000011;0.000011;0.000011
A,8,9,1787806205.293346,"(64, 2, 8)",137,inf,0,ok,0.000011,0.000011;0.000011;0.000011
A,8,10,1787806205.312932,"(16, 2, 32)",135,inf,0,ok,0.000011,0.000012;0.000011;0.000011
A,8,11,1787806205.331198,"(64, 2, 4)",137,inf,0,ok,0.000010,0.000010;0.000011;0.000010
A,8,12,1787806205.350139,"(8, 2, 32)",135,inf,0,ok,0.000010,0.000011;0.000011;0.000010
A,8,13,1787806205.370638,"(64, 2, 2)",137,inf,0,ok,0.000010,0.000011;0.000010;0.000011
A,8,14,1787806205.387694,"(4, 2, 32)",135,inf,0,ok,0.000010,0.000010;0.000010;0.000010
A,8,15,1787806205.406150,"(64, 2, 1)",127,inf,0,ok,0.000010,0.000010;0.000011;0.000010
A,8,16,1787806205.422949,"(64, 32, 2)",127,inf,0,ok,0.000012,0.000013;0.000013;0.000012
A,8,17,1787806205.441741,"(32, 2, 64)",127,inf,0,ok,0.000013,0.000013;0.000013;0.000013
A,8,18,1787806205.459358,"(2, 64, 32)",127,inf,0,ok,0.000012,0.000012;0.000012;0.000013
A,8,19,1787806205.528918,"(4, 32, 1)",130,0.029376000000000003,0,ok,0.000010,0.000010;0.000010;0.000010
A,8,20,1787806205.578594,"(2, 32, 1)",399,0.029376000000000003,0,ok,0.000010,0.000010;0.000010;0.000011
A,8,21,1787806205.850406,"(4, 2, 32)",1334,0.029376000000000003,0,ok,0.000011,0.000011;0.000011;0.000011
A,8,22,1787806205.909535,"(2, 2, 32)",224,0.029376000000000003,0,ok,0.000010,0.000010;0.000011;0.000010
A,8,23,1787806205.943414,"(4, 2, 16)",165,0.029376000000000003,0,ok,0.000010,0.000011;0.000010;0.000010
A,8,24,1787806205.972973,"(4, 2, 32)",213,0.029376000000000003,0,ok,0.000010,0.000011;0.000011;0.000010
A,8,25,1787806206.000238,"(4, 2, 8)",217,0.029376000000000003,0,ok,0.000010,0.000011;0.000010;0.000010
A,8,26,1787806206.038244,"(4, 2, 16)",141,0.029376000000000003,0,ok,0.000010,0.000011;0.000010;0.000011
A,8,27,1787806206.059720,"(4, 2, 32)",365,0.029376000000000003,0,ok,0.000010,0.000011;0.000011;0.000010
A,8,28,1787806206.075521,"(4, 32, 1)",135,0.029376000000000003,0,ok,0.000010,0.000010;0.000010;0.000010
A,8,29,1787806206.098818,"(2, 2, 32)",142,0.029376000000000003,0,ok,0.000010,0.000010;0.000010;0.000010
A,8,30,1787806206.115609,"(4, 2, 8)",143,0.029376000000000003,0,ok,0.000010,0.000010;0.000010;0.000010
A,8,31,1787806206.136944,"(2, 32, 1)",135,0.029376000000000003,0,ok,0.000010,0.000011;0.000010;0.000010
A,8,32,1787806206.155438,"(4, 2, 4)",143,0.029376000000000003,0,ok,0.000010,0.000010;0.000010;0.000010
A,8,33,1787806206.176511,"(4, 2, 2)",142,0.029376000000000003,0,ok,0.000010,0.000011;0.000011;0.000010
A,8,34,1787806206.193479,"(4, 2, 1)",135,0.029376000000000003,0,ok,0.000010,0.000011;0.000010;0.000011
A,8,35,1787806206.213904,"(4, 32, 2)",135,0.029376000000000003,0,ok,0.000010,0.000011;0.000011;0.000010
A,8,36,1787806206.233993,"(32, 2, 4)",135,0.029376000000000003,0,ok,0.000010,0.000010;0.000010;0.000010
A,8,37,1787806206.275938,"(2, 4, 32)",135,0.029376000000000003,0,ok,0.000010,0.000010;0.000010;0.000011
A,8,38,1787806206.310822,"(64, 1, 1)",120,0.029376000000000003,0,ok,0.000010,0.000010;0.000010;0.000010
A,8,39,1787806206.372661,"(32, 2, 1)",207,0.029376000000000003,0,ok,0.000010,0.000010;0.000010;0.000011
A,8,40,1787806206.458601,"(16, 2, 1)",361,0.029376000000000003,0,ok,0.000010,0.000010;0.000011;0.000010
A,8,41,1787806206.513042,"(64, 2, 1)",211,0.029376000000000003,0,ok,0.000011,0.000011;0.000011;0.000011
A,8,42,1787806206.548667,"(64, 1, 1)",127,0.029376000000000003,0,ok,0.000010,0.000010;0.000011;0.000011
A,8,43,1787806206.587390,"(32, 2, 1)",132,0.029376000000000003,0,ok,0.000010,0.000010;0.000010;0.000010
A,8,44,1787806206.635586,"(16, 2, 1)",135,0.029376000000000003,0,ok,0.000011,0.000011;0.000011;0.000011
A,8,45,1787806206.645206,"(64, 2, 1)",158,0.029376000000000003,0,ok,0.000010,0.000011;0.000010;0.000010
A,8,46,1787806206.686924,"(8, 2, 1)",135,0.029376000000000003,0,ok,0.000010,0.000010;0.000011;0.000011
A,8,47,1787806206.726179,"(4, 2, 1)",135,0.029376000000000003,0,ok,0.000011,0.000011;0.000012;0.000011
A,8,48,1787806206.762075,"(2, 64, 1)",127,0.029376000000000003,0,ok,0.000010,0.000010;0.000010;0.000011
A,8,49,1787806207.105357,"(4, 32, 1)",1322,0.0288,0,ok,0.000011,0.000011;0.000011;0.000011
A,8,50,1787806207.118211,"(32, 1, 1)",391,0.0288,0,ok,0.000010,0.000010;0.000010;0.000010
A,8,51,1787806207.153855,"(4, 16, 1)",161,0.0288,0,ok,0.000010,0.000010;0.000011;0.000010
A,8,52,1787806207.178247,"(2, 32, 1)",216,0.0288,0,ok,0.000010,0.000010;0.000010;0.000010
A,8,53,1787806207.222475,"(4, 32, 1)",209,0.0288,0,ok,0.000010,0.000010;0.000010;0.000010
A,8,54,1787806207.238503,"(4, 8, 1)",213,0.0288,0,ok,0.000010,0.000010;0.000010;0.000010
A,8,55,1787806207.276652,"(4, 16, 1)",136,0.0288,0,ok,0.000010,0.000010;0.000010;0.000010
A,8,56,1787806207.313774,"(2, 32, 1)",137,0.0288,0,ok,0.000010,0.000010;0.000010;0.000010
A,8,57,1787806207.320274,"(4, 32, 1)",359,0.0288,0,ok,0.000010,0.000010;0.000010;0.000010
A,8,58,1787806207.352191,"(4, 8, 1)",138,0.0288,0,ok,0.000010,0.000010;0.000010;0.000010
A,8,59,1787806207.358664,"(32, 1, 1)",130,0.0288,0,ok,0.000010,0.000010;0.000010;0.000010
A,8,60,1787806207.390471,"(4, 2, 1)",137,0.0288,0,ok,0.000010,0.000010;0.000010;0.000011
A,8,61,1787806207.396668,"(4, 4, 1)",138,0.0288,0,ok,0.000010,0.000010;0.000010;0.000010
A,8,62,1787806207.428664,"(4, 1, 1)",130,0.0288,0,ok,0.000010,0.000010;0.000010;0.000010
A,8,63,1787806207.434640,"(32, 4, 1)",130,0.0288,0,ok,0.000010,0.000010;0.000010;0.000010
A,8,64,1787806207.547647,"(2, 16, 1)",165,0.0288,0,ok,0.000010,0.000010;0.000010;0.000010
A,8,65,1787806207.609341,"(2, 32, 1)",213,0.0288,0,ok,0.000010,0.000010;0.000010;0.000010
A,8,66,1787806207.666223,"(2, 32, 1)",224,0.0288,0,ok,0.000010,0.000010;0.000011;0.000010
A,8,67,1787806207.702960,"(2, 32, 1)",1334,0.0288,0,ok,0.000011,0.000011;0.000011;0.000011
A,8,68,1787806207.759388,"(2, 8, 1)",217,0.0288,0,ok,0.000010,0.000010;0.000011;0.000010
A,8,69,1787806207.846640,"(2, 32, 1)",365,0.0288,0,ok,0.000010,0.000011;0.000010;0.000011
A,8,70,1787806207.886025,"(32, 1, 1)",135,0.0288,0,ok,0.000010,0.000010;0.000010;0.000011
A,8,71,1787806207.925485,"(2, 8, 1)",143,0.0288,0,ok,0.000010,0.000011;0.000010;0.000011
A,8,72,1787806207.965645,"(2, 4, 1)",143,0.0288,0,ok,0.000010,0.000010;0.000010;0.000011
A,8,73,1787806208.006663,"(2, 2, 1)",142,0.0288,0,ok,0.000010,0.000010;0.000011;0.000011
A,8,74,1787806208.044386,"(32, 2, 1)",135,0.0288,0,ok,0.000010,0.000011;0.000010;0.000010
A,8,75,1787806208.121195,"(2, 16, 1)",141,0.0288,0,ok,0.000010,0.000010;0.000011;0.000010
A,9,1,1787806208.414737,"(64, 2, 8)",321,inf,0,ok,0.000593,0.000597;0.000593;0.000593
A,9,2,1787806208.522969,"(64, 8, 2)",373,inf,0,ok,0.000805,0.000805;0.000806;0.000805
A,9,3,1787806208.646365,"(128, 4, 2)",409,inf,0,ok,0.000803,0.000804;0.000803;0.000803
A,9,4,1787806208.656873,"(64, 2, 2)",910,inf,0,ok,0.001296,0.001296;0.001297;0.001296
A,9,5,1787806208.781911,"(64, 8, 2)",458,inf,0,ok,0.000806,0.000806;0.000807;0.000806
A,9,6,1787806208.803796,"(128, 2, 2)",579,inf,0,ok,0.000789,0.000792;0.000789;0.000789
A,9,7,1787806208.963261,"(32, 8, 2)",721,inf,0,ok,0.000788,0.000791;0.000789;0.000788
A,9,8,1787806209.067227,"(128, 8, 2)",370,inf,0,ok,0.001127,0.001128;0.001127;0.001145
A,9,9,1787806209.134462,"(128, 8, 2)",1542,inf,0,ok,0.001159,0.001167;0.001164;0.001159
A,9,10,1787806209.168391,"(128, 8, 2)",359,inf,0,ok,0.001003,0.001007;0.001003;0.001005
A,9,11,1787806209.235551,"(128, 8, 2)",374,inf,0,ok,0.001052,0.001052;0.001052;0.001074
A,9,12,1787806209.371840,"(128, 8, 2)",568,inf,0,ok,0.001132,0.001132;0.001136;0.001141
A,9,13,1787806209.498032,"(128, 8, 2)",470,inf,0,ok,0.000933,0.000933;0.000933;0.000934
A,9,14,1787806209.588956,"(64, 2, 8)",322,inf,0,ok,0.000592,0.000592;0.000593;0.000592
A,9,15,1787806209.669859,"(128, 8, 2)",1993,inf,0,ok,0.000946,0.000947;0.000948;0.000946
A,9,16,1787806209.686526,"(128, 4, 2)",336,inf,0,ok,0.000594,0.000594;0.000596;0.000594
A,9,17,1787806209.757796,"(64, 8, 2)",322,inf,0,ok,0.000596,0.000596;0.000597;0.000599
A,9,18,1787806209.778295,"(64, 8, 2)",332,inf,0,ok,0.000588,0.000592;0.000588;0.000589
A,9,19,1787806209.853529,"(128, 2, 2)",336,inf,0,ok,0.000341,0.000341;0.000341;0.000342
A,9,20,1787806209.872193,"(32, 8, 2)",332,inf,0,ok,0.000324,0.000324;0.000324;0.000324
A,9,21,1787806209.945655,"(64, 2, 2)",322,inf,0,ok,0.000447,0.000448;0.000447;0.000448
A,9,22,1787806209.967702,"(16, 8, 2)",332,inf,0,ok,0.000353,0.000353;0.000353;0.000353
A,9,23,1787806210.041259,"(8, 8, 2)",332,inf,0,ok,0.000309,0.000309;0.000309;0.000309
A,9,24,1787806210.068715,"(128, 8, 2)",345,inf,0,ok,0.000373,0.000377;0.000377;0.000373
A,9,25,1787806210.165042,"(128, 8, 2)",345,inf,0,ok,0.000554,0.000555;0.000554;0.000554
A,9,26,1787806210.193271,"(128, 8, 2)",345,inf,0,ok,0.000545,0.000545;0.000555;0.000555
A,9,27,1787806210.267635,"(128, 8, 2)",357,inf,0,ok,0.000402,0.000403;0.000402;0.000402
A,9,28,1787806210.296282,"(128, 8, 2)",359,inf,0,ok,0.000382,0.000383;0.000382;0.000383
A,9,29,1787806210.363284,"(128, 2, 8)",323,inf,0,ok,0.001064,0.001082;0.001064;0.001065
A,9,30,1787806210.454033,"(128, 8, 2)",323,inf,0,ok,0.001082,0.001082;0.001082;0.001082
A,9,31,1787806210.818898,"(4, 8, 64)",323,inf,0,ok,0.001069,0.001070;0.001069;0.001071
A,9,32,1787806210.909771,"(16, 64, 2)",319,inf,0,ok,0.001079,0.001079;0.001081;0.001081
A,9,33,1787806210.920477,"(512, 2, 2)",323,inf,0,ok,0.001075,0.001076;0.001075;0.001080
A,9,34,1787806210.999691,"(128, 8, 2)",319,inf,0,ok,0.001061,0.001061;0.001078;0.001077
A,9,35,1787806211.244610,"(4, 2, 8)",330,0.926112,0,ok,0.000287,0.000288;0.000287;0.000287
A,9,36,1787806211.349515,"(4, 2, 2)",919,0.926112,0,ok,0.001447,0.001447
A,9,37,1787806211.357584,"(4, 8, 2)",382,0.926112,0,ok,0.000385,0.000385;0.000385;0.000385
A,9,38,1787806211.520949,"(2, 8, 2)",764,0.926112,0,ok,0.000744,0.000745;0.000745;0.000744
A,9,39,1787806211.643043,"(8, 4, 2)",418,0.926112,0,ok,0.000383,0.000384;0.000384;0.000383
A,9,40,1787806211.775324,"(4, 8, 2)",480,0.926112,0,ok,0.000387,0.000388;0.000387;0.000388
A,9,41,1787806211.855596,"(8, 8, 2)",2388,0.926112,0,ok,0.001768,0.001768
A,9,42,1787806211.915685,"(8, 8, 2)",467,0.926112,0,ok,0.000399,0.000399;0.000400;0.000400
A,9,43,1787806212.000642,"(8, 2, 2)",588,0.926112,0,ok,0.000745,0.000745;0.000745;0.000745
A,9,44,1787806212.099477,"(8, 8, 2)",730,0.926112,0,ok,0.000750,0.000750;0.000751;0.000751
A,9,45,1787806212.204351,"(8, 8, 2)",379,0.926112,0,ok,0.000294,0.000294;0.000294;0.000294
A,9,46,1787806212.306581,"(8, 8, 2)",368,0.926112,0,ok,0.000251,0.000252;0.000252;0.000251
A,9,47,1787806212.331579,"(8, 8, 2)",1551,0.926112,0,ok,0.000251,0.000252;0.000251;0.000253
A,9,48,1787806212.411919,"(8, 8, 2)",383,0.926112,0,ok,0.000263,0.000263;0.000264;0.000263
A,9,49,1787806212.550763,"(8, 8, 2)",577,0.926112,0,ok,0.000240,0.000240;0.000240;0.000242
A,9,50,1787806212.679539,"(8, 8, 2)",479,0.926112,0,ok,0.000265,0.000265;0.000265;0.000265
A,9,51,1787806212.773434,"(4, 2, 8)",331,0.926112,0,ok,0.000284,0.000284;0.000284;0.000284
A,9,52,1787806212.837413,"(8, 8, 2)",2002,0.926112,0,ok,0.000204,0.000204;0.000204;0.000204
A,9,53,1787806212.869875,"(8, 4, 2)",345,0.926112,0,ok,0.000331,0.000331;0.000331;0.000332
A,9,54,1787806212.933413,"(4, 8, 2)",331,0.926112,0,ok,0.000330,0.000331;0.000331;0.000330
A,9,55,1787806213.030500,"(4, 8, 2)",341,0.926112,0,ok,0.000331,0.000331;0.000331;0.000332
A,9,56,1787806213.130068,"(2, 8, 2)",331,0.926112,0,ok,0.000368,0.000369;0.000368;0.000368
A,9,57,1787806213.225301,"(4, 2, 2)",331,0.926112,0,ok,0.000496,0.000500;0.000498;0.000496
A,9,58,1787806213.334701,"(8, 8, 2)",357,0.926112,0,ok,0.000115,0.000115;0.000116;0.000122
A,9,59,1787806213.342648,"(8, 2, 2)",345,0.926112,0,ok,0.000377,0.000377;0.000378;0.000378
A,9,60,1787806213.449672,"(8, 8, 2)",357,0.926112,0,ok,0.000179,0.000179;0.000179;0.000180
A,9,61,1787806213.486300,"(8, 8, 2)",357,0.926112,0,ok,0.000166,0.000166;0.000167;0.000167
A,9,62,1787806213.555122,"(8, 8, 2)",368,0.926112,0,ok,0.000124,0.000125;0.000124;0.000126
A,9,63,1787806213.592078,"(8, 8, 2)",371,0.926112,0,ok,0.000099,0.000099;0.000099;0.000099
A,9,64,1787806213.648149,"(8, 2, 8)",332,0.926112,0,ok,0.000309,0.000310;0.000310;0.000309
A,9,65,1787806213.683482,"(8, 8, 2)",332,0.926112,0,ok,0.000307,0.000307;0.000308;0.000308
A,9,66,1787806213.749160,"(4, 8, 4)",332,0.926112,0,ok,0.000311,0.000312;0.000312;0.000311
A,9,67,1787806213.842658,"(32, 2, 2)",332,0.926112,0,ok,0.000311,0.000311;0.000311;0.000311
A,9,68,1787806213.939222,"(8, 8, 2)",328,0.926112,0,ok,0.000311,0.000311;0.000312;0.000312
A,9,69,1787806214.044057,"(16, 2, 8)",330,0.926112,0,ok,0.000336,0.000338;0.000336;0.000338
A,9,70,1787806214.166123,"(16, 4, 2)",328,0.926112,0,ok,0.000310,0.000310;0.000310;0.000310
A,9,71,1787806214.241465,"(16, 2, 2)",919,0.926112,0,ok,0.001087,0.001087
A,9,72,1787806214.275246,"(16, 8, 2)",382,0.926112,0,ok,0.000444,0.000445;0.000444;0.000445
A,9,73,1787806214.514659,"(32, 4, 2)",418,0.926112,0,ok,0.000444,0.000444;0.000445;0.000444
A,9,74,1787806214.645657,"(16, 8, 2)",478,0.926112,0,ok,0.000447,0.000447;0.000447;0.000447
A,9,75,1787806214.719759,"(2, 8, 2)",2546,0.926112,0,ok,0.001869,0.001869
A,9,76,1787806214.784374,"(32, 8, 2)",467,0.926112,0,ok,0.000431,0.000431;0.000432;0.000432
A,9,77,1787806214.868296,"(32, 2, 2)",588,0.926112,0,ok,0.000636,0.000636;0.000636;0.000637
A,9,78,1787806214.965514,"(8, 8, 2)",774,0.926112,0,ok,0.000635,0.000636;0.000636;0.000635
A,9,79,1787806215.070875,"(32, 8, 2)",379,0.926112,0,ok,0.000318,0.000319;0.000318;0.000319
A,9,80,1787806215.172557,"(32, 8, 2)",368,0.926112,0,ok,0.000283,0.000283;0.000285;0.000283
A,9,81,1787806215.211658,"(32, 8, 2)",1551,0.926112,0,ok,0.000313,0.000313;0.000316;0.000318
A,9,82,1787806215.276710,"(32, 8, 2)",383,0.926112,0,ok,0.000296,0.000297;0.000296;0.000297
A,9,83,1787806215.414023,"(32, 8, 2)",577,0.926112,0,ok,0.000339,0.000339;0.000340;0.000341
A,9,84,1787806215.542357,"(32, 8, 2)",481,0.926112,0,ok,0.000276,0.000276;0.000276;0.000277
A,9,85,1787806215.634931,"(16, 2, 8)",331,0.926112,0,ok,0.000333,0.000334;0.000333;0.000333
A,9,86,1787806215.709666,"(32, 8, 2)",2002,0.926112,0,ok,0.000289,0.000290;0.000289;0.000289
A,9,87,1787806215.731256,"(32, 4, 2)",345,0.926112,0,ok,0.000359,0.000359;0.000359;0.000359
A,9,88,1787806215.799975,"(16, 8, 2)",331,0.926112,0,ok,0.000354,0.000354;0.000355;0.000355
A,9,89,1787806215.826572,"(16, 8, 2)",341,0.926112,0,ok,0.000354,0.000355;0.000355;0.000354
A,9,90,1787806215.896607,"(32, 2, 2)",345,0.926112,0,ok,0.000315,0.000315;0.000315;0.000315
A,9,91,1787806215.922096,"(8, 8, 2)",341,0.926112,0,ok,0.000311,0.000311;0.000311;0.000311
A,9,92,1787806215.994612,"(16, 2, 2)",331,0.926112,0,ok,0.000333,0.000333;0.000334;0.000333
A,9,93,1787806216.382583,"(4, 8, 2)",341,0.926112,0,ok,0.000331,0.000332;0.000332;0.000331
A,9,94,1787806216.478004,"(2, 8, 2)",331,0.926112,0,ok,0.000367,0.000368;0.000367;0.000368
A,9,95,1787806216.491648,"(32, 8, 2)",357,0.926112,0,ok,0.000150,0.000150;0.000152;0.000151
A,9,96,1787806216.592347,"(32, 8, 2)",357,0.926112,0,ok,0.000168,0.000168;0.000168;0.000168
A,9,97,1787806216.640462,"(32, 8, 2)",357,0.926112,0,ok,0.000169,0.000169;0.000169;0.000169
A,9,98,1787806216.699321,"(32, 8, 2)",368,0.926112,0,ok,0.000137,0.000138;0.000138;0.000137
A,9,99,1787806216.747195,"(32, 8, 2)",371,0.926112,0,ok,0.000135,0.000137;0.000135;0.000135
A,9,100,1787806216.793661,"(32, 2, 8)",332,0.926112,0,ok,0.000323,0.000323;0.000323;0.000324
A,9,101,1787806216.839315,"(32, 8, 2)",332,0.926112,0,ok,0.000324,0.000324;0.000324;0.000324
A,9,102,1787806216.887348,"(4, 8, 16)",332,0.926112,0,ok,0.000322,0.000323;0.000322;0.000322
A,9,103,1787806216.933780,"(128, 2, 2)",332,0.926112,0,ok,0.000322,0.000323;0.000322;0.000323
A,9,104,1787806216.982049,"(16, 16, 2)",328,0.926112,0,ok,0.000323,0.000323;0.000323;0.000323
A,9,105,1787806217.026843,"(32, 8, 2)",329,0.926112,0,ok,0.000322,0.000323;0.000322;0.000322
A,9,106,1787806217.286539,"(4, 2, 8)",371,0.29568,0,ok,0.000064,0.000064;0.000064;0.000064
A,9,107,1787806217.420829,"(4, 8, 2)",438,0.29568,0,ok,0.000105,0.000106;0.000106;0.000105
A,9,108,1787806217.437199,"(4, 2, 2)",1048,0.29568,0,ok,0.000799,0.000799
A,9,109,1787806217.626173,"(2, 8, 2)",842,0.29568,0,ok,0.000286,0.000286;0.000286;0.000288
A,9,110,1787806217.770861,"(8, 4, 2)",474,0.29568,0,ok,0.000104,0.000104;0.000105;0.000106
A,9,111,1787806217.927763,"(4, 8, 2)",536,0.29568,0,ok,0.000099,0.000099;0.000099;0.000099
A,9,112,1787806218.081537,"(8, 8, 2)",2588,0.29568,0,ok,0.000296,0.000296
A,9,113,1787806218.097505,"(8, 8, 2)",521,0.29568,0,ok,0.000112,0.000112;0.000112;0.000112
A,9,114,1787806218.270871,"(8, 2, 2)",666,0.29568,0,ok,0.000279,0.000279;0.000282;0.000280
A,9,115,1787806218.310674,"(8, 8, 2)",798,0.29568,0,ok,0.000160,0.000160;0.000160;0.000160
A,9,116,1787806218.433235,"(8, 8, 2)",440,0.29568,0,ok,0.000204,0.000206;0.000204;0.000206
A,9,117,1787806218.474734,"(8, 8, 2)",905,0.29568,0,ok,0.000224,0.000224;0.000227;0.000225
A,9,118,1787806218.547952,"(8, 8, 2)",418,0.29568,0,ok,0.000112,0.000113;0.000112;0.000113
A,9,119,1787806218.591388,"(8, 8, 2)",407,0.29568,0,ok,0.000089,0.000089;0.000089;0.000089
A,9,120,1787806218.709501,"(8, 8, 2)",422,0.29568,0,ok,0.000100,0.000100;0.000100;0.000100
A,9,121,1787806218.819469,"(4, 2, 8)",370,0.29568,0,ok,0.000096,0.000096;0.000096;0.000096
A,9,122,1787806218.935135,"(8, 4, 2)",387,0.29568,0,ok,0.000099,0.000099;0.000100;0.000099
A,9,123,1787806219.016593,"(8, 8, 2)",616,0.29568,0,ok,0.000172,0.000172;0.000172;0.000173
A,9,124,1787806219.042004,"(4, 8, 2)",373,0.29568,0,ok,0.000100,0.000101;0.000101;0.000100
A,9,125,1787806219.135625,"(4, 8, 2)",383,0.29568,0,ok,0.000096,0.000097;0.000097;0.000096
A,9,126,1787806219.251576,"(8, 2, 2)",387,0.29568,0,ok,0.000250,0.000250;0.000250;0.000250
A,9,127,1787806219.365976,"(4, 2, 2)",373,0.29568,0,ok,0.000654,0.000654
A,9,128,1787806219.477889,"(8, 8, 2)",378,0.29568,0,ok,0.000122,0.000122;0.000123;0.000122
A,9,129,1787806219.523411,"(2, 8, 2)",373,0.29568,0,ok,0.000254,0.000254;0.000254;0.000254
A,9,130,1787806219.585490,"(8, 8, 2)",378,0.29568,0,ok,0.000096,0.000096;0.000096;0.000096
A,9,131,1787806219.632647,"(8, 8, 2)",378,0.29568,0,ok,0.000096,0.000096;0.000096;0.000096
A,9,132,1787806219.692895,"(8, 2, 8)",371,0.29568,0,ok,0.000099,0.000099;0.000101;0.000099
A,9,133,1787806219.739364,"(8, 8, 2)",371,0.29568,0,ok,0.000102,0.000102;0.000102;0.000103
A,9,134,1787806219.799652,"(4, 8, 4)",371,0.29568,0,ok,0.000104,0.000104;0.000104;0.000104
A,9,135,1787806219.849028,"(32, 2, 2)",371,0.29568,0,ok,0.000101,0.000101;0.000102;0.000102
A,9,136,1787806219.905366,"(16, 4, 2)",367,0.29568,0,ok,0.000101,0.000101;0.000101;0.000101
A,9,137,1787806219.954349,"(8, 8, 2)",367,0.29568,0,ok,0.000101,0.000101;0.000101;0.000101
A,9,138,1787806220.005567,"(4, 2, 8)",357,0.29568,0,ok,0.000054,0.000054;0.000054;0.000054
A,9,139,1787806220.132850,"(4, 8, 2)",424,0.29568,0,ok,0.000150,0.000151;0.000150;0.000150
A,9,140,1787806220.215038,"(4, 2, 2)",1036,0.29568,0,ok,0.000904,0.000904
A,9,141,1787806220.334423,"(2, 8, 2)",828,0.29568,0,ok,0.000413,0.000413
A,9,142,1787806220.471118,"(8, 4, 2)",460,0.29568,0,ok,0.000151,0.000151;0.000151;0.000151
A,9,143,1787806220.618904,"(4, 8, 2)",522,0.29568,0,ok,0.000151,0.000152;0.000151;0.000154
A,9,144,1787806220.775338,"(8, 8, 2)",507,0.29568,0,ok,0.000145,0.000145;0.000146;0.000147
A,9,145,1787806220.866661,"(8, 8, 2)",2578,0.29568,0,ok,0.000203,0.000205;0.000203;0.000203
A,9,146,1787806220.948405,"(8, 2, 2)",652,0.29568,0,ok,0.000428,0.000428
A,9,147,1787806221.104489,"(8, 8, 2)",788,0.29568,0,ok,0.000195,0.000195;0.000195;0.000195
A,9,148,1787806221.219871,"(8, 8, 2)",404,0.29568,0,ok,0.000209,0.000210;0.000210;0.000209
A,9,149,1787806221.336161,"(8, 8, 2)",393,0.29568,0,ok,0.000121,0.000121;0.000122;0.000121
A,9,150,1787806221.449496,"(8, 8, 2)",408,0.29568,0,ok,0.000171,0.000171;0.000171;0.000171
A,9,151,1787806221.592756,"(8, 8, 2)",601,0.29568,0,ok,0.000215,0.000215;0.000215;0.000215
A,9,152,1787806221.726641,"(8, 8, 2)",504,0.29568,0,ok,0.000101,0.000102;0.000101;0.000103
A,9,153,1787806221.824611,"(4, 2, 8)",356,0.29568,0,ok,0.000095,0.000096;0.000096;0.000095
A,9,154,1787806221.895556,"(8, 8, 2)",2027,0.29568,0,ok,0.000068,0.000069;0.000068;0.000068
A,9,155,1787806221.931166,"(8, 4, 2)",373,0.29568,0,ok,0.000177,0.000177;0.000177;0.000177
A,9,156,1787806221.996930,"(4, 8, 2)",359,0.29568,0,ok,0.000156,0.000156;0.000156;0.000156
A,9,157,1787806222.035556,"(4, 8, 2)",369,0.29568,0,ok,0.000155,0.000156;0.000155;0.000155
A,9,158,1787806222.108950,"(8, 2, 2)",373,0.29568,0,ok,0.000338,0.000338
A,9,159,1787806222.210738,"(2, 8, 2)",358,0.29568,0,ok,0.000338,0.000338
A,9,160,1787806222.319443,"(8, 8, 2)",364,0.29568,0,ok,0.000101,0.000101;0.000101;0.000101
A,9,161,1787806222.426232,"(8, 8, 2)",364,0.29568,0,ok,0.000105,0.000105;0.000105;0.000105
A,9,162,1787806222.507417,"(8, 8, 2)",364,0.29568,0,ok,0.000103,0.000103;0.000103;0.000104
A,9,163,1787806222.527583,"(8, 2, 8)",357,0.29568,0,ok,0.000127,0.000134;0.000128;0.000127
A,9,164,1787806222.607451,"(8, 8, 2)",357,0.29568,0,ok,0.000123,0.000126;0.000123;0.000129
A,9,165,1787806222.627884,"(4, 8, 4)",357,0.29568,0,ok,0.000134,0.000134;0.000135;0.000135
A,9,166,1787806222.708539,"(32, 2, 2)",357,0.29568,0,ok,0.000118,0.000125;0.000118;0.000129
A,9,167,1787806222.727161,"(16, 4, 2)",353,0.29568,0,ok,0.000132,0.000133;0.000134;0.000132
A,9,168,1787806222.805807,"(8, 8, 2)",353,0.29568,0,ok,0.000132,0.000133;0.000132;0.000133
A,9,169,1787806223.084268,"(4, 8, 1)",430,0.16128,0,ok,0.000129,0.000130;0.000129;0.000130
A,9,170,1787806223.238246,"(4, 2, 1)",1078,0.16128,0,ok,0.000897,0.000897
A,9,171,1787806223.305163,"(2, 8, 1)",846,0.16128,0,ok,0.000424,0.000424
A,9,172,1787806223.448748,"(4, 2, 4)",465,0.16128,0,ok,0.000129,0.000129;0.000130;0.000129
A,9,173,1787806223.609724,"(2, 2, 8)",527,0.16128,0,ok,0.000131,0.000131;0.000131;0.000132
A,9,174,1787806223.777794,"(4, 2, 8)",506,0.16128,0,ok,0.000058,0.000058;0.000058;0.000058
A,9,175,1787806223.923426,"(4, 2, 8)",2589,0.16128,0,ok,0.000145,0.000145;0.000145;0.000145
A,9,176,1787806223.962333,"(4, 2, 2)",669,0.16128,0,ok,0.000409,0.000409
A,9,177,1787806224.149155,"(4, 2, 8)",785,0.16128,0,ok,0.000074,0.000074;0.000074;0.000074
A,9,178,1787806224.266650,"(4, 2, 8)",404,0.16128,0,ok,0.000059,0.000059;0.000060;0.000059
A,9,179,1787806224.313310,"(4, 2, 8)",1549,0.16128,0,ok,0.000159,0.000160;0.000159;0.000160
A,9,180,1787806224.383451,"(4, 2, 8)",393,0.16128,0,ok,0.000047,0.000048;0.000047;0.000047
A,9,181,1787806224.428766,"(4, 2, 8)",408,0.16128,0,ok,0.000053,0.000053;0.000054;0.000053
A,9,182,1787806224.537869,"(4, 2, 8)",601,0.16128,0,ok,0.000078,0.000079;0.000079;0.000078
A,9,183,1787806224.583262,"(4, 2, 8)",504,0.16128,0,ok,0.000049,0.000050;0.000049;0.000049
A,9,184,1787806224.690093,"(4, 2, 4)",373,0.16128,0,ok,0.000132,0.000132;0.000132;0.000132
A,9,185,1787806224.790631,"(4, 8, 1)",360,0.16128,0,ok,0.000128,0.000128;0.000129;0.000129
A,9,186,1787806224.895393,"(4, 2, 2)",373,0.16128,0,ok,0.000334,0.000334
A,9,187,1787806225.039663,"(2, 2, 8)",369,0.16128,0,ok,0.000132,0.000132;0.000132;0.000133
A,9,188,1787806225.146406,"(4, 2, 8)",364,0.16128,0,ok,0.000055,0.000056;0.000056;0.000055
A,9,189,1787806225.248613,"(4, 2, 8)",364,0.16128,0,ok,0.000055,0.000055;0.000055;0.000055
A,9,190,1787806225.352151,"(4, 2, 8)",364,0.16128,0,ok,0.000056,0.000056;0.000056;0.000056
A,9,191,1787806225.360025,"(2, 8, 1)",359,0.16128,0,ok,0.000337,0.000337
A,9,192,1787806225.450685,"(4, 8, 2)",357,0.16128,0,ok,0.000053,0.000054;0.000053;0.000054
A,9,193,1787806225.458629,"(8, 2, 4)",357,0.16128,0,ok,0.000053,0.000054;0.000054;0.000053
A,9,194,1787806225.549312,"(2, 4, 8)",357,0.16128,0,ok,0.000053,0.000053;0.000054;0.000054
A,9,195,1787806225.694381,"(4, 8, 1)",444,0.16128,0,ok,0.000121,0.000121;0.000121;0.000121
A,9,196,1787806225.736299,"(4, 2, 1)",1090,0.16128,0,ok,0.000821,0.000821
A,9,197,1787806225.917107,"(2, 8, 1)",860,0.16128,0,ok,0.000324,0.000324
A,9,198,1787806226.067925,"(4, 2, 4)",479,0.16128,0,ok,0.000113,0.000113;0.000113;0.000113
A,9,199,1787806226.233025,"(2, 2, 8)",541,0.16128,0,ok,0.000102,0.000102;0.000103;0.000103
A,9,200,1787806226.407628,"(4, 2, 8)",520,0.16128,0,ok,0.000072,0.000072;0.000074;0.000074
A,9,201,1787806226.420181,"(4, 2, 8)",2599,0.16128,0,ok,0.000240,0.000240
A,9,202,1787806226.592694,"(4, 2, 2)",683,0.16128,0,ok,0.000413,0.000413
A,9,203,1787806226.646066,"(4, 2, 8)",795,0.16128,0,ok,0.000130,0.000130;0.000131;0.000131
A,9,204,1787806226.773735,"(4, 2, 8)",440,0.16128,0,ok,0.000066,0.000066;0.000067;0.000067
A,9,205,1787806226.808963,"(4, 2, 8)",903,0.16128,0,ok,0.000184,0.000184
A,9,206,1787806226.896423,"(4, 2, 8)",418,0.16128,0,ok,0.000064,0.000064;0.000064;0.000064
A,9,207,1787806226.928595,"(4, 2, 8)",407,0.16128,0,ok,0.000054,0.000054;0.000054;0.000054
A,9,208,1787806227.017295,"(4, 2, 8)",422,0.16128,0,ok,0.000060,0.000061;0.000061;0.000060
A,9,209,1787806227.089141,"(4, 2, 8)",616,0.16128,0,ok,0.000125,0.000125;0.000125;0.000125
A,9,210,1787806227.128306,"(4, 2, 4)",387,0.16128,0,ok,0.000098,0.000098;0.000098;0.000098
A,9,211,1787806227.196574,"(4, 8, 1)",374,0.16128,0,ok,0.000100,0.000100;0.000101;0.000101
A,9,212,1787806227.242066,"(2, 2, 8)",383,0.16128,0,ok,0.000097,0.000097;0.000097;0.000097
A,9,213,1787806227.356499,"(4, 2, 2)",387,0.16128,0,ok,0.000249,0.000249
A,9,214,1787806227.467539,"(4, 2, 1)",374,0.16128,0,ok,0.000651,0.000651
A,9,215,1787806227.571752,"(4, 2, 8)",378,0.16128,0,ok,0.000053,0.000053;0.000053;0.000054
A,9,216,1787806227.678779,"(4, 2, 8)",378,0.16128,0,ok,0.000054,0.000054;0.000054;0.000054
A,9,217,1787806227.686408,"(2, 8, 1)",374,0.16128,0,ok,0.000254,0.000254
A,9,218,1787806227.783212,"(4, 2, 8)",378,0.16128,0,ok,0.000054,0.000055;0.000054;0.000055
A,9,219,1787806227.790985,"(4, 8, 2)",371,0.16128,0,ok,0.000063,0.000063;0.000064;0.000064
A,9,220,1787806227.887345,"(8, 2, 4)",371,0.16128,0,ok,0.000064,0.000065;0.000064;0.000065
A,9,221,1787806227.895469,"(2, 4, 8)",371,0.16128,0,ok,0.000064,0.000064;0.000064;0.000064
A,9,222,1787806228.377483,"(4, 8, 1)",486,0.14064000000000002,0,ok,0.000097,0.000098;0.000097;0.000098
A,9,223,1787806228.410867,"(4, 2, 1)",1254,0.14064000000000002,0,ok,0.000555,0.000555
A,9,224,1787806228.632334,"(2, 8, 1)",942,0.14064000000000002,0,ok,0.000280,0.000280
A,9,225,1787806228.795799,"(4, 2, 4)",521,0.14064000000000002,0,ok,0.000104,0.000104;0.000104;0.000104
A,9,226,1787806228.977432,"(2, 2, 8)",583,0.14064000000000002,0,ok,0.000104,0.000104;0.000105;0.000104
A,9,227,1787806229.167933,"(4, 2, 8)",562,0.14064000000000002,0,ok,0.000049,0.000049;0.000049;0.000049
A,9,228,1787806229.240562,"(4, 2, 8)",2925,0.14064000000000002,0,ok,0.000116,0.000116;0.000116;0.000116
A,9,229,1787806229.384191,"(4, 2, 2)",765,0.14064000000000002,0,ok,0.000272,0.000272
A,9,230,1787806229.502684,"(4, 2, 8)",881,0.14064000000000002,0,ok,0.000058,0.000058;0.000058;0.000058
A,9,231,1787806229.642849,"(4, 2, 8)",495,0.14064000000000002,0,ok,0.000047,0.000048;0.000048;0.000047
A,9,232,1787806229.778878,"(4, 2, 8)",490,0.14064000000000002,0,ok,0.000045,0.000045;0.000045;0.000045
A,9,233,1787806229.975716,"(4, 2, 8)",2432,0.14064000000000002,0,ok,0.000129,0.000129;0.000129;0.000129
A,9,234,1787806229.994503,"(4, 2, 8)",808,0.14064000000000002,0,ok,0.000062,0.000062;0.000062;0.000062
A,9,235,1787806230.109344,"(4, 2, 4)",409,0.14064000000000002,0,ok,0.000110,0.000110;0.000110;0.000110
A,9,236,1787806230.167677,"(4, 2, 8)",679,0.14064000000000002,0,ok,0.000037,0.000037;0.000037;0.000037
A,9,237,1787806230.226323,"(4, 8, 1)",396,0.14064000000000002,0,ok,0.000111,0.000111;0.000111;0.000111
A,9,238,1787806230.288367,"(2, 2, 8)",405,0.14064000000000002,0,ok,0.000110,0.000111;0.000110;0.000110
A,9,239,1787806230.347077,"(4, 2, 2)",409,0.14064000000000002,0,ok,0.000287,0.000287
A,9,240,1787806230.406513,"(2, 8, 1)",395,0.14064000000000002,0,ok,0.000286,0.000286
A,9,241,1787806230.478297,"(4, 2, 8)",400,0.14064000000000002,0,ok,0.000050,0.000050;0.000050;0.000050
A,9,242,1787806230.528041,"(4, 2, 8)",400,0.14064000000000002,0,ok,0.000049,0.000050;0.000050;0.000049
A,9,243,1787806230.608646,"(4, 2, 8)",404,0.14064000000000002,0,ok,0.000056,0.000056;0.000057;0.000057
A,9,244,1787806230.644626,"(4, 8, 2)",393,0.14064000000000002,0,ok,0.000047,0.000047;0.000047;0.000047
A,9,245,1787806230.725163,"(8, 2, 4)",393,0.14064000000000002,0,ok,0.000047,0.000047;0.000047;0.000048
A,9,246,1787806230.762190,"(2, 4, 8)",393,0.14064000000000002,0,ok,0.000047,0.000047;0.000047;0.000047
A,9,247,1787806230.953330,"(4, 8, 1)",646,0.14064000000000002,0,ok,0.000099,0.000099;0.000099;0.000099
A,9,248,1787806231.207355,"(4, 2, 1)",1708,0.14064000000000002,0,ok,0.000424,0.000424
A,9,249,1787806231.276030,"(2, 8, 1)",1196,0.14064000000000002,0,ok,0.000214,0.000214
A,9,250,1787806231.715932,"(4, 2, 4)",681,0.14064000000000002,0,ok,0.000097,0.000097;0.000097;0.000097
A,9,251,1787806231.934098,"(2, 2, 8)",743,0.14064000000000002,0,ok,0.000099,0.000099;0.000099;0.000099
A,9,252,1787806232.161181,"(4, 2, 8)",722,0.14064000000000002,0,ok,0.000054,0.000054;0.000054;0.000055
A,9,253,1787806232.455126,"(4, 2, 2)",1023,0.14064000000000002,0,ok,0.000213,0.000213
A,9,254,1787806232.800539,"(4, 2, 8)",1130,0.14064000000000002,0,ok,0.000059,0.000059;0.000060;0.000059
A,9,255,1787806233.002637,"(4, 2, 8)",722,0.14064000000000002,0,ok,0.000048,0.000049;0.000049;0.000048
A,9,256,1787806233.328461,"(4, 2, 8)",705,0.14064000000000002,0,ok,0.000043,0.000043;0.000043;0.000043
A,9,257,1787806233.841723,"(4, 2, 8)",2029,0.14064000000000002,0,ok,0.000038,0.000038;0.000039;0.000039
A,9,258,1787806234.165186,"(4, 2, 8)",1157,0.14064000000000002,0,ok,0.000047,0.000047;0.000047;0.000047
A,9,259,1787806234.176938,"(4, 2, 8)",1253,0.14064000000000002,0,ok,0.000069,0.000069;0.000070;0.000070
A,9,260,1787806234.308407,"(4, 2, 4)",520,0.14064000000000002,0,ok,0.000117,0.000117;0.000117;0.000117
A,9,261,1787806234.316734,"(4, 8, 1)",507,0.14064000000000002,0,ok,0.000117,0.000117;0.000118;0.000118
A,9,262,1787806234.450077,"(2, 2, 8)",516,0.14064000000000002,0,ok,0.000117,0.000117;0.000118;0.000117
A,9,263,1787806234.458711,"(4, 2, 2)",520,0.14064000000000002,0,ok,0.000263,0.000263
A,9,264,1787806234.588618,"(2, 8, 1)",506,0.14064000000000002,0,ok,0.000269,0.000269
A,9,265,1787806234.596379,"(4, 2, 8)",511,0.14064000000000002,0,ok,0.000051,0.000051;0.000051;0.000051
A,9,266,1787806234.730951,"(4, 2, 8)",511,0.14064000000000002,0,ok,0.000051,0.000052;0.000051;0.000051
A,9,267,1787806234.739137,"(4, 2, 8)",511,0.14064000000000002,0,ok,0.000051,0.000051;0.000051;0.000051
A,9,268,1787806234.868028,"(4, 8, 2)",504,0.14064000000000002,0,ok,0.000049,0.000049;0.000050;0.000049
A,9,269,1787806234.876852,"(8, 2, 4)",504,0.14064000000000002,0,ok,0.000049,0.000049;0.000049;0.000049
A,9,270,1787806235.004865,"(2, 4, 8)",504,0.14064000000000002,0,ok,0.000049,0.000049;0.000049;0.000049
A,9,271,1787806235.415799,"(4, 8, 1)",880,0.111744,0,ok,0.000065,0.000065;0.000065;0.000066
A,9,272,1787806235.855921,"(4, 2, 1)",2296,0.111744,0,ok,0.000212,0.000212
A,9,273,1787806235.872318,"(2, 8, 1)",1548,0.111744,0,ok,0.000115,0.000115
A,9,274,1787806236.423369,"(4, 2, 4)",915,0.111744,0,ok,0.000064,0.000064;0.000064;0.000064
A,9,275,1787806236.710762,"(2, 2, 8)",977,0.111744,0,ok,0.000065,0.000065;0.000065;0.000065
A,9,276,1787806237.005514,"(4, 2, 8)",948,0.111744,0,ok,0.000039,0.000040;0.000040;0.000039
A,9,277,1787806237.420195,"(4, 2, 2)",1375,0.111744,0,ok,0.000116,0.000116
A,9,278,1787806237.846157,"(4, 2, 8)",1458,0.111744,0,ok,0.000053,0.000054;0.000053;0.000053
A,9,279,1787806238.142400,"(4, 2, 8)",1091,0.111744,0,ok,0.000038,0.000039;0.000039;0.000038
A,9,280,1787806238.421112,"(4, 2, 8)",1065,0.111744,0,ok,0.000035,0.000035;0.000035;0.000035
A,9,281,1787806239.935550,"(4, 2, 8)",2016,0.111744,0,ok,0.000051,0.000052;0.000051;0.000052
A,9,282,1787806240.143491,"(4, 2, 4)",695,0.111744,0,ok,0.000074,0.000074;0.000074;0.000074
A,9,283,1787806240.330210,"(4, 2, 8)",1899,0.111744,0,ok,0.000036,0.000036;0.000036;0.000036
A,9,284,1787806240.346285,"(4, 8, 1)",682,0.111744,0,ok,0.000081,0.000081;0.000081;0.000082
A,9,285,1787806240.518132,"(2, 2, 8)",691,0.111744,0,ok,0.000082,0.000082;0.000082;0.000082
A,9,286,1787806240.527328,"(4, 2, 2)",695,0.111744,0,ok,0.000167,0.000167
A,9,287,1787806240.711395,"(4, 2, 8)",686,0.111744,0,ok,0.000039,0.000039;0.000040;0.000040
A,9,288,1787806240.730504,"(2, 8, 1)",681,0.111744,0,ok,0.000174,0.000174
A,9,289,1787806240.903408,"(4, 2, 8)",686,0.111744,0,ok,0.000039,0.000039;0.000039;0.000039
A,9,290,1787806240.923550,"(4, 2, 8)",691,0.111744,0,ok,0.000046,0.000047;0.000046;0.000047
A,9,291,1787806241.101387,"(4, 8, 2)",679,0.111744,0,ok,0.000037,0.000037;0.000037;0.000037
A,9,292,1787806241.295622,"(8, 2, 4)",679,0.111744,0,ok,0.000037,0.000037;0.000037;0.000037
A,9,293,1787806241.546263,"(2, 4, 8)",679,0.111744,0,ok,0.000037,0.000037;0.000038;0.000038
A,9,294,1787806242.436851,"(4, 8, 1)",2822,0.111744,0,ok,0.000057,0.000057;0.000057;0.000058
A,9,295,1787806243.215965,"(4, 2, 4)",2855,0.111744,0,ok,0.000058,0.000058;0.000059;0.000058
A,9,296,1787806243.750361,"(2, 2, 8)",2911,0.111744,0,ok,0.000058,0.000059;0.000058;0.000058
A,9,297,1787806244.033005,"(4, 2, 8)",2898,0.111744,0,ok,0.000039,0.000039;0.000039;0.000039
A,9,298,1787806247.511052,"(4, 2, 4)",2043,0.111744,0,ok,0.000068,0.000068;0.000069;0.000068
A,9,299,1787806248.040653,"(4, 8, 1)",2032,0.111744,0,ok,0.000068,0.000069;0.000069;0.000068
A,9,300,1787806248.543131,"(2, 2, 8)",2041,0.111744,0,ok,0.000067,0.000067;0.000068;0.000068
A,9,301,1787806249.027422,"(4, 2, 2)",2043,0.111744,0,ok,0.000175,0.000175
A,9,302,1787806249.049263,"(2, 8, 1)",2031,0.111744,0,ok,0.000176,0.000176
A,9,303,1787806249.580063,"(4, 2, 8)",2036,0.111744,0,ok,0.000039,0.000040;0.000040;0.000039
A,9,304,1787806249.596818,"(4, 2, 8)",2036,0.111744,0,ok,0.000042,0.000042;0.000044;0.000042
A,9,305,1787806250.079728,"(4, 2, 8)",2036,0.111744,0,ok,0.000038,0.000039;0.000038;0.000038
A,9,306,1787806250.096146,"(4, 8, 2)",2029,0.111744,0,ok,0.000038,0.000038;0.000038;0.000038
A,9,307,1787806250.572577,"(2, 4, 8)",2029,0.111744,0,ok,0.000038,0.000038;0.000038;0.000038
A,9,308,1787806250.585604,"(8, 2, 4)",2029,0.111744,0,ok,0.000038,0.000039;0.000038;0.000038
A,9,309,1787806251.203502,"(4, 8, 1)",1404,0.10406400000000002,0,ok,0.000056,0.000056;0.000057;0.000056
A,9,310,1787806251.883074,"(2, 8, 1)",2334,0.10406400000000002,0,ok,0.000094,0.000094;0.000095;0.000095
A,9,311,1787806252.294562,"(4, 2, 4)",1439,0.10406400000000002,0,ok,0.000056,0.000056;0.000056;0.000056
A,9,312,1787806252.425998,"(2, 2, 8)",1501,0.10406400000000002,0,ok,0.000056,0.000056;0.000056;0.000056
A,9,313,1787806252.776301,"(4, 2, 8)",1472,0.10406400000000002,0,ok,0.000040,0.000040;0.000040;0.000040
A,9,314,1787806253.063846,"(4, 2, 2)",2173,0.10406400000000002,0,ok,0.000095,0.000095;0.000095;0.000095
A,9,315,1787806253.440837,"(4, 2, 8)",2258,0.10406400000000002,0,ok,0.000050,0.000050;0.000050;0.000050
A,9,316,1787806254.010178,"(4, 2, 8)",1884,0.10406400000000002,0,ok,0.000034,0.000034;0.000034;0.000034
A,9,317,1787806256.313108,"(4, 2, 4)",1081,0.10406400000000002,0,ok,0.000068,0.000068;0.000068;0.000068
A,9,318,1787806256.411386,"(4, 8, 1)",1068,0.10406400000000002,0,ok,0.000070,0.000070;0.000070;0.000071
A,9,319,1787806256.592390,"(2, 2, 8)",1077,0.10406400000000002,0,ok,0.000067,0.000067;0.000067;0.000067
A,9,320,1787806256.689650,"(4, 2, 2)",1081,0.10406400000000002,0,ok,0.000138,0.000138
A,9,321,1787806256.869496,"(2, 8, 1)",1067,0.10406400000000002,0,ok,0.000133,0.000133
A,9,322,1787806256.964571,"(4, 2, 8)",1072,0.10406400000000002,0,ok,0.000036,0.000036;0.000036;0.000036
A,9,323,1787806257.182327,"(4, 2, 8)",1077,0.10406400000000002,0,ok,0.000043,0.000044;0.000044;0.000043
A,9,324,1787806257.249447,"(4, 8, 2)",1065,0.10406400000000002,0,ok,0.000034,0.000034;0.000035;0.000035
A,9,325,1787806257.457424,"(8, 2, 4)",1065,0.10406400000000002,0,ok,0.000035,0.000035;0.000035;0.000035
A,9,326,1787806257.524459,"(2, 4, 8)",1065,0.10406400000000002,0,ok,0.000035,0.000035;0.000035;0.000035
A,9,327,1787806258.217174,"(4, 8, 1)",2532,0.10406400000000002,0,ok,0.000051,0.000051;0.000052;0.000051
A,9,328,1787806258.962091,"(4, 2, 4)",2565,0.10406400000000002,0,ok,0.000053,0.000053;0.000053;0.000053
A,9,329,1787806259.562734,"(2, 2, 8)",2629,0.10406400000000002,0,ok,0.000053,0.000053;0.000053;0.000053
A,9,330,1787806259.711157,"(4, 2, 8)",2600,0.10406400000000002,0,ok,0.000036,0.000036;0.000037;0.000036
A,9,331,1787806262.836910,"(4, 2, 4)",1913,0.10406400000000002,0,ok,0.000071,0.000071;0.000072;0.000073
A,9,332,1787806263.358143,"(4, 8, 1)",1902,0.10406400000000002,0,ok,0.000072,0.000072;0.000072;0.000072
A,9,333,1787806264.238273,"(2, 2, 8)",1911,0.10406400000000002,0,ok,0.000071,0.000071;0.000071;0.000071
A,9,334,1787806264.495937,"(4, 2, 2)",1913,0.10406400000000002,0,ok,0.000159,0.000159
A,9,335,1787806264.724955,"(2, 8, 1)",1901,0.10406400000000002,0,ok,0.000157,0.000157
A,9,336,1787806265.016206,"(4, 2, 8)",1906,0.10406400000000002,0,ok,0.000037,0.000037;0.000037;0.000037
A,9,337,1787806265.211645,"(4, 2, 8)",1906,0.10406400000000002,0,ok,0.000037,0.000037;0.000037;0.000037
A,9,338,1787806265.495314,"(4, 2, 8)",1906,0.10406400000000002,0,ok,0.000034,0.000034;0.000034;0.000034
A,9,339,1787806265.691889,"(4, 8, 2)",1899,0.10406400000000002,0,ok,0.000035,0.000035;0.000035;0.000035
A,9,340,1787806266.014593,"(8, 2, 4)",1899,0.10406400000000002,0,ok,0.000035,0.000035;0.000035;0.000035
A,9,341,1787806266.180464,"(2, 4, 8)",1899,0.10406400000000002,0,ok,0.000035,0.000035;0.000035;0.000035
A,9,342,1787806267.014032,"(4, 8, 1)",2539,0.10195199999999999,0,ok,0.000045,0.000046;0.000045;0.000046
A,9,343,1787806267.770319,"(4, 2, 4)",2572,0.10195199999999999,0,ok,0.000049,0.000049;0.000050;0.000049
A,9,344,1787806268.338846,"(2, 2, 8)",2636,0.10195199999999999,0,ok,0.000050,0.000050;0.000050;0.000050
A,9,345,1787806269.023437,"(4, 2, 8)",2607,0.10195199999999999,0,ok,0.000034,0.000034;0.000034;0.000034
A,9,346,1787806271.660136,"(4, 2, 4)",1917,0.10195199999999999,0,ok,0.000196,0.000196
A,9,347,1787806272.136865,"(4, 8, 1)",1906,0.10195199999999999,0,ok,0.000195,0.000195
A,9,348,1787806272.621508,"(2, 2, 8)",1914,0.10195199999999999,0,ok,0.000195,0.000195
A,9,349,1787806273.121439,"(4, 2, 8)",1909,0.10195199999999999,0,ok,0.000103,0.000103
A,9,350,1787806273.606875,"(4, 2, 8)",1908,0.10195199999999999,0,ok,0.000102,0.000102
A,9,351,1787806273.800744,"(4, 8, 2)",1906,0.10195199999999999,0,ok,0.000034,0.000035;0.000034;0.000034
A,9,352,1787806274.080287,"(8, 2, 4)",1906,0.10195199999999999,0,ok,0.000034,0.000034;0.000034;0.000034
A,9,353,1787806274.271059,"(2, 4, 8)",1906,0.10195199999999999,0,ok,0.000034,0.000034;0.000035;0.000035
A,9,354,1787806274.882548,"(4, 8, 1)",2519,0.10195199999999999,0,ok,0.000054,0.000055;0.000055;0.000054
A,9,355,1787806275.582048,"(4, 2, 4)",2554,0.10195199999999999,0,ok,0.000055,0.000055;0.000056;0.000055
A,9,356,1787806276.335098,"(2, 2, 8)",2610,0.10195199999999999,0,ok,0.000055,0.000055;0.000056;0.000055
A,9,357,1787806276.357178,"(4, 2, 8)",2587,0.10195199999999999,0,ok,0.000035,0.000036;0.000035;0.000036
A,9,358,1787806280.363949,"(4, 2, 4)",1900,0.10195199999999999,0,ok,0.000070,0.000070;0.000070;0.000071
A,9,359,1787806280.630034,"(4, 8, 1)",1887,0.10195199999999999,0,ok,0.000068,0.000068;0.000069;0.000070
A,9,360,1787806280.830403,"(2, 2, 8)",1896,0.10195199999999999,0,ok,0.000069,0.000070;0.000069;0.000070
A,9,361,1787806281.107026,"(4, 2, 2)",1900,0.10195199999999999,0,ok,0.000151,0.000151
A,9,362,1787806281.599987,"(2, 8, 1)",1886,0.10195199999999999,0,ok,0.000154,0.000154
A,9,363,1787806281.831671,"(4, 2, 8)",1896,0.10195199999999999,0,ok,0.000043,0.000043;0.000043;0.000045
A,9,364,1787806282.053881,"(4, 8, 2)",1884,0.10195199999999999,0,ok,0.000034,0.000034;0.000034;0.000034
A,9,365,1787806282.301723,"(8, 2, 4)",1884,0.10195199999999999,0,ok,0.000034,0.000035;0.000034;0.000035
A,9,366,1787806282.502790,"(2, 4, 8)",1884,0.10195199999999999,0,ok,0.000034,0.000034;0.000035;0.000034
A,9,367,1787806283.945339,"(4, 4, 2)",2572,0.10051199999999999,0,ok,0.000050,0.000050;0.000050;0.000050
A,9,368,1787806284.644027,"(2, 8, 2)",2636,0.10051199999999999,0,ok,0.000050,0.000050;0.000050;0.000050
A,9,369,1787806284.675003,"(4, 8, 2)",2607,0.10051199999999999,0,ok,0.000033,0.000033;0.000034;0.000034
A,9,370,1787806288.521051,"(4, 4, 2)",1917,0.10051199999999999,0,ok,0.000196,0.000196
A,9,371,1787806289.042945,"(2, 8, 2)",1914,0.10051199999999999,0,ok,0.000195,0.000195
A,9,372,1787806289.481670,"(4, 8, 2)",1909,0.10051199999999999,0,ok,0.000104,0.000104
A,9,373,1787806289.520112,"(4, 8, 2)",1908,0.10051199999999999,0,ok,0.000102,0.000102
A,9,374,1787806289.989650,"(2, 8, 4)",1906,0.10051199999999999,0,ok,0.000034,0.000034;0.000034;0.000034
A,9,375,1787806290.353155,"(8, 4, 2)",1906,0.10051199999999999,0,ok,0.000034,0.000034;0.000034;0.000034
A,9,376,1787806291.751966,"(4, 4, 2)",2554,0.10051199999999999,0,ok,0.000055,0.000056;0.000055;0.000056
A,9,377,1787806292.406371,"(2, 8, 2)",2610,0.10051199999999999,0,ok,0.000055,0.000055;0.000055;0.000056
A,9,378,1787806292.471178,"(4, 8, 2)",2587,0.10051199999999999,0,ok,0.000035,0.000035;0.000036;0.000036
A,9,379,1787806296.299256,"(4, 4, 2)",1900,0.10051199999999999,0,ok,0.000070,0.000070;0.000071;0.000070
A,9,380,1787806296.621371,"(2, 8, 2)",1896,0.10051199999999999,0,ok,0.000069,0.000069;0.000069;0.000070
A,9,381,1787806297.105959,"(4, 2, 2)",1900,0.10051199999999999,0,ok,0.000152,0.000152
A,9,382,1787806297.374745,"(8, 2, 1)",1886,0.10051199999999999,0,ok,0.000153,0.000153
A,9,383,1787806297.571849,"(4, 8, 2)",1896,0.10051199999999999,0,ok,0.000043,0.000043;0.000044;0.000044
A,9,384,1787806298.055150,"(2, 8, 4)",1884,0.10051199999999999,0,ok,0.000034,0.000035;0.000034;0.000034
A,9,385,1787806298.180726,"(8, 4, 2)",1884,0.10051199999999999,0,ok,0.000034,0.000034;0.000034;0.000034
A,9,386,1787806303.162780,"(4, 8, 1)",2610,0.100032,0,ok,0.000115,0.000115
A,9,387,1787806303.977360,"(4, 4, 2)",2622,0.100032,0,ok,0.000115,0.000115
A,9,388,1787806304.516584,"(2, 8, 2)",2619,0.100032,0,ok,0.000115,0.000115
A,9,389,1787806304.732545,"(4, 2, 2)",2624,0.100032,0,ok,0.000246,0.000246
A,9,390,1787806305.298067,"(8, 2, 1)",2612,0.100032,0,ok,0.000246,0.000246
A,9,391,1787806306.125683,"(4, 8, 2)",2614,0.100032,0,ok,0.000067,0.000068;0.000067;0.000067
A,9,392,1787806306.146285,"(4, 8, 2)",2614,0.100032,0,ok,0.000064,0.000064;0.000064;0.000064
A,9,393,1787806306.891254,"(2, 8, 4)",2607,0.100032,0,ok,0.000033,0.000033;0.000034;0.000034
A,9,394,1787806307.491654,"(8, 4, 2)",2607,0.100032,0,ok,0.000033,0.000035;0.000034;0.000033
A,9,395,1787806308.196395,"(8, 4, 1)",2539,0.100032,0,ok,0.000045,0.000045;0.000045;0.000045
A,9,396,1787806308.601566,"(2, 8, 2)",2636,0.100032,0,ok,0.000049,0.000049;0.000050;0.000050
A,9,397,1787806308.973355,"(2, 4, 4)",2572,0.100032,0,ok,0.000050,0.000050;0.000050;0.000050
A,9,398,1787806312.666127,"(2, 8, 2)",1914,0.100032,0,ok,0.000195,0.000195
A,9,399,1787806313.185748,"(2, 4, 4)",1917,0.100032,0,ok,0.000195,0.000195
A,9,400,1787806313.663744,"(8, 4, 1)",1906,0.100032,0,ok,0.000196,0.000196
A,9,401,1787806314.144946,"(2, 8, 4)",1909,0.100032,0,ok,0.000103,0.000103
A,9,402,1787806314.466531,"(2, 8, 4)",1908,0.100032,0,ok,0.000102,0.000102
A,10,1,1787806315.736940,"(UOp(Ops.ADD, dtypes.int, arg=None, src=(
  UOp(Ops.PARAM, dtypes.int, arg=ParamArg(3, dtypes.int, vmin_vmax=(0, 511), multiple_of=1, name='start_pos', addrspace=AddrSpace.ALU, device='NV'), src=(
    UOp(Ops.STACK, dtypes.void, arg=None, src=()),)),
  UOp(Ops.CONST, dtypes.weakint, arg=1, src=()),)), 16, 1)",125,inf,0,ok,0.000046,0.000047;0.000046;0.000047
A,10,2,1787806315.753202,"(UOp(Ops.ADD, dtypes.int, arg=None, src=(
  UOp(Ops.PARAM, dtypes.int, arg=ParamArg(3, dtypes.int, vmin_vmax=(0, 511), multiple_of=1, name='start_pos', addrspace=AddrSpace.ALU, device='NV'), src=(
    UOp(Ops.STACK, dtypes.void, arg=None, src=()),)),
  UOp(Ops.CONST, dtypes.weakint, arg=1, src=()),)), 8, 1)",211,inf,0,ok,0.000062,0.000062;0.000062;0.000063
A,10,3,1787806315.796331,"(UOp(Ops.ADD, dtypes.int, arg=None, src=(
  UOp(Ops.PARAM, dtypes.int, arg=ParamArg(3, dtypes.int, vmin_vmax=(0, 511), multiple_of=1, name='start_pos', addrspace=AddrSpace.ALU, device='NV'), src=(
    UOp(Ops.STACK, dtypes.void, arg=None, src=()),)),
  UOp(Ops.CONST, dtypes.weakint, arg=1, src=()),)), 16, 1)",92,inf,0,ok,0.000028,0.000029;0.000028;0.000028
A,10,4,1787806315.803779,"(UOp(Ops.ADD, dtypes.int, arg=None, src=(
  UOp(Ops.PARAM, dtypes.int, arg=ParamArg(3, dtypes.int, vmin_vmax=(0, 511), multiple_of=1, name='start_pos', addrspace=AddrSpace.ALU, device='NV'), src=(
    UOp(Ops.STACK, dtypes.void, arg=None, src=()),)),
  UOp(Ops.CONST, dtypes.weakint, arg=1, src=()),)), 32, 1)",150,inf,0,ok,0.000044,0.000044;0.000044;0.000044
A,10,5,1787806315.844615,"(UOp(Ops.ADD, dtypes.int, arg=None, src=(
  UOp(Ops.PARAM, dtypes.int, arg=ParamArg(3, dtypes.int, vmin_vmax=(0, 511), multiple_of=1, name='start_pos', addrspace=AddrSpace.ALU, device='NV'), src=(
    UOp(Ops.STACK, dtypes.void, arg=None, src=()),)),
  UOp(Ops.CONST, dtypes.weakint, arg=1, src=()),)), 8, 1)",94,inf,0,ok,0.000023,0.000023;0.000023;0.000023
A,10,6,1787806315.890786,"(UOp(Ops.ADD, dtypes.int, arg=None, src=(
  UOp(Ops.PARAM, dtypes.int, arg=ParamArg(3, dtypes.int, vmin_vmax=(0, 511), multiple_of=1, name='start_pos', addrspace=AddrSpace.ALU, device='NV'), src=(
    UOp(Ops.STACK, dtypes.void, arg=None, src=()),)),
  UOp(Ops.CONST, dtypes.weakint, arg=1, src=()),)), 4, 1)",98,inf,0,ok,0.000020,0.000020;0.000021;0.000020
A,10,7,1787806315.936978,"(UOp(Ops.ADD, dtypes.int, arg=None, src=(
  UOp(Ops.PARAM, dtypes.int, arg=ParamArg(3, dtypes.int, vmin_vmax=(0, 511), multiple_of=1, name='start_pos', addrspace=AddrSpace.ALU, device='NV'), src=(
    UOp(Ops.STACK, dtypes.void, arg=None, src=()),)),
  UOp(Ops.CONST, dtypes.weakint, arg=1, src=()),)), 2, 1)",94,inf,0,ok,0.000021,0.000021;0.000021;0.000021
A,10,8,1787806315.985951,"(UOp(Ops.ADD, dtypes.int, arg=None, src=(
  UOp(Ops.PARAM, dtypes.int, arg=ParamArg(3, dtypes.int, vmin_vmax=(0, 511), multiple_of=1, name='start_pos', addrspace=AddrSpace.ALU, device='NV'), src=(
    UOp(Ops.STACK, dtypes.void, arg=None, src=()),)),
  UOp(Ops.CONST, dtypes.weakint, arg=1, src=()),)), 32, 1)",118,inf,0,ok,0.000016,0.000016;0.000016;0.000016
A,10,9,1787806316.040099,"(UOp(Ops.ADD, dtypes.int, arg=None, src=(
  UOp(Ops.PARAM, dtypes.int, arg=ParamArg(3, dtypes.int, vmin_vmax=(0, 511), multiple_of=1, name='start_pos', addrspace=AddrSpace.ALU, device='NV'), src=(
    UOp(Ops.STACK, dtypes.void, arg=None, src=()),)),
  UOp(Ops.CONST, dtypes.weakint, arg=1, src=()),)), 32, 1)",116,inf,0,ok,0.000016,0.000016;0.000016;0.000016
A,10,10,1787806316.083457,"(UOp(Ops.ADD, dtypes.int, arg=None, src=(
  UOp(Ops.PARAM, dtypes.int, arg=ParamArg(3, dtypes.int, vmin_vmax=(0, 511), multiple_of=1, name='start_pos', addrspace=AddrSpace.ALU, device='NV'), src=(
    UOp(Ops.STACK, dtypes.void, arg=None, src=()),)),
  UOp(Ops.CONST, dtypes.weakint, arg=1, src=()),)), 32, 1)",116,inf,0,ok,0.000016,0.000017;0.000016;0.000017
A,10,11,1787806316.130836,"(UOp(Ops.ADD, dtypes.int, arg=None, src=(
  UOp(Ops.PARAM, dtypes.int, arg=ParamArg(3, dtypes.int, vmin_vmax=(0, 511), multiple_of=1, name='start_pos', addrspace=AddrSpace.ALU, device='NV'), src=(
    UOp(Ops.STACK, dtypes.void, arg=None, src=()),)),
  UOp(Ops.CONST, dtypes.weakint, arg=1, src=()),)), 32, 1)",94,inf,0,ok,0.000018,0.000019;0.000018;0.000018
A,10,12,1787806316.205065,"(UOp(Ops.ADD, dtypes.int, arg=None, src=(
  UOp(Ops.PARAM, dtypes.int, arg=ParamArg(3, dtypes.int, vmin_vmax=(0, 511), multiple_of=1, name='start_pos', addrspace=AddrSpace.ALU, device='NV'), src=(
    UOp(Ops.STACK, dtypes.void, arg=None, src=()),)),
  UOp(Ops.CONST, dtypes.weakint, arg=1, src=()),)), 32, 1)",118,inf,0,ok,0.000016,0.000017;0.000017;0.000016
A,10,13,1787806316.251338,"(UOp(Ops.ADD, dtypes.int, arg=None, src=(
  UOp(Ops.PARAM, dtypes.int, arg=ParamArg(3, dtypes.int, vmin_vmax=(0, 511), multiple_of=1, name='start_pos', addrspace=AddrSpace.ALU, device='NV'), src=(
    UOp(Ops.STACK, dtypes.void, arg=None, src=()),)),
  UOp(Ops.CONST, dtypes.weakint, arg=1, src=()),)), 32, 1)",118,inf,0,ok,0.000016,0.000017;0.000016;0.000016
A,10,14,1787806316.291482,"(UOp(Ops.ADD, dtypes.int, arg=None, src=(
  UOp(Ops.PARAM, dtypes.int, arg=ParamArg(3, dtypes.int, vmin_vmax=(0, 511), multiple_of=1, name='start_pos', addrspace=AddrSpace.ALU, device='NV'), src=(
    UOp(Ops.STACK, dtypes.void, arg=None, src=()),)),
  UOp(Ops.CONST, dtypes.weakint, arg=1, src=()),)), 1, 1)",83,inf,0,ok,0.000023,0.000023;0.000023;0.000023
A,10,15,1787806316.333333,"(32, UOp(Ops.ADD, dtypes.int, arg=None, src=(
  UOp(Ops.PARAM, dtypes.int, arg=ParamArg(3, dtypes.int, vmin_vmax=(0, 511), multiple_of=1, name='start_pos', addrspace=AddrSpace.ALU, device='NV'), src=(
    UOp(Ops.STACK, dtypes.void, arg=None, src=()),)),
  UOp(Ops.CONST, dtypes.weakint, arg=1, src=()),)), 1)",90,inf,0,ok,0.000044,0.000044;0.000044;0.000045
A,10,16,1787806316.455074,"(UOp(Ops.ADD, dtypes.int, arg=None, src=(
  UOp(Ops.PARAM, dtypes.int, arg=ParamArg(3, dtypes.int, vmin_vmax=(0, 511), multiple_of=1, name='start_pos', addrspace=AddrSpace.ALU, device='NV'), src=(
    UOp(Ops.STACK, dtypes.void, arg=None, src=()),)),
  UOp(Ops.CONST, dtypes.weakint, arg=1, src=()),)), 32, 1)",116,inf,0,ok,0.000021,0.000022;0.000022;0.000021
A,10,17,1787806316.581309,"(UOp(Ops.ADD, dtypes.int, arg=None, src=(
  UOp(Ops.PARAM, dtypes.int, arg=ParamArg(3, dtypes.int, vmin_vmax=(0, 511), multiple_of=1, name='start_pos', addrspace=AddrSpace.ALU, device='NV'), src=(
    UOp(Ops.STACK, dtypes.void, arg=None, src=()),)),
  UOp(Ops.CONST, dtypes.weakint, arg=1, src=()),)), 16, 1)",182,0.046560000000000004,0,ok,0.000014,0.000014;0.000014;0.000014
A,10,18,1787806316.827603,"(UOp(Ops.ADD, dtypes.int, arg=None, src=(
  UOp(Ops.PARAM, dtypes.int, arg=ParamArg(3, dtypes.int, vmin_vmax=(0, 511), multiple_of=1, name='start_pos', addrspace=AddrSpace.ALU, device='NV'), src=(
    UOp(Ops.STACK, dtypes.void, arg=None, src=()),)),
  UOp(Ops.CONST, dtypes.weakint, arg=1, src=()),)), 32, 1)",699,0.046560000000000004,0,ok,0.000042,0.000042;0.000043;0.000043
A,10,19,1787806316.844528,"(UOp(Ops.ADD, dtypes.int, arg=None, src=(
  UOp(Ops.PARAM, dtypes.int, arg=ParamArg(3, dtypes.int, vmin_vmax=(0, 511), multiple_of=1, name='start_pos', addrspace=AddrSpace.ALU, device='NV'), src=(
    UOp(Ops.STACK, dtypes.void, arg=None, src=()),)),
  UOp(Ops.CONST, dtypes.weakint, arg=1, src=()),)), 8, 1)",291,0.046560000000000004,0,ok,0.000013,0.000014;0.000013;0.000014
A,10,20,1787806316.882471,"(UOp(Ops.ADD, dtypes.int, arg=None, src=(
  UOp(Ops.PARAM, dtypes.int, arg=ParamArg(3, dtypes.int, vmin_vmax=(0, 511), multiple_of=1, name='start_pos', addrspace=AddrSpace.ALU, device='NV'), src=(
    UOp(Ops.STACK, dtypes.void, arg=None, src=()),)),
  UOp(Ops.CONST, dtypes.weakint, arg=1, src=()),)), 32, 1)",161,0.046560000000000004,0,ok,0.000016,0.000016;0.000016;0.000016
A,10,21,1787806316.920411,"(UOp(Ops.ADD, dtypes.int, arg=None, src=(
  UOp(Ops.PARAM, dtypes.int, arg=ParamArg(3, dtypes.int, vmin_vmax=(0, 511), multiple_of=1, name='start_pos', addrspace=AddrSpace.ALU, device='NV'), src=(
    UOp(Ops.STACK, dtypes.void, arg=None, src=()),)),
  UOp(Ops.CONST, dtypes.weakint, arg=1, src=()),)), 32, 1)",183,0.046560000000000004,0,ok,0.000018,0.000018;0.000018;0.000018
A,10,22,1787806316.931699,"(UOp(Ops.ADD, dtypes.int, arg=None, src=(
  UOp(Ops.PARAM, dtypes.int, arg=ParamArg(3, dtypes.int, vmin_vmax=(0, 511), multiple_of=1, name='start_pos', addrspace=AddrSpace.ALU, device='NV'), src=(
    UOp(Ops.STACK, dtypes.void, arg=None, src=()),)),
  UOp(Ops.CONST, dtypes.weakint, arg=1, src=()),)), 16, 1)",132,0.046560000000000004,0,ok,0.000014,0.000014;0.000014;0.000014
A,10,23,1787806316.970052,"(UOp(Ops.ADD, dtypes.int, arg=None, src=(
  UOp(Ops.PARAM, dtypes.int, arg=ParamArg(3, dtypes.int, vmin_vmax=(0, 511), multiple_of=1, name='start_pos', addrspace=AddrSpace.ALU, device='NV'), src=(
    UOp(Ops.STACK, dtypes.void, arg=None, src=()),)),
  UOp(Ops.CONST, dtypes.weakint, arg=1, src=()),)), 8, 1)",130,0.046560000000000004,0,ok,0.000013,0.000013;0.000014;0.000013
A,10,24,1787806316.984753,"(UOp(Ops.ADD, dtypes.int, arg=None, src=(
  UOp(Ops.PARAM, dtypes.int, arg=ParamArg(3, dtypes.int, vmin_vmax=(0, 511), multiple_of=1, name='start_pos', addrspace=AddrSpace.ALU, device='NV'), src=(
    UOp(Ops.STACK, dtypes.void, arg=None, src=()),)),
  UOp(Ops.CONST, dtypes.weakint, arg=1, src=()),)), 4, 1)",136,0.046560000000000004,0,ok,0.000013,0.000013;0.000013;0.000014
A,10,25,1787806317.021880,"(UOp(Ops.ADD, dtypes.int, arg=None, src=(
  UOp(Ops.PARAM, dtypes.int, arg=ParamArg(3, dtypes.int, vmin_vmax=(0, 511), multiple_of=1, name='start_pos', addrspace=AddrSpace.ALU, device='NV'), src=(
    UOp(Ops.STACK, dtypes.void, arg=None, src=()),)),
  UOp(Ops.CONST, dtypes.weakint, arg=1, src=()),)), 2, 1)",132,0.046560000000000004,0,ok,0.000014,0.000014;0.000014;0.000014
A,10,26,1787806317.036501,"(UOp(Ops.ADD, dtypes.int, arg=None, src=(
  UOp(Ops.PARAM, dtypes.int, arg=ParamArg(3, dtypes.int, vmin_vmax=(0, 511), multiple_of=1, name='start_pos', addrspace=AddrSpace.ALU, device='NV'), src=(
    UOp(Ops.STACK, dtypes.void, arg=None, src=()),)),
  UOp(Ops.CONST, dtypes.weakint, arg=1, src=()),)), 32, 1)",110,0.046560000000000004,0,ok,0.000018,0.000019;0.000018;0.000019
A,10,27,1787806317.070851,"(UOp(Ops.ADD, dtypes.int, arg=None, src=(
  UOp(Ops.PARAM, dtypes.int, arg=ParamArg(3, dtypes.int, vmin_vmax=(0, 511), multiple_of=1, name='start_pos', addrspace=AddrSpace.ALU, device='NV'), src=(
    UOp(Ops.STACK, dtypes.void, arg=None, src=()),)),
  UOp(Ops.CONST, dtypes.weakint, arg=1, src=()),)), 1, 1)",121,0.046560000000000004,0,ok,0.000016,0.000016;0.000016;0.000016
A,10,28,1787806317.083856,"(32, UOp(Ops.ADD, dtypes.int, arg=None, src=(
  UOp(Ops.PARAM, dtypes.int, arg=ParamArg(3, dtypes.int, vmin_vmax=(0, 511), multiple_of=1, name='start_pos', addrspace=AddrSpace.ALU, device='NV'), src=(
    UOp(Ops.STACK, dtypes.void, arg=None, src=()),)),
  UOp(Ops.CONST, dtypes.weakint, arg=1, src=()),)), 1)",123,0.046560000000000004,0,ok,0.000016,0.000016;0.000016;0.000016
A,10,29,1787806317.147683,"(UOp(Ops.ADD, dtypes.int, arg=None, src=(
  UOp(Ops.PARAM, dtypes.int, arg=ParamArg(3, dtypes.int, vmin_vmax=(0, 511), multiple_of=1, name='start_pos', addrspace=AddrSpace.ALU, device='NV'), src=(
    UOp(Ops.STACK, dtypes.void, arg=None, src=()),)),
  UOp(Ops.CONST, dtypes.weakint, arg=1, src=()),)), 16, 1)",180,0.046560000000000004,0,ok,0.000014,0.000014;0.000015;0.000015
A,10,30,1787806317.186319,"(UOp(Ops.ADD, dtypes.int, arg=None, src=(
  UOp(Ops.PARAM, dtypes.int, arg=ParamArg(3, dtypes.int, vmin_vmax=(0, 511), multiple_of=1, name='start_pos', addrspace=AddrSpace.ALU, device='NV'), src=(
    UOp(Ops.STACK, dtypes.void, arg=None, src=()),)),
  UOp(Ops.CONST, dtypes.weakint, arg=1, src=()),)), 8, 1)",290,0.046560000000000004,0,ok,0.000014,0.000014;0.000015;0.000015
A,10,31,1787806317.268592,"(UOp(Ops.ADD, dtypes.int, arg=None, src=(
  UOp(Ops.PARAM, dtypes.int, arg=ParamArg(3, dtypes.int, vmin_vmax=(0, 511), multiple_of=1, name='start_pos', addrspace=AddrSpace.ALU, device='NV'), src=(
    UOp(Ops.STACK, dtypes.void, arg=None, src=()),)),
  UOp(Ops.CONST, dtypes.weakint, arg=1, src=()),)), 32, 1)",242,0.046560000000000004,0,ok,0.000016,0.000016;0.000016;0.000016
A,10,32,1787806317.279136,"(UOp(Ops.ADD, dtypes.int, arg=None, src=(
  UOp(Ops.PARAM, dtypes.int, arg=ParamArg(3, dtypes.int, vmin_vmax=(0, 511), multiple_of=1, name='start_pos', addrspace=AddrSpace.ALU, device='NV'), src=(
    UOp(Ops.STACK, dtypes.void, arg=None, src=()),)),
  UOp(Ops.CONST, dtypes.weakint, arg=1, src=()),)), 32, 1)",379,0.046560000000000004,0,ok,0.000042,0.000042;0.000043;0.000042
A,10,33,1787806317.340636,"(UOp(Ops.ADD, dtypes.int, arg=None, src=(
  UOp(Ops.PARAM, dtypes.int, arg=ParamArg(3, dtypes.int, vmin_vmax=(0, 511), multiple_of=1, name='start_pos', addrspace=AddrSpace.ALU, device='NV'), src=(
    UOp(Ops.STACK, dtypes.void, arg=None, src=()),)),
  UOp(Ops.CONST, dtypes.weakint, arg=1, src=()),)), 32, 1)",183,0.046560000000000004,0,ok,0.000022,0.000022;0.000023;0.000023
A,10,34,1787806317.349229,"(UOp(Ops.ADD, dtypes.int, arg=None, src=(
  UOp(Ops.PARAM, dtypes.int, arg=ParamArg(3, dtypes.int, vmin_vmax=(0, 511), multiple_of=1, name='start_pos', addrspace=AddrSpace.ALU, device='NV'), src=(
    UOp(Ops.STACK, dtypes.void, arg=None, src=()),)),
  UOp(Ops.CONST, dtypes.weakint, arg=1, src=()),)), 32, 1)",182,0.046560000000000004,0,ok,0.000015,0.000016;0.000016;0.000015
A,10,35,1787806317.391484,"(UOp(Ops.ADD, dtypes.int, arg=None, src=(
  UOp(Ops.PARAM, dtypes.int, arg=ParamArg(3, dtypes.int, vmin_vmax=(0, 511), multiple_of=1, name='start_pos', addrspace=AddrSpace.ALU, device='NV'), src=(
    UOp(Ops.STACK, dtypes.void, arg=None, src=()),)),
  UOp(Ops.CONST, dtypes.weakint, arg=1, src=()),)), 16, 1)",130,0.046560000000000004,0,ok,0.000014,0.000015;0.000014;0.000014
A,10,36,1787806317.398981,"(UOp(Ops.ADD, dtypes.int, arg=None, src=(
  UOp(Ops.PARAM, dtypes.int, arg=ParamArg(3, dtypes.int, vmin_vmax=(0, 511), multiple_of=1, name='start_pos', addrspace=AddrSpace.ALU, device='NV'), src=(
    UOp(Ops.STACK, dtypes.void, arg=None, src=()),)),
  UOp(Ops.CONST, dtypes.weakint, arg=1, src=()),)), 8, 1)",130,0.046560000000000004,0,ok,0.000013,0.000014;0.000013;0.000013
A,10,37,1787806317.442207,"(UOp(Ops.ADD, dtypes.int, arg=None, src=(
  UOp(Ops.PARAM, dtypes.int, arg=ParamArg(3, dtypes.int, vmin_vmax=(0, 511), multiple_of=1, name='start_pos', addrspace=AddrSpace.ALU, device='NV'), src=(
    UOp(Ops.STACK, dtypes.void, arg=None, src=()),)),
  UOp(Ops.CONST, dtypes.weakint, arg=1, src=()),)), 4, 1)",130,0.046560000000000004,0,ok,0.000013,0.000013;0.000014;0.000013
A,10,38,1787806317.449072,"(UOp(Ops.ADD, dtypes.int, arg=None, src=(
  UOp(Ops.PARAM, dtypes.int, arg=ParamArg(3, dtypes.int, vmin_vmax=(0, 511), multiple_of=1, name='start_pos', addrspace=AddrSpace.ALU, device='NV'), src=(
    UOp(Ops.STACK, dtypes.void, arg=None, src=()),)),
  UOp(Ops.CONST, dtypes.weakint, arg=1, src=()),)), 2, 1)",132,0.046560000000000004,0,ok,0.000014,0.000014;0.000014;0.000014
A,10,39,1787806317.493890,"(UOp(Ops.ADD, dtypes.int, arg=None, src=(
  UOp(Ops.PARAM, dtypes.int, arg=ParamArg(3, dtypes.int, vmin_vmax=(0, 511), multiple_of=1, name='start_pos', addrspace=AddrSpace.ALU, device='NV'), src=(
    UOp(Ops.STACK, dtypes.void, arg=None, src=()),)),
  UOp(Ops.CONST, dtypes.weakint, arg=1, src=()),)), 32, 1)",112,0.046560000000000004,0,ok,0.000018,0.000018;0.000019;0.000019
A,10,40,1787806317.501571,"(UOp(Ops.ADD, dtypes.int, arg=None, src=(
  UOp(Ops.PARAM, dtypes.int, arg=ParamArg(3, dtypes.int, vmin_vmax=(0, 511), multiple_of=1, name='start_pos', addrspace=AddrSpace.ALU, device='NV'), src=(
    UOp(Ops.STACK, dtypes.void, arg=None, src=()),)),
  UOp(Ops.CONST, dtypes.weakint, arg=1, src=()),)), 32, 1)",131,0.046560000000000004,0,ok,0.000017,0.000017;0.000017;0.000017
A,10,41,1787806317.544828,"(UOp(Ops.ADD, dtypes.int, arg=None, src=(
  UOp(Ops.PARAM, dtypes.int, arg=ParamArg(3, dtypes.int, vmin_vmax=(0, 511), multiple_of=1, name='start_pos', addrspace=AddrSpace.ALU, device='NV'), src=(
    UOp(Ops.STACK, dtypes.void, arg=None, src=()),)),
  UOp(Ops.CONST, dtypes.weakint, arg=1, src=()),)), 1, 1)",123,0.046560000000000004,0,ok,0.000014,0.000014;0.000014;0.000014
A,10,42,1787806317.552167,"(32, UOp(Ops.ADD, dtypes.int, arg=None, src=(
  UOp(Ops.PARAM, dtypes.int, arg=ParamArg(3, dtypes.int, vmin_vmax=(0, 511), multiple_of=1, name='start_pos', addrspace=AddrSpace.ALU, device='NV'), src=(
    UOp(Ops.STACK, dtypes.void, arg=None, src=()),)),
  UOp(Ops.CONST, dtypes.weakint, arg=1, src=()),)), 1)",125,0.046560000000000004,0,ok,0.000016,0.000016;0.000016;0.000016
A,10,43,1787806317.729013,"(UOp(Ops.ADD, dtypes.int, arg=None, src=(
  UOp(Ops.PARAM, dtypes.int, arg=ParamArg(3, dtypes.int, vmin_vmax=(0, 511), multiple_of=1, name='start_pos', addrspace=AddrSpace.ALU, device='NV'), src=(
    UOp(Ops.STACK, dtypes.void, arg=None, src=()),)),
  UOp(Ops.CONST, dtypes.weakint, arg=1, src=()),)), 4, 1)",198,0.038976000000000004,0,ok,0.000013,0.000014;0.000013;0.000013
A,10,44,1787806317.772625,"(UOp(Ops.ADD, dtypes.int, arg=None, src=(
  UOp(Ops.PARAM, dtypes.int, arg=ParamArg(3, dtypes.int, vmin_vmax=(0, 511), multiple_of=1, name='start_pos', addrspace=AddrSpace.ALU, device='NV'), src=(
    UOp(Ops.STACK, dtypes.void, arg=None, src=()),)),
  UOp(Ops.CONST, dtypes.weakint, arg=1, src=()),)), 1, 1)",522,0.038976000000000004,0,ok,0.000016,0.000016;0.000016;0.000016
A,10,45,1787806317.813375,"(UOp(Ops.ADD, dtypes.int, arg=None, src=(
  UOp(Ops.PARAM, dtypes.int, arg=ParamArg(3, dtypes.int, vmin_vmax=(0, 511), multiple_of=1, name='start_pos', addrspace=AddrSpace.ALU, device='NV'), src=(
    UOp(Ops.STACK, dtypes.void, arg=None, src=()),)),
  UOp(Ops.CONST, dtypes.weakint, arg=1, src=()),)), 8, 1)",195,0.038976000000000004,0,ok,0.000013,0.000014;0.000013;0.000013
A,10,46,1787806317.938029,"(UOp(Ops.ADD, dtypes.int, arg=None, src=(
  UOp(Ops.PARAM, dtypes.int, arg=ParamArg(3, dtypes.int, vmin_vmax=(0, 511), multiple_of=1, name='start_pos', addrspace=AddrSpace.ALU, device='NV'), src=(
    UOp(Ops.STACK, dtypes.void, arg=None, src=()),)),
  UOp(Ops.CONST, dtypes.weakint, arg=1, src=()),)), 2, 1)",302,0.038976000000000004,0,ok,0.000013,0.000013;0.000013;0.000014
A,10,47,1787806318.267664,"(UOp(Ops.ADD, dtypes.int, arg=None, src=(
  UOp(Ops.PARAM, dtypes.int, arg=ParamArg(3, dtypes.int, vmin_vmax=(0, 511), multiple_of=1, name='start_pos', addrspace=AddrSpace.ALU, device='NV'), src=(
    UOp(Ops.STACK, dtypes.void, arg=None, src=()),)),
  UOp(Ops.CONST, dtypes.weakint, arg=1, src=()),)), 8, 1)",708,0.038976000000000004,0,ok,0.000021,0.000021;0.000021;0.000021
A,10,48,1787806318.350209,"(UOp(Ops.ADD, dtypes.int, arg=None, src=(
  UOp(Ops.PARAM, dtypes.int, arg=ParamArg(3, dtypes.int, vmin_vmax=(0, 511), multiple_of=1, name='start_pos', addrspace=AddrSpace.ALU, device='NV'), src=(
    UOp(Ops.STACK, dtypes.void, arg=None, src=()),)),
  UOp(Ops.CONST, dtypes.weakint, arg=1, src=()),)), 8, 1)",195,0.038976000000000004,0,ok,0.000016,0.000016;0.000017;0.000016
A,10,49,1787806318.372372,"(UOp(Ops.ADD, dtypes.int, arg=None, src=(
  UOp(Ops.PARAM, dtypes.int, arg=ParamArg(3, dtypes.int, vmin_vmax=(0, 511), multiple_of=1, name='start_pos', addrspace=AddrSpace.ALU, device='NV'), src=(
    UOp(Ops.STACK, dtypes.void, arg=None, src=()),)),
  UOp(Ops.CONST, dtypes.weakint, arg=1, src=()),)), 8, 1)",175,0.038976000000000004,0,ok,0.000013,0.000013;0.000013;0.000013
A,10,50,1787806318.403545,"(UOp(Ops.ADD, dtypes.int, arg=None, src=(
  UOp(Ops.PARAM, dtypes.int, arg=ParamArg(3, dtypes.int, vmin_vmax=(0, 511), multiple_of=1, name='start_pos', addrspace=AddrSpace.ALU, device='NV'), src=(
    UOp(Ops.STACK, dtypes.void, arg=None, src=()),)),
  UOp(Ops.CONST, dtypes.weakint, arg=1, src=()),)), 4, 1)",146,0.038976000000000004,0,ok,0.000013,0.000013;0.000014;0.000014
A,10,51,1787806318.427227,"(UOp(Ops.ADD, dtypes.int, arg=None, src=(
  UOp(Ops.PARAM, dtypes.int, arg=ParamArg(3, dtypes.int, vmin_vmax=(0, 511), multiple_of=1, name='start_pos', addrspace=AddrSpace.ALU, device='NV'), src=(
    UOp(Ops.STACK, dtypes.void, arg=None, src=()),)),
  UOp(Ops.CONST, dtypes.weakint, arg=1, src=()),)), 2, 1)",142,0.038976000000000004,0,ok,0.000014,0.000014;0.000014;0.000014
A,10,52,1787806318.454168,"(UOp(Ops.ADD, dtypes.int, arg=None, src=(
  UOp(Ops.PARAM, dtypes.int, arg=ParamArg(3, dtypes.int, vmin_vmax=(0, 511), multiple_of=1, name='start_pos', addrspace=AddrSpace.ALU, device='NV'), src=(
    UOp(Ops.STACK, dtypes.void, arg=None, src=()),)),
  UOp(Ops.CONST, dtypes.weakint, arg=1, src=()),)), 1, 1)",135,0.038976000000000004,0,ok,0.000016,0.000016;0.000016;0.000016
A,10,53,1787806318.479152,"(UOp(Ops.ADD, dtypes.int, arg=None, src=(
  UOp(Ops.PARAM, dtypes.int, arg=ParamArg(3, dtypes.int, vmin_vmax=(0, 511), multiple_of=1, name='start_pos', addrspace=AddrSpace.ALU, device='NV'), src=(
    UOp(Ops.STACK, dtypes.void, arg=None, src=()),)),
  UOp(Ops.CONST, dtypes.weakint, arg=1, src=()),)), 8, 1)",125,0.038976000000000004,0,ok,0.000031,0.000031;0.000031;0.000032
A,10,54,1787806318.506023,"(8, UOp(Ops.ADD, dtypes.int, arg=None, src=(
  UOp(Ops.PARAM, dtypes.int, arg=ParamArg(3, dtypes.int, vmin_vmax=(0, 511), multiple_of=1, name='start_pos', addrspace=AddrSpace.ALU, device='NV'), src=(
    UOp(Ops.STACK, dtypes.void, arg=None, src=()),)),
  UOp(Ops.CONST, dtypes.weakint, arg=1, src=()),)), 1)",138,0.038976000000000004,0,ok,0.000013,0.000013;0.000013;0.000014
A,10,55,1787806318.653449,"(UOp(Ops.ADD, dtypes.int, arg=None, src=(
  UOp(Ops.PARAM, dtypes.int, arg=ParamArg(3, dtypes.int, vmin_vmax=(0, 511), multiple_of=1, name='start_pos', addrspace=AddrSpace.ALU, device='NV'), src=(
    UOp(Ops.STACK, dtypes.void, arg=None, src=()),)),
  UOp(Ops.CONST, dtypes.weakint, arg=1, src=()),)), 4, 1)",194,0.038976000000000004,0,ok,0.000014,0.000014;0.000014;0.000014
A,10,56,1787806318.664118,"(UOp(Ops.ADD, dtypes.int, arg=None, src=(
  UOp(Ops.PARAM, dtypes.int, arg=ParamArg(3, dtypes.int, vmin_vmax=(0, 511), multiple_of=1, name='start_pos', addrspace=AddrSpace.ALU, device='NV'), src=(
    UOp(Ops.STACK, dtypes.void, arg=None, src=()),)),
  UOp(Ops.CONST, dtypes.weakint, arg=1, src=()),)), 1, 1)",518,0.038976000000000004,0,ok,0.000016,0.000016;0.000016;0.000016
A,10,57,1787806318.733156,"(UOp(Ops.ADD, dtypes.int, arg=None, src=(
  UOp(Ops.PARAM, dtypes.int, arg=ParamArg(3, dtypes.int, vmin_vmax=(0, 511), multiple_of=1, name='start_pos', addrspace=AddrSpace.ALU, device='NV'), src=(
    UOp(Ops.STACK, dtypes.void, arg=None, src=()),)),
  UOp(Ops.CONST, dtypes.weakint, arg=1, src=()),)), 8, 1)",195,0.038976000000000004,0,ok,0.000013,0.000014;0.000013;0.000013
A,10,58,1787806318.769625,"(UOp(Ops.ADD, dtypes.int, arg=None, src=(
  UOp(Ops.PARAM, dtypes.int, arg=ParamArg(3, dtypes.int, vmin_vmax=(0, 511), multiple_of=1, name='start_pos', addrspace=AddrSpace.ALU, device='NV'), src=(
    UOp(Ops.STACK, dtypes.void, arg=None, src=()),)),
  UOp(Ops.CONST, dtypes.weakint, arg=1, src=()),)), 2, 1)",304,0.038976000000000004,0,ok,0.000015,0.000015;0.000015;0.000015
A,10,59,1787806318.857452,"(UOp(Ops.ADD, dtypes.int, arg=None, src=(
  UOp(Ops.PARAM, dtypes.int, arg=ParamArg(3, dtypes.int, vmin_vmax=(0, 511), multiple_of=1, name='start_pos', addrspace=AddrSpace.ALU, device='NV'), src=(
    UOp(Ops.STACK, dtypes.void, arg=None, src=()),)),
  UOp(Ops.CONST, dtypes.weakint, arg=1, src=()),)), 8, 1)",256,0.038976000000000004,0,ok,0.000012,0.000013;0.000013;0.000012
A,10,60,1787806318.867868,"(UOp(Ops.ADD, dtypes.int, arg=None, src=(
  UOp(Ops.PARAM, dtypes.int, arg=ParamArg(3, dtypes.int, vmin_vmax=(0, 511), multiple_of=1, name='start_pos', addrspace=AddrSpace.ALU, device='NV'), src=(
    UOp(Ops.STACK, dtypes.void, arg=None, src=()),)),
  UOp(Ops.CONST, dtypes.weakint, arg=1, src=()),)), 8, 1)",390,0.038976000000000004,0,ok,0.000021,0.000021;0.000021;0.000021
A,10,61,1787806318.934334,"(UOp(Ops.ADD, dtypes.int, arg=None, src=(
  UOp(Ops.PARAM, dtypes.int, arg=ParamArg(3, dtypes.int, vmin_vmax=(0, 511), multiple_of=1, name='start_pos', addrspace=AddrSpace.ALU, device='NV'), src=(
    UOp(Ops.STACK, dtypes.void, arg=None, src=()),)),
  UOp(Ops.CONST, dtypes.weakint, arg=1, src=()),)), 8, 1)",193,0.038976000000000004,0,ok,0.000020,0.000020;0.000020;0.000020
A,10,62,1787806318.942710,"(UOp(Ops.ADD, dtypes.int, arg=None, src=(
  UOp(Ops.PARAM, dtypes.int, arg=ParamArg(3, dtypes.int, vmin_vmax=(0, 511), multiple_of=1, name='start_pos', addrspace=AddrSpace.ALU, device='NV'), src=(
    UOp(Ops.STACK, dtypes.void, arg=None, src=()),)),
  UOp(Ops.CONST, dtypes.weakint, arg=1, src=()),)), 8, 1)",196,0.038976000000000004,0,ok,0.000012,0.000012;0.000013;0.000012
A,10,63,1787806318.988962,"(UOp(Ops.ADD, dtypes.int, arg=None, src=(
  UOp(Ops.PARAM, dtypes.int, arg=ParamArg(3, dtypes.int, vmin_vmax=(0, 511), multiple_of=1, name='start_pos', addrspace=AddrSpace.ALU, device='NV'), src=(
    UOp(Ops.STACK, dtypes.void, arg=None, src=()),)),
  UOp(Ops.CONST, dtypes.weakint, arg=1, src=()),)), 4, 1)",144,0.038976000000000004,0,ok,0.000013,0.000014;0.000013;0.000013
A,10,64,1787806318.996325,"(UOp(Ops.ADD, dtypes.int, arg=None, src=(
  UOp(Ops.PARAM, dtypes.int, arg=ParamArg(3, dtypes.int, vmin_vmax=(0, 511), multiple_of=1, name='start_pos', addrspace=AddrSpace.ALU, device='NV'), src=(
    UOp(Ops.STACK, dtypes.void, arg=None, src=()),)),
  UOp(Ops.CONST, dtypes.weakint, arg=1, src=()),)), 2, 1)",144,0.038976000000000004,0,ok,0.000013,0.000014;0.000013;0.000013
A,10,65,1787806319.040760,"(UOp(Ops.ADD, dtypes.int, arg=None, src=(
  UOp(Ops.PARAM, dtypes.int, arg=ParamArg(3, dtypes.int, vmin_vmax=(0, 511), multiple_of=1, name='start_pos', addrspace=AddrSpace.ALU, device='NV'), src=(
    UOp(Ops.STACK, dtypes.void, arg=None, src=()),)),
  UOp(Ops.CONST, dtypes.weakint, arg=1, src=()),)), 1, 1)",132,0.038976000000000004,0,ok,0.000014,0.000014;0.000014;0.000014
A,10,66,1787806319.048451,"(UOp(Ops.ADD, dtypes.int, arg=None, src=(
  UOp(Ops.PARAM, dtypes.int, arg=ParamArg(3, dtypes.int, vmin_vmax=(0, 511), multiple_of=1, name='start_pos', addrspace=AddrSpace.ALU, device='NV'), src=(
    UOp(Ops.STACK, dtypes.void, arg=None, src=()),)),
  UOp(Ops.CONST, dtypes.weakint, arg=1, src=()),)), 8, 1)",123,0.038976000000000004,0,ok,0.000032,0.000033;0.000032;0.000033
A,10,67,1787806319.095728,"(8, UOp(Ops.ADD, dtypes.int, arg=None, src=(
  UOp(Ops.PARAM, dtypes.int, arg=ParamArg(3, dtypes.int, vmin_vmax=(0, 511), multiple_of=1, name='start_pos', addrspace=AddrSpace.ALU, device='NV'), src=(
    UOp(Ops.STACK, dtypes.void, arg=None, src=()),)),
  UOp(Ops.CONST, dtypes.weakint, arg=1, src=()),)), 1)",138,0.038976000000000004,0,ok,0.000014,0.000014;0.000014;0.000014
A,10,68,1787806319.103614,"(UOp(Ops.ADD, dtypes.int, arg=None, src=(
  UOp(Ops.PARAM, dtypes.int, arg=ParamArg(3, dtypes.int, vmin_vmax=(0, 511), multiple_of=1, name='start_pos', addrspace=AddrSpace.ALU, device='NV'), src=(
    UOp(Ops.STACK, dtypes.void, arg=None, src=()),)),
  UOp(Ops.CONST, dtypes.weakint, arg=1, src=()),)), 8, 1)",145,0.038976000000000004,0,ok,0.000016,0.000016;0.000016;0.000016
A,10,69,1787806319.439016,"(UOp(Ops.ADD, dtypes.int, arg=None, src=(
  UOp(Ops.PARAM, dtypes.int, arg=ParamArg(3, dtypes.int, vmin_vmax=(0, 511), multiple_of=1, name='start_pos', addrspace=AddrSpace.ALU, device='NV'), src=(
    UOp(Ops.STACK, dtypes.void, arg=None, src=()),)),
  UOp(Ops.CONST, dtypes.weakint, arg=1, src=()),)), 8, 1)",805,0.035808,0,ok,0.000013,0.000013;0.000014;0.000014
A,10,70,1787806319.596274,"(UOp(Ops.ADD, dtypes.int, arg=None, src=(
  UOp(Ops.PARAM, dtypes.int, arg=ParamArg(3, dtypes.int, vmin_vmax=(0, 511), multiple_of=1, name='start_pos', addrspace=AddrSpace.ALU, device='NV'), src=(
    UOp(Ops.STACK, dtypes.void, arg=None, src=()),)),
  UOp(Ops.CONST, dtypes.weakint, arg=1, src=()),)), 4, 1)",445,0.035808,0,ok,0.000012,0.000012;0.000013;0.000012
A,10,71,1787806319.719900,"(UOp(Ops.ADD, dtypes.int, arg=None, src=(
  UOp(Ops.PARAM, dtypes.int, arg=ParamArg(3, dtypes.int, vmin_vmax=(0, 511), multiple_of=1, name='start_pos', addrspace=AddrSpace.ALU, device='NV'), src=(
    UOp(Ops.STACK, dtypes.void, arg=None, src=()),)),
  UOp(Ops.CONST, dtypes.weakint, arg=1, src=()),)), 1, 1)",1547,0.035808,0,ok,0.000013,0.000014;0.000014;0.000013
A,10,72,1787806319.756793,"(UOp(Ops.ADD, dtypes.int, arg=None, src=(
  UOp(Ops.PARAM, dtypes.int, arg=ParamArg(3, dtypes.int, vmin_vmax=(0, 511), multiple_of=1, name='start_pos', addrspace=AddrSpace.ALU, device='NV'), src=(
    UOp(Ops.STACK, dtypes.void, arg=None, src=()),)),
  UOp(Ops.CONST, dtypes.weakint, arg=1, src=()),)), 8, 1)",448,0.035808,0,ok,0.000012,0.000012;0.000013;0.000013
A,10,73,1787806320.011583,"(UOp(Ops.ADD, dtypes.int, arg=None, src=(
  UOp(Ops.PARAM, dtypes.int, arg=ParamArg(3, dtypes.int, vmin_vmax=(0, 511), multiple_of=1, name='start_pos', addrspace=AddrSpace.ALU, device='NV'), src=(
    UOp(Ops.STACK, dtypes.void, arg=None, src=()),)),
  UOp(Ops.CONST, dtypes.weakint, arg=1, src=()),)), 2, 1)",817,0.035808,0,ok,0.000012,0.000013;0.000012;0.000012
A,10,74,1787806320.274585,"(UOp(Ops.ADD, dtypes.int, arg=None, src=(
  UOp(Ops.PARAM, dtypes.int, arg=ParamArg(3, dtypes.int, vmin_vmax=(0, 511), multiple_of=1, name='start_pos', addrspace=AddrSpace.ALU, device='NV'), src=(
    UOp(Ops.STACK, dtypes.void, arg=None, src=()),)),
  UOp(Ops.CONST, dtypes.weakint, arg=1, src=()),)), 8, 1)",766,0.035808,0,ok,0.000013,0.000013;0.000013;0.000014
A,10,75,1787806320.719067,"(UOp(Ops.ADD, dtypes.int, arg=None, src=(
  UOp(Ops.PARAM, dtypes.int, arg=ParamArg(3, dtypes.int, vmin_vmax=(0, 511), multiple_of=1, name='start_pos', addrspace=AddrSpace.ALU, device='NV'), src=(
    UOp(Ops.STACK, dtypes.void, arg=None, src=()),)),
  UOp(Ops.CONST, dtypes.weakint, arg=1, src=()),)), 8, 1)",2437,0.035808,0,ok,0.000017,0.000017;0.000018;0.000018
A,10,76,1787806320.746534,"(UOp(Ops.ADD, dtypes.int, arg=None, src=(
  UOp(Ops.PARAM, dtypes.int, arg=ParamArg(3, dtypes.int, vmin_vmax=(0, 511), multiple_of=1, name='start_pos', addrspace=AddrSpace.ALU, device='NV'), src=(
    UOp(Ops.STACK, dtypes.void, arg=None, src=()),)),
  UOp(Ops.CONST, dtypes.weakint, arg=1, src=()),)), 4, 1)",266,0.035808,0,ok,0.000012,0.000012;0.000013;0.000012
A,10,77,1787806320.786044,"(UOp(Ops.ADD, dtypes.int, arg=None, src=(
  UOp(Ops.PARAM, dtypes.int, arg=ParamArg(3, dtypes.int, vmin_vmax=(0, 511), multiple_of=1, name='start_pos', addrspace=AddrSpace.ALU, device='NV'), src=(
    UOp(Ops.STACK, dtypes.void, arg=None, src=()),)),
  UOp(Ops.CONST, dtypes.weakint, arg=1, src=()),)), 2, 1)",266,0.035808,0,ok,0.000012,0.000013;0.000013;0.000012
A,10,78,1787806320.828189,"(UOp(Ops.ADD, dtypes.int, arg=None, src=(
  UOp(Ops.PARAM, dtypes.int, arg=ParamArg(3, dtypes.int, vmin_vmax=(0, 511), multiple_of=1, name='start_pos', addrspace=AddrSpace.ALU, device='NV'), src=(
    UOp(Ops.STACK, dtypes.void, arg=None, src=()),)),
  UOp(Ops.CONST, dtypes.weakint, arg=1, src=()),)), 1, 1)",258,0.035808,0,ok,0.000013,0.000013;0.000013;0.000013
A,10,79,1787806320.879085,"(8, UOp(Ops.ADD, dtypes.int, arg=None, src=(
  UOp(Ops.PARAM, dtypes.int, arg=ParamArg(3, dtypes.int, vmin_vmax=(0, 511), multiple_of=1, name='start_pos', addrspace=AddrSpace.ALU, device='NV'), src=(
    UOp(Ops.STACK, dtypes.void, arg=None, src=()),)),
  UOp(Ops.CONST, dtypes.weakint, arg=1, src=()),)), 1)",264,0.035808,0,ok,0.000011,0.000012;0.000012;0.000011
A,10,80,1787806321.290965,"(UOp(Ops.ADD, dtypes.int, arg=None, src=(
  UOp(Ops.PARAM, dtypes.int, arg=ParamArg(3, dtypes.int, vmin_vmax=(0, 511), multiple_of=1, name='start_pos', addrspace=AddrSpace.ALU, device='NV'), src=(
    UOp(Ops.STACK, dtypes.void, arg=None, src=()),)),
  UOp(Ops.CONST, dtypes.weakint, arg=1, src=()),)), 1, 1)",1039,0.035808,0,ok,0.000014,0.000014;0.000014;0.000014
A,10,81,1787806321.357445,"(UOp(Ops.ADD, dtypes.int, arg=None, src=(
  UOp(Ops.PARAM, dtypes.int, arg=ParamArg(3, dtypes.int, vmin_vmax=(0, 511), multiple_of=1, name='start_pos', addrspace=AddrSpace.ALU, device='NV'), src=(
    UOp(Ops.STACK, dtypes.void, arg=None, src=()),)),
  UOp(Ops.CONST, dtypes.weakint, arg=1, src=()),)), 8, 1)",551,0.035808,0,ok,0.000013,0.000014;0.000013;0.000013
A,10,82,1787806321.423669,"(UOp(Ops.ADD, dtypes.int, arg=None, src=(
  UOp(Ops.PARAM, dtypes.int, arg=ParamArg(3, dtypes.int, vmin_vmax=(0, 511), multiple_of=1, name='start_pos', addrspace=AddrSpace.ALU, device='NV'), src=(
    UOp(Ops.STACK, dtypes.void, arg=None, src=()),)),
  UOp(Ops.CONST, dtypes.weakint, arg=1, src=()),)), 4, 1)",323,0.035808,0,ok,0.000012,0.000012;0.000012;0.000013
A,10,83,1787806321.491835,"(UOp(Ops.ADD, dtypes.int, arg=None, src=(
  UOp(Ops.PARAM, dtypes.int, arg=ParamArg(3, dtypes.int, vmin_vmax=(0, 511), multiple_of=1, name='start_pos', addrspace=AddrSpace.ALU, device='NV'), src=(
    UOp(Ops.STACK, dtypes.void, arg=None, src=()),)),
  UOp(Ops.CONST, dtypes.weakint, arg=1, src=()),)), 8, 1)",326,0.035808,0,ok,0.000012,0.000012;0.000013;0.000013
A,10,84,1787806321.653972,"(UOp(Ops.ADD, dtypes.int, arg=None, src=(
  UOp(Ops.PARAM, dtypes.int, arg=ParamArg(3, dtypes.int, vmin_vmax=(0, 511), multiple_of=1, name='start_pos', addrspace=AddrSpace.ALU, device='NV'), src=(
    UOp(Ops.STACK, dtypes.void, arg=None, src=()),)),
  UOp(Ops.CONST, dtypes.weakint, arg=1, src=()),)), 2, 1)",565,0.035808,0,ok,0.000013,0.000013;0.000014;0.000013
A,10,85,1787806321.898867,"(UOp(Ops.ADD, dtypes.int, arg=None, src=(
  UOp(Ops.PARAM, dtypes.int, arg=ParamArg(3, dtypes.int, vmin_vmax=(0, 511), multiple_of=1, name='start_pos', addrspace=AddrSpace.ALU, device='NV'), src=(
    UOp(Ops.STACK, dtypes.void, arg=None, src=()),)),
  UOp(Ops.CONST, dtypes.weakint, arg=1, src=()),)), 8, 1)",451,0.035808,0,ok,0.000014,0.000014;0.000014;0.000014
A,10,86,1787806321.978805,"(UOp(Ops.ADD, dtypes.int, arg=None, src=(
  UOp(Ops.PARAM, dtypes.int, arg=ParamArg(3, dtypes.int, vmin_vmax=(0, 511), multiple_of=1, name='start_pos', addrspace=AddrSpace.ALU, device='NV'), src=(
    UOp(Ops.STACK, dtypes.void, arg=None, src=()),)),
  UOp(Ops.CONST, dtypes.weakint, arg=1, src=()),)), 4, 1)",208,0.035808,0,ok,0.000012,0.000012;0.000012;0.000013
A,10,87,1787806321.999125,"(UOp(Ops.ADD, dtypes.int, arg=None, src=(
  UOp(Ops.PARAM, dtypes.int, arg=ParamArg(3, dtypes.int, vmin_vmax=(0, 511), multiple_of=1, name='start_pos', addrspace=AddrSpace.ALU, device='NV'), src=(
    UOp(Ops.STACK, dtypes.void, arg=None, src=()),)),
  UOp(Ops.CONST, dtypes.weakint, arg=1, src=()),)), 8, 1)",1350,0.035808,0,ok,0.000018,0.000018;0.000018;0.000018
A,10,88,1787806322.061074,"(UOp(Ops.ADD, dtypes.int, arg=None, src=(
  UOp(Ops.PARAM, dtypes.int, arg=ParamArg(3, dtypes.int, vmin_vmax=(0, 511), multiple_of=1, name='start_pos', addrspace=AddrSpace.ALU, device='NV'), src=(
    UOp(Ops.STACK, dtypes.void, arg=None, src=()),)),
  UOp(Ops.CONST, dtypes.weakint, arg=1, src=()),)), 1, 1)",198,0.035808,0,ok,0.000013,0.000013;0.000013;0.000013
A,10,89,1787806322.069208,"(UOp(Ops.ADD, dtypes.int, arg=None, src=(
  UOp(Ops.PARAM, dtypes.int, arg=ParamArg(3, dtypes.int, vmin_vmax=(0, 511), multiple_of=1, name='start_pos', addrspace=AddrSpace.ALU, device='NV'), src=(
    UOp(Ops.STACK, dtypes.void, arg=None, src=()),)),
  UOp(Ops.CONST, dtypes.weakint, arg=1, src=()),)), 2, 1)",208,0.035808,0,ok,0.000012,0.000012;0.000012;0.000012
A,10,90,1787806322.135598,"(UOp(Ops.ADD, dtypes.int, arg=None, src=(
  UOp(Ops.PARAM, dtypes.int, arg=ParamArg(3, dtypes.int, vmin_vmax=(0, 511), multiple_of=1, name='start_pos', addrspace=AddrSpace.ALU, device='NV'), src=(
    UOp(Ops.STACK, dtypes.void, arg=None, src=()),)),
  UOp(Ops.CONST, dtypes.weakint, arg=1, src=()),)), 8, 1)",192,0.035808,0,ok,0.000013,0.000013;0.000013;0.000013
A,10,91,1787806322.144301,"(8, UOp(Ops.ADD, dtypes.int, arg=None, src=(
  UOp(Ops.PARAM, dtypes.int, arg=ParamArg(3, dtypes.int, vmin_vmax=(0, 511), multiple_of=1, name='start_pos', addrspace=AddrSpace.ALU, device='NV'), src=(
    UOp(Ops.STACK, dtypes.void, arg=None, src=()),)),
  UOp(Ops.CONST, dtypes.weakint, arg=1, src=()),)), 1)",204,0.035808,0,ok,0.000012,0.000012;0.000012;0.000012
A,10,92,1787806322.500081,"(8, UOp(Ops.ADD, dtypes.int, arg=None, src=(
  UOp(Ops.PARAM, dtypes.int, arg=ParamArg(3, dtypes.int, vmin_vmax=(0, 511), multiple_of=1, name='start_pos', addrspace=AddrSpace.ALU, device='NV'), src=(
    UOp(Ops.STACK, dtypes.void, arg=None, src=()),)),
  UOp(Ops.CONST, dtypes.weakint, arg=1, src=()),)), 1)",812,0.034368,0,ok,0.000013,0.000013;0.000013;0.000013
A,10,93,1787806322.664881,"(4, UOp(Ops.ADD, dtypes.int, arg=None, src=(
  UOp(Ops.PARAM, dtypes.int, arg=ParamArg(3, dtypes.int, vmin_vmax=(0, 511), multiple_of=1, name='start_pos', addrspace=AddrSpace.ALU, device='NV'), src=(
    UOp(Ops.STACK, dtypes.void, arg=None, src=()),)),
  UOp(Ops.CONST, dtypes.weakint, arg=1, src=()),)), 1)",453,0.034368,0,ok,0.000012,0.000013;0.000012;0.000012
A,10,94,1787806322.811557,"(8, UOp(Ops.ADD, dtypes.int, arg=None, src=(
  UOp(Ops.PARAM, dtypes.int, arg=ParamArg(3, dtypes.int, vmin_vmax=(0, 511), multiple_of=1, name='start_pos', addrspace=AddrSpace.ALU, device='NV'), src=(
    UOp(Ops.STACK, dtypes.void, arg=None, src=()),)),
  UOp(Ops.CONST, dtypes.weakint, arg=1, src=()),)), 1)",456,0.034368,0,ok,0.000012,0.000012;0.000012;0.000013
A,10,95,1787806322.962333,"(2, UOp(Ops.ADD, dtypes.int, arg=None, src=(
  UOp(Ops.PARAM, dtypes.int, arg=ParamArg(3, dtypes.int, vmin_vmax=(0, 511), multiple_of=1, name='start_pos', addrspace=AddrSpace.ALU, device='NV'), src=(
    UOp(Ops.STACK, dtypes.void, arg=None, src=()),)),
  UOp(Ops.CONST, dtypes.weakint, arg=1, src=()),)), 1)",825,0.034368,0,ok,0.000013,0.000013;0.000013;0.000013
A,10,96,1787806323.236867,"(8, UOp(Ops.ADD, dtypes.int, arg=None, src=(
  UOp(Ops.PARAM, dtypes.int, arg=ParamArg(3, dtypes.int, vmin_vmax=(0, 511), multiple_of=1, name='start_pos', addrspace=AddrSpace.ALU, device='NV'), src=(
    UOp(Ops.STACK, dtypes.void, arg=None, src=()),)),
  UOp(Ops.CONST, dtypes.weakint, arg=1, src=()),)), 1)",774,0.034368,0,ok,0.000014,0.000015;0.000015;0.000014
A,10,97,1787806323.329297,"(4, UOp(Ops.ADD, dtypes.int, arg=None, src=(
  UOp(Ops.PARAM, dtypes.int, arg=ParamArg(3, dtypes.int, vmin_vmax=(0, 511), multiple_of=1, name='start_pos', addrspace=AddrSpace.ALU, device='NV'), src=(
    UOp(Ops.STACK, dtypes.void, arg=None, src=()),)),
  UOp(Ops.CONST, dtypes.weakint, arg=1, src=()),)), 1)",274,0.034368,0,ok,0.000011,0.000012;0.000012;0.000011
A,10,98,1787806323.427259,"(2, UOp(Ops.ADD, dtypes.int, arg=None, src=(
  UOp(Ops.PARAM, dtypes.int, arg=ParamArg(3, dtypes.int, vmin_vmax=(0, 511), multiple_of=1, name='start_pos', addrspace=AddrSpace.ALU, device='NV'), src=(
    UOp(Ops.STACK, dtypes.void, arg=None, src=()),)),
  UOp(Ops.CONST, dtypes.weakint, arg=1, src=()),)), 1)",274,0.034368,0,ok,0.000012,0.000013;0.000013;0.000012
A,10,99,1787806323.773082,"(8, UOp(Ops.ADD, dtypes.int, arg=None, src=(
  UOp(Ops.PARAM, dtypes.int, arg=ParamArg(3, dtypes.int, vmin_vmax=(0, 511), multiple_of=1, name='start_pos', addrspace=AddrSpace.ALU, device='NV'), src=(
    UOp(Ops.STACK, dtypes.void, arg=None, src=()),)),
  UOp(Ops.CONST, dtypes.weakint, arg=1, src=()),)), 1)",2445,0.034368,0,ok,0.000018,0.000018;0.000018;0.000018
A,10,100,1787806323.916334,"(UOp(Ops.ADD, dtypes.int, arg=None, src=(
  UOp(Ops.PARAM, dtypes.int, arg=ParamArg(3, dtypes.int, vmin_vmax=(0, 511), multiple_of=1, name='start_pos', addrspace=AddrSpace.ALU, device='NV'), src=(
    UOp(Ops.STACK, dtypes.void, arg=None, src=()),)),
  UOp(Ops.CONST, dtypes.weakint, arg=1, src=()),)), 1, 1)",448,0.034368,0,ok,0.000012,0.000012;0.000013;0.000013
A,10,101,1787806324.094226,"(UOp(Ops.ADD, dtypes.int, arg=None, src=(
  UOp(Ops.PARAM, dtypes.int, arg=ParamArg(3, dtypes.int, vmin_vmax=(0, 511), multiple_of=1, name='start_pos', addrspace=AddrSpace.ALU, device='NV'), src=(
    UOp(Ops.STACK, dtypes.void, arg=None, src=()),)),
  UOp(Ops.CONST, dtypes.weakint, arg=1, src=()),)), 2, 1)",812,0.034368,0,ok,0.000012,0.000013;0.000012;0.000013
A,10,102,1787806324.259134,"(UOp(Ops.ADD, dtypes.int, arg=None, src=(
  UOp(Ops.PARAM, dtypes.int, arg=ParamArg(3, dtypes.int, vmin_vmax=(0, 511), multiple_of=1, name='start_pos', addrspace=AddrSpace.ALU, device='NV'), src=(
    UOp(Ops.STACK, dtypes.void, arg=None, src=()),)),
  UOp(Ops.CONST, dtypes.weakint, arg=1, src=()),)), 2, 1)",460,0.034368,0,ok,0.000012,0.000012;0.000012;0.000012
A,10,103,1787806324.327902,"(UOp(Ops.ADD, dtypes.int, arg=None, src=(
  UOp(Ops.PARAM, dtypes.int, arg=ParamArg(3, dtypes.int, vmin_vmax=(0, 511), multiple_of=1, name='start_pos', addrspace=AddrSpace.ALU, device='NV'), src=(
    UOp(Ops.STACK, dtypes.void, arg=None, src=()),)),
  UOp(Ops.CONST, dtypes.weakint, arg=1, src=()),)), 2, 1)",461,0.034368,0,ok,0.000012,0.000012;0.000013;0.000013
A,10,104,1787806324.599863,"(UOp(Ops.ADD, dtypes.int, arg=None, src=(
  UOp(Ops.PARAM, dtypes.int, arg=ParamArg(3, dtypes.int, vmin_vmax=(0, 511), multiple_of=1, name='start_pos', addrspace=AddrSpace.ALU, device='NV'), src=(
    UOp(Ops.STACK, dtypes.void, arg=None, src=()),)),
  UOp(Ops.CONST, dtypes.weakint, arg=1, src=()),)), 2, 1)",778,0.034368,0,ok,0.000013,0.000014;0.000013;0.000013
A,10,105,1787806324.689645,"(UOp(Ops.ADD, dtypes.int, arg=None, src=(
  UOp(Ops.PARAM, dtypes.int, arg=ParamArg(3, dtypes.int, vmin_vmax=(0, 511), multiple_of=1, name='start_pos', addrspace=AddrSpace.ALU, device='NV'), src=(
    UOp(Ops.STACK, dtypes.void, arg=None, src=()),)),
  UOp(Ops.CONST, dtypes.weakint, arg=1, src=()),)), 1, 1)",272,0.034368,0,ok,0.000012,0.000012;0.000013;0.000013
A,10,106,1787806325.206723,"(UOp(Ops.ADD, dtypes.int, arg=None, src=(
  UOp(Ops.PARAM, dtypes.int, arg=ParamArg(3, dtypes.int, vmin_vmax=(0, 511), multiple_of=1, name='start_pos', addrspace=AddrSpace.ALU, device='NV'), src=(
    UOp(Ops.STACK, dtypes.void, arg=None, src=()),)),
  UOp(Ops.CONST, dtypes.weakint, arg=1, src=()),)), 2, 1)",2444,0.034368,0,ok,0.000015,0.000015;0.000015;0.000015
A,11,1,1787806325.363923,"(16, 1, 1)",61,inf,0,ok,0.000014,0.000014;0.000014;0.000015
A,11,2,1787806325.370420,"(8, 1, 1)",93,inf,0,ok,0.000020,0.000020;0.000020;0.000020
A,11,3,1787806325.390009,"(8, 1, 1)",52,inf,0,ok,0.000014,0.000014;0.000014;0.000015
A,11,4,1787806325.395946,"(16, 1, 1)",50,inf,0,ok,0.000013,0.000013;0.000014;0.000013
A,11,5,1787806325.418673,"(4, 1, 1)",52,inf,0,ok,0.000014,0.000014;0.000014;0.000015
A,11,6,1787806325.447938,"(2, 1, 1)",52,inf,0,ok,0.000015,0.000015;0.000015;0.000015
A,11,7,1787806325.474628,"(1, 1, 1)",39,inf,0,ok,0.000018,0.000018;0.000018;0.000018
A,11,8,1787806325.564029,"(1, 1, 1)",338,0.039936,0,ok,0.000038,0.000039;0.000039;0.000038
A,11,9,1787806325.601176,"(8, 1, 1)",69,0.039936,0,ok,0.000014,0.000015;0.000014;0.000014
A,11,10,1787806325.630391,"(8, 1, 1)",57,0.039936,0,ok,0.000014,0.000015;0.000015;0.000014
A,11,11,1787806325.659140,"(4, 1, 1)",59,0.039936,0,ok,0.000014,0.000014;0.000015;0.000014
A,11,12,1787806325.687926,"(2, 1, 1)",59,0.039936,0,ok,0.000015,0.000015;0.000016;0.000016
A,11,13,1787806325.912615,"(4, 1, 1)",107,0.039936,0,ok,0.000020,0.000020;0.000020;0.000020
A,11,14,1787806325.945392,"(1, 1, 1)",104,0.039936,0,ok,0.000025,0.000025;0.000025;0.000026
A,11,15,1787806325.996012,"(4, 1, 1)",159,0.039936,0,ok,0.000023,0.000023;0.000024;0.000024
A,11,16,1787806326.027760,"(2, 1, 1)",71,0.039936,0,ok,0.000015,0.000016;0.000015;0.000016
A,11,17,1787806326.060720,"(4, 1, 1)",70,0.039936,0,ok,0.000015,0.000016;0.000015;0.000016
A,11,18,1787806326.100756,"(4, 1, 1)",98,0.039936,0,ok,0.000020,0.000020;0.000020;0.000020
A,11,19,1787806326.131485,"(2, 1, 1)",61,0.039936,0,ok,0.000015,0.000015;0.000015;0.000015
A,11,20,1787806326.149197,"(1, 1, 1)",50,0.039936,0,ok,0.000018,0.000018;0.000018;0.000019
A,11,21,1787806326.158226,"(1, 1, 1)",52,0.039936,0,ok,0.000018,0.000018;0.000018;0.000018
A,12,1,1787806326.236429,"(16, 1, 1)",72,inf,0,ok,0.000020,0.000020;0.000020;0.000021
A,12,2,1787806326.244020,"(8, 1, 1)",110,inf,0,ok,0.000024,0.000025;0.000024;0.000025
A,12,3,1787806326.266584,"(16, 1, 1)",57,inf,0,ok,0.000015,0.000015;0.000015;0.000015
A,12,4,1787806326.272312,"(8, 1, 1)",59,inf,0,ok,0.000015,0.000016;0.000015;0.000015
A,12,5,1787806326.296311,"(4, 1, 1)",59,inf,0,ok,0.000015,0.000016;0.000015;0.000015
A,12,6,1787806326.302921,"(2, 1, 1)",59,inf,0,ok,0.000016,0.000016;0.000017;0.000016
A,12,7,1787806326.324384,"(1, 1, 1)",46,inf,0,ok,0.000018,0.000018;0.000019;0.000019
A,12,8,1787806326.402451,"(4, 1, 1)",82,0.044160000000000005,0,ok,0.000022,0.000022;0.000022;0.000022
A,12,9,1787806326.411408,"(1, 1, 1)",219,0.044160000000000005,0,ok,0.000044,0.000044;0.000044;0.000044
A,12,10,1787806326.438138,"(8, 1, 1)",79,0.044160000000000005,0,ok,0.000020,0.000021;0.000020;0.000021
A,12,11,1787806326.450469,"(2, 1, 1)",128,0.044160000000000005,0,ok,0.000027,0.000027;0.000028;0.000027
A,12,12,1787806326.469782,"(4, 1, 1)",66,0.044160000000000005,0,ok,0.000015,0.000015;0.000015;0.000015
A,12,13,1787806326.481476,"(2, 1, 1)",64,0.044160000000000005,0,ok,0.000016,0.000016;0.000016;0.000016
A,12,14,1787806326.499540,"(1, 1, 1)",59,0.044160000000000005,0,ok,0.000018,0.000019;0.000018;0.000019
A,12,15,1787806326.546557,"(8, 1, 1)",80,0.044160000000000005,0,ok,0.000021,0.000022;0.000021;0.000021
A,12,16,1787806326.566158,"(1, 1, 1)",405,0.044160000000000005,0,ok,0.000056,0.000056
A,12,17,1787806326.591685,"(4, 1, 1)",126,0.044160000000000005,0,ok,0.000025,0.000026;0.000026;0.000025
A,12,18,1787806326.599346,"(8, 1, 1)",64,0.044160000000000005,0,ok,0.000015,0.000015;0.000016;0.000015
A,12,19,1787806326.630108,"(4, 1, 1)",66,0.044160000000000005,0,ok,0.000015,0.000015;0.000015;0.000016
A,12,20,1787806326.659513,"(2, 1, 1)",66,0.044160000000000005,0,ok,0.000016,0.000016;0.000016;0.000017
A,12,21,1787806326.690944,"(1, 1, 1)",57,0.044160000000000005,0,ok,0.000019,0.000019;0.000019;0.000019
A,13,1,1787806327.056768,"(UOp(Ops.ADD, dtypes.int, arg=None, src=(
  UOp(Ops.PARAM, dtypes.int, arg=ParamArg(4, dtypes.int, vmin_vmax=(0, 511), multiple_of=1, name='start_pos', addrspace=AddrSpace.ALU, device='NV'), src=(
    UOp(Ops.STACK, dtypes.void, arg=None, src=()),)),
  UOp(Ops.CONST, dtypes.weakint, arg=1, src=()),)), 16, 1)",59,inf,0,ok,0.000012,0.000013;0.000012;0.000013
A,13,2,1787806327.081925,"(UOp(Ops.ADD, dtypes.int, arg=None, src=(
  UOp(Ops.PARAM, dtypes.int, arg=ParamArg(4, dtypes.int, vmin_vmax=(0, 511), multiple_of=1, name='start_pos', addrspace=AddrSpace.ALU, device='NV'), src=(
    UOp(Ops.STACK, dtypes.void, arg=None, src=()),)),
  UOp(Ops.CONST, dtypes.weakint, arg=1, src=()),)), 16, 1)",46,inf,0,ok,0.000012,0.000012;0.000013;0.000012
A,13,3,1787806327.103248,"(UOp(Ops.ADD, dtypes.int, arg=None, src=(
  UOp(Ops.PARAM, dtypes.int, arg=ParamArg(4, dtypes.int, vmin_vmax=(0, 511), multiple_of=1, name='start_pos', addrspace=AddrSpace.ALU, device='NV'), src=(
    UOp(Ops.STACK, dtypes.void, arg=None, src=()),)),
  UOp(Ops.CONST, dtypes.weakint, arg=1, src=()),)), 8, 1)",91,inf,0,ok,0.000011,0.000012;0.000012;0.000011
A,13,4,1787806327.110192,"(UOp(Ops.ADD, dtypes.int, arg=None, src=(
  UOp(Ops.PARAM, dtypes.int, arg=ParamArg(4, dtypes.int, vmin_vmax=(0, 511), multiple_of=1, name='start_pos', addrspace=AddrSpace.ALU, device='NV'), src=(
    UOp(Ops.STACK, dtypes.void, arg=None, src=()),)),
  UOp(Ops.CONST, dtypes.weakint, arg=1, src=()),)), 8, 1)",48,inf,0,ok,0.000011,0.000011;0.000011;0.000011
A,13,5,1787806327.128464,"(UOp(Ops.ADD, dtypes.int, arg=None, src=(
  UOp(Ops.PARAM, dtypes.int, arg=ParamArg(4, dtypes.int, vmin_vmax=(0, 511), multiple_of=1, name='start_pos', addrspace=AddrSpace.ALU, device='NV'), src=(
    UOp(Ops.STACK, dtypes.void, arg=None, src=()),)),
  UOp(Ops.CONST, dtypes.weakint, arg=1, src=()),)), 4, 1)",48,inf,0,ok,0.000010,0.000011;0.000011;0.000010
A,13,6,1787806327.134685,"(UOp(Ops.ADD, dtypes.int, arg=None, src=(
  UOp(Ops.PARAM, dtypes.int, arg=ParamArg(4, dtypes.int, vmin_vmax=(0, 511), multiple_of=1, name='start_pos', addrspace=AddrSpace.ALU, device='NV'), src=(
    UOp(Ops.STACK, dtypes.void, arg=None, src=()),)),
  UOp(Ops.CONST, dtypes.weakint, arg=1, src=()),)), 2, 1)",48,inf,0,ok,0.000010,0.000011;0.000010;0.000010
A,13,7,1787806327.153270,"(UOp(Ops.ADD, dtypes.int, arg=None, src=(
  UOp(Ops.PARAM, dtypes.int, arg=ParamArg(4, dtypes.int, vmin_vmax=(0, 511), multiple_of=1, name='start_pos', addrspace=AddrSpace.ALU, device='NV'), src=(
    UOp(Ops.STACK, dtypes.void, arg=None, src=()),)),
  UOp(Ops.CONST, dtypes.weakint, arg=1, src=()),)), 1, 1)",35,inf,0,ok,0.000010,0.000010;0.000010;0.000011
A,13,8,1787806327.159551,"(32, UOp(Ops.ADD, dtypes.int, arg=None, src=(
  UOp(Ops.PARAM, dtypes.int, arg=ParamArg(4, dtypes.int, vmin_vmax=(0, 511), multiple_of=1, name='start_pos', addrspace=AddrSpace.ALU, device='NV'), src=(
    UOp(Ops.STACK, dtypes.void, arg=None, src=()),)),
  UOp(Ops.CONST, dtypes.weakint, arg=1, src=()),)), 1)",40,inf,0,ok,0.000015,0.000016;0.000015;0.000015
A,13,9,1787806327.206860,"(UOp(Ops.ADD, dtypes.int, arg=None, src=(
  UOp(Ops.PARAM, dtypes.int, arg=ParamArg(4, dtypes.int, vmin_vmax=(0, 511), multiple_of=1, name='start_pos', addrspace=AddrSpace.ALU, device='NV'), src=(
    UOp(Ops.STACK, dtypes.void, arg=None, src=()),)),
  UOp(Ops.CONST, dtypes.weakint, arg=1, src=()),)), 1, 1)",59,0.029952,0,ok,0.000011,0.000011;0.000011;0.000011
A,13,10,1787806327.214415,"(UOp(Ops.ADD, dtypes.int, arg=None, src=(
  UOp(Ops.PARAM, dtypes.int, arg=ParamArg(4, dtypes.int, vmin_vmax=(0, 511), multiple_of=1, name='start_pos', addrspace=AddrSpace.ALU, device='NV'), src=(
    UOp(Ops.STACK, dtypes.void, arg=None, src=()),)),
  UOp(Ops.CONST, dtypes.weakint, arg=1, src=()),)), 1, 1)",91,0.029952,0,ok,0.000011,0.000011;0.000011;0.000011
A,13,11,1787806327.236054,"(UOp(Ops.ADD, dtypes.int, arg=None, src=(
  UOp(Ops.PARAM, dtypes.int, arg=ParamArg(4, dtypes.int, vmin_vmax=(0, 511), multiple_of=1, name='start_pos', addrspace=AddrSpace.ALU, device='NV'), src=(
    UOp(Ops.STACK, dtypes.void, arg=None, src=()),)),
  UOp(Ops.CONST, dtypes.weakint, arg=1, src=()),)), 1, 1)",55,0.029952,0,ok,0.000011,0.000011;0.000011;0.000011
A,13,12,1787806327.273234,"(UOp(Ops.ADD, dtypes.int, arg=None, src=(
  UOp(Ops.PARAM, dtypes.int, arg=ParamArg(4, dtypes.int, vmin_vmax=(0, 511), multiple_of=1, name='start_pos', addrspace=AddrSpace.ALU, device='NV'), src=(
    UOp(Ops.STACK, dtypes.void, arg=None, src=()),)),
  UOp(Ops.CONST, dtypes.weakint, arg=1, src=()),)), 2, 1)",68,0.029952,0,ok,0.000011,0.000011;0.000011;0.000011
A,13,13,1787806327.311325,"(UOp(Ops.ADD, dtypes.int, arg=None, src=(
  UOp(Ops.PARAM, dtypes.int, arg=ParamArg(4, dtypes.int, vmin_vmax=(0, 511), multiple_of=1, name='start_pos', addrspace=AddrSpace.ALU, device='NV'), src=(
    UOp(Ops.STACK, dtypes.void, arg=None, src=()),)),
  UOp(Ops.CONST, dtypes.weakint, arg=1, src=()),)), 2, 1)",276,0.029952,0,ok,0.000012,0.000012;0.000012;0.000013
A,13,14,1787806327.320273,"(UOp(Ops.ADD, dtypes.int, arg=None, src=(
  UOp(Ops.PARAM, dtypes.int, arg=ParamArg(4, dtypes.int, vmin_vmax=(0, 511), multiple_of=1, name='start_pos', addrspace=AddrSpace.ALU, device='NV'), src=(
    UOp(Ops.STACK, dtypes.void, arg=None, src=()),)),
  UOp(Ops.CONST, dtypes.weakint, arg=1, src=()),)), 2, 1)",96,0.029952,0,ok,0.000011,0.000011;0.000011;0.000011
A,13,15,1787806327.330057,"(UOp(Ops.ADD, dtypes.int, arg=None, src=(
  UOp(Ops.PARAM, dtypes.int, arg=ParamArg(4, dtypes.int, vmin_vmax=(0, 511), multiple_of=1, name='start_pos', addrspace=AddrSpace.ALU, device='NV'), src=(
    UOp(Ops.STACK, dtypes.void, arg=None, src=()),)),
  UOp(Ops.CONST, dtypes.weakint, arg=1, src=()),)), 1, 1)",48,0.029952,0,ok,0.000010,0.000011;0.000010;0.000010
A,13,16,1787806327.340095,"(2, UOp(Ops.ADD, dtypes.int, arg=None, src=(
  UOp(Ops.PARAM, dtypes.int, arg=ParamArg(4, dtypes.int, vmin_vmax=(0, 511), multiple_of=1, name='start_pos', addrspace=AddrSpace.ALU, device='NV'), src=(
    UOp(Ops.STACK, dtypes.void, arg=None, src=()),)),
  UOp(Ops.CONST, dtypes.weakint, arg=1, src=()),)), 1)",54,0.029952,0,ok,0.000011,0.000011;0.000011;0.000011
A,14,1,1787806327.427827,"(64, 32, 1)",82,inf,0,ok,0.000034,0.000053;0.000034;0.000035
A,14,2,1787806327.433865,"(128, 16, 1)",85,inf,0,ok,0.000037,0.000037;0.000037;0.000037
A,14,3,1787806327.473473,"(128, 8, 1)",128,inf,0,ok,0.000036,0.000036;0.000036;0.000037
A,14,4,1787806327.479727,"(32, 32, 1)",106,inf,0,ok,0.000024,0.000024;0.000024;0.000024
A,14,5,1787806327.508580,"(64, 32, 1)",69,inf,0,ok,0.000033,0.000033;0.000034;0.000034
A,14,6,1787806327.514241,"(128, 16, 1)",73,inf,0,ok,0.000034,0.000034;0.000035;0.000034
A,14,7,1787806327.543030,"(128, 8, 1)",72,inf,0,ok,0.000023,0.000024;0.000023;0.000024
A,14,8,1787806327.548335,"(32, 32, 1)",69,inf,0,ok,0.000022,0.000023;0.000022;0.000022
A,14,9,1787806327.578979,"(128, 4, 1)",81,inf,0,ok,0.000024,0.000025;0.000024;0.000024
A,14,10,1787806327.584734,"(16, 32, 1)",71,inf,0,ok,0.000022,0.000022;0.000022;0.000022
A,14,11,1787806327.615141,"(8, 32, 1)",71,inf,0,ok,0.000021,0.000021;0.000022;0.000021
A,14,12,1787806327.621050,"(128, 2, 1)",77,inf,0,ok,0.000026,0.000026;0.000026;0.000026
A,14,13,1787806327.648626,"(32, 128, 1)",66,inf,0,ok,0.000054,0.000054;0.000054;0.000055
A,14,14,1787806327.654483,"(128, 1, 1)",66,inf,0,ok,0.000028,0.000028;0.000028;0.000028
A,14,15,1787806327.742051,"(32, 1, 1)",212,0.06412799999999999,0,ok,0.000039,0.000039;0.000039;0.000039
A,14,16,1787806327.766502,"(8, 32, 1)",283,0.06412799999999999,0,ok,0.000039,0.000039;0.000039;0.000039
A,14,17,1787806328.166392,"(8, 16, 1)",90,0.06412799999999999,0,ok,0.000015,0.000015;0.000016;0.000015
A,14,18,1787806328.187650,"(4, 32, 1)",91,0.06412799999999999,0,ok,0.000022,0.000023;0.000023;0.000022
A,14,19,1787806328.208406,"(8, 32, 1)",87,0.06412799999999999,0,ok,0.000022,0.000022;0.000022;0.000022
A,14,20,1787806328.234885,"(8, 8, 1)",131,0.06412799999999999,0,ok,0.000023,0.000023;0.000023;0.000023
A,14,21,1787806328.257973,"(2, 32, 1)",131,0.06412799999999999,0,ok,0.000024,0.000024;0.000025;0.000024
A,14,22,1787806328.282644,"(8, 32, 1)",111,0.06412799999999999,0,ok,0.000022,0.000022;0.000023;0.000022
A,14,23,1787806328.293754,"(8, 16, 1)",76,0.06412799999999999,0,ok,0.000022,0.000022;0.000022;0.000022
A,14,24,1787806328.318147,"(4, 32, 1)",74,0.06412799999999999,0,ok,0.000021,0.000021;0.000021;0.000021
A,14,25,1787806328.331178,"(8, 8, 1)",73,0.06412799999999999,0,ok,0.000021,0.000021;0.000021;0.000021
A,14,26,1787806328.354726,"(2, 32, 1)",74,0.06412799999999999,0,ok,0.000021,0.000021;0.000021;0.000022
A,14,27,1787806328.369244,"(8, 4, 1)",82,0.06412799999999999,0,ok,0.000021,0.000021;0.000022;0.000022
A,14,28,1787806328.388827,"(32, 1, 1)",71,0.06412799999999999,0,ok,0.000021,0.000022;0.000022;0.000021
A,14,29,1787806328.407790,"(8, 2, 1)",82,0.06412799999999999,0,ok,0.000021,0.000021;0.000022;0.000022
A,14,30,1787806328.423359,"(8, 1, 1)",71,0.06412799999999999,0,ok,0.000022,0.000023;0.000023;0.000022
A,14,31,1787806328.441147,"(32, 8, 1)",71,0.06412799999999999,0,ok,0.000021,0.000022;0.000021;0.000022
A,14,32,1787806328.499523,"(16, 32, 1)",165,0.06412799999999999,0,ok,0.000027,0.000027;0.000027;0.000027
A,14,33,1787806328.508798,"(32, 1, 1)",382,0.06412799999999999,0,ok,0.000066,0.000066
A,14,34,1787806328.537968,"(8, 32, 1)",91,0.06412799999999999,0,ok,0.000023,0.000023;0.000023;0.000023
A,14,35,1787806328.544024,"(16, 16, 1)",90,0.06412799999999999,0,ok,0.000016,0.000016;0.000016;0.000016
A,14,36,1787806328.578516,"(16, 32, 1)",87,0.06412799999999999,0,ok,0.000022,0.000022;0.000023;0.000022
A,14,37,1787806328.585885,"(16, 8, 1)",131,0.06412799999999999,0,ok,0.000023,0.000023;0.000023;0.000023
A,14,38,1787806328.627531,"(4, 32, 1)",133,0.06412799999999999,0,ok,0.000024,0.000024;0.000024;0.000024
A,14,39,1787806328.634157,"(16, 32, 1)",109,0.06412799999999999,0,ok,0.000023,0.000023;0.000023;0.000023
A,14,40,1787806328.663962,"(16, 16, 1)",76,0.06412799999999999,0,ok,0.000021,0.000021;0.000022;0.000022
A,14,41,1787806328.670202,"(8, 32, 1)",76,0.06412799999999999,0,ok,0.000022,0.000022;0.000022;0.000022
A,14,42,1787806328.698933,"(16, 8, 1)",75,0.06412799999999999,0,ok,0.000022,0.000022;0.000022;0.000022
A,14,43,1787806328.705159,"(4, 32, 1)",78,0.06412799999999999,0,ok,0.000021,0.000022;0.000022;0.000021
A,14,44,1787806328.734377,"(2, 32, 1)",76,0.06412799999999999,0,ok,0.000021,0.000022;0.000022;0.000021
A,14,45,1787806328.740473,"(16, 4, 1)",84,0.06412799999999999,0,ok,0.000022,0.000022;0.000022;0.000022
A,14,46,1787806328.769392,"(32, 1, 1)",71,0.06412799999999999,0,ok,0.000021,0.000022;0.000022;0.000021
A,14,47,1787806328.776123,"(16, 2, 1)",82,0.06412799999999999,0,ok,0.000021,0.000022;0.000021;0.000022
A,14,48,1787806328.807660,"(16, 1, 1)",71,0.06412799999999999,0,ok,0.000022,0.000022;0.000022;0.000022
A,14,49,1787806329.189188,"(32, 16, 1)",71,0.06412799999999999,0,ok,0.000022,0.000022;0.000022;0.000022
A,14,50,1787806329.323130,"(16, 1, 1)",341,0.044352,0,ok,0.000040,0.000041;0.000040;0.000041
A,14,51,1787806329.451507,"(8, 16, 1)",486,0.044352,0,ok,0.000042,0.000042;0.000042;0.000042
A,14,52,1787806329.522077,"(4, 16, 1)",126,0.044352,0,ok,0.000023,0.000024;0.000023;0.000023
A,14,53,1787806329.553132,"(8, 1, 1)",728,0.044352,0,ok,0.000065,0.000065
A,14,54,1787806329.573155,"(8, 16, 1)",116,0.044352,0,ok,0.000022,0.000023;0.000023;0.000022
A,14,55,1787806329.613905,"(8, 4, 1)",217,0.044352,0,ok,0.000034,0.000034;0.000034;0.000034
A,14,56,1787806329.635936,"(2, 16, 1)",196,0.044352,0,ok,0.000026,0.000026;0.000026;0.000026
A,14,57,1787806329.674855,"(8, 16, 1)",160,0.044352,0,ok,0.000023,0.000023;0.000024;0.000023
A,14,58,1787806329.681997,"(8, 8, 1)",98,0.044352,0,ok,0.000015,0.000015;0.000015;0.000015
A,14,59,1787806329.719207,"(4, 16, 1)",95,0.044352,0,ok,0.000015,0.000015;0.000015;0.000015
A,14,60,1787806329.726112,"(8, 4, 1)",101,0.044352,0,ok,0.000017,0.000017;0.000017;0.000017
A,14,61,1787806329.763959,"(2, 16, 1)",95,0.044352,0,ok,0.000016,0.000017;0.000017;0.000016
A,14,62,1787806329.773548,"(8, 2, 1)",103,0.044352,0,ok,0.000019,0.000019;0.000020;0.000019
A,14,63,1787806329.806356,"(16, 1, 1)",90,0.044352,0,ok,0.000019,0.000019;0.000020;0.000019
A,14,64,1787806329.816429,"(8, 1, 1)",90,0.044352,0,ok,0.000019,0.000020;0.000020;0.000019
A,14,65,1787806329.849266,"(16, 8, 1)",90,0.044352,0,ok,0.000015,0.000015;0.000015;0.000015
A,14,66,1787806329.966868,"(16, 1, 1)",728,0.044352,0,ok,0.000064,0.000064
A,14,67,1787806329.973956,"(16, 1, 1)",639,0.044352,0,ok,0.000070,0.000070
A,14,68,1787806330.037574,"(16, 16, 1)",264,0.044352,0,ok,0.000036,0.000036;0.000037;0.000037
A,14,69,1787806330.045784,"(8, 16, 1)",124,0.044352,0,ok,0.000023,0.000024;0.000023;0.000023
A,14,70,1787806330.085849,"(16, 16, 1)",116,0.044352,0,ok,0.000022,0.000023;0.000023;0.000022
A,14,71,1787806330.102353,"(16, 4, 1)",217,0.044352,0,ok,0.000034,0.000034;0.000034;0.000034
A,14,72,1787806330.146505,"(4, 16, 1)",194,0.044352,0,ok,0.000025,0.000025;0.000025;0.000025
A,14,73,1787806330.158974,"(16, 16, 1)",160,0.044352,0,ok,0.000023,0.000024;0.000023;0.000023
A,14,74,1787806330.191199,"(16, 8, 1)",98,0.044352,0,ok,0.000015,0.000016;0.000015;0.000015
A,14,75,1787806330.204543,"(8, 16, 1)",95,0.044352,0,ok,0.000015,0.000015;0.000015;0.000015
A,14,76,1787806330.255613,"(16, 4, 1)",103,0.044352,0,ok,0.000016,0.000016;0.000016;0.000017
A,14,77,1787806330.301008,"(4, 16, 1)",97,0.044352,0,ok,0.000015,0.000015;0.000015;0.000015
A,14,78,1787806330.351827,"(16, 2, 1)",103,0.044352,0,ok,0.000017,0.000018;0.000017;0.000017
A,14,79,1787806330.634956,"(2, 16, 1)",95,0.044352,0,ok,0.000016,0.000017;0.000017;0.000016
A,14,80,1787806330.677316,"(16, 1, 1)",90,0.044352,0,ok,0.000019,0.000020;0.000019;0.000019
A,14,81,1787806330.721305,"(16, 16, 1)",90,0.044352,0,ok,0.000016,0.000016;0.000016;0.000016
A,14,82,1787806330.794807,"(16, 1, 1)",90,0.044352,0,ok,0.000020,0.000020;0.000020;0.000020
A,14,83,1787806330.921411,"(16, 1, 1)",344,0.043872,0,ok,0.000041,0.000041;0.000041;0.000041
A,14,84,1787806330.994527,"(8, 1, 1)",731,0.043872,0,ok,0.000065,0.000065
A,14,85,1787806331.004368,"(8, 16, 1)",267,0.043872,0,ok,0.000036,0.000037;0.000036;0.000036
A,14,86,1787806331.046589,"(8, 8, 1)",134,0.043872,0,ok,0.000023,0.000023;0.000023;0.000023
A,14,87,1787806331.064062,"(4, 16, 1)",129,0.043872,0,ok,0.000023,0.000023;0.000023;0.000023
A,14,88,1787806331.097952,"(8, 16, 1)",119,0.043872,0,ok,0.000023,0.000023;0.000023;0.000023
A,14,89,1787806331.130646,"(8, 4, 1)",218,0.043872,0,ok,0.000033,0.000034;0.000033;0.000034
A,14,90,1787806331.164428,"(2, 16, 1)",199,0.043872,0,ok,0.000025,0.000025;0.000025;0.000025
A,14,91,1787806331.192777,"(8, 16, 1)",163,0.043872,0,ok,0.000023,0.000024;0.000023;0.000024
A,14,92,1787806331.210388,"(8, 8, 1)",103,0.043872,0,ok,0.000015,0.000016;0.000015;0.000015
A,14,93,1787806331.239330,"(4, 16, 1)",100,0.043872,0,ok,0.000015,0.000015;0.000015;0.000015
A,14,94,1787806331.259738,"(8, 4, 1)",106,0.043872,0,ok,0.000016,0.000017;0.000016;0.000017
A,14,95,1787806331.285821,"(2, 16, 1)",100,0.043872,0,ok,0.000016,0.000017;0.000016;0.000017
A,14,96,1787806331.308887,"(8, 2, 1)",108,0.043872,0,ok,0.000019,0.000020;0.000020;0.000019
A,14,97,1787806331.329597,"(16, 1, 1)",95,0.043872,0,ok,0.000019,0.000020;0.000019;0.000020
A,14,98,1787806331.355235,"(8, 1, 1)",95,0.043872,0,ok,0.000020,0.000020;0.000020;0.000020
A,14,99,1787806331.373269,"(16, 8, 1)",95,0.043872,0,ok,0.000015,0.000015;0.000015;0.000015
A,14,100,1787806331.531549,"(16, 8, 1)",486,0.043872,0,ok,0.000042,0.000042;0.000042;0.000042
A,14,101,1787806331.540888,"(16, 4, 1)",126,0.043872,0,ok,0.000023,0.000024;0.000023;0.000023
A,14,102,1787806331.574122,"(8, 8, 1)",131,0.043872,0,ok,0.000023,0.000023;0.000023;0.000023
A,14,103,1787806331.580377,"(16, 8, 1)",116,0.043872,0,ok,0.000022,0.000022;0.000022;0.000022
A,14,104,1787806331.635951,"(16, 2, 1)",196,0.043872,0,ok,0.000026,0.000026;0.000026;0.000026
A,14,105,1787806331.644120,"(4, 8, 1)",217,0.043872,0,ok,0.000034,0.000034;0.000034;0.000034
A,14,106,1787806331.697622,"(16, 8, 1)",160,0.043872,0,ok,0.000023,0.000023;0.000023;0.000024
A,14,107,1787806331.742529,"(16, 4, 1)",95,0.043872,0,ok,0.000015,0.000015;0.000015;0.000015
A,14,108,1787806332.083673,"(8, 8, 1)",98,0.043872,0,ok,0.000015,0.000015;0.000015;0.000015
A,14,109,1787806332.135816,"(4, 8, 1)",101,0.043872,0,ok,0.000016,0.000016;0.000017;0.000017
A,14,110,1787806332.184369,"(16, 2, 1)",95,0.043872,0,ok,0.000017,0.000017;0.000017;0.000017
A,14,111,1787806332.198579,"(2, 8, 1)",103,0.043872,0,ok,0.000019,0.000020;0.000019;0.000019
A,14,112,1787806332.336323,"(8, 1, 1)",345,0.043680000000000004,0,ok,0.000041,0.000042;0.000041;0.000041
A,14,113,1787806332.344528,"(8, 1, 1)",405,0.043680000000000004,0,ok,0.000062,0.000062
A,14,114,1787806332.418032,"(8, 4, 1)",134,0.043680000000000004,0,ok,0.000023,0.000024;0.000023;0.000023
A,14,115,1787806332.461814,"(8, 8, 1)",490,0.043680000000000004,0,ok,0.000042,0.000042;0.000042;0.000042
A,14,116,1787806332.474517,"(4, 8, 1)",142,0.043680000000000004,0,ok,0.000024,0.000024;0.000024;0.000024
A,14,117,1787806332.508191,"(8, 8, 1)",124,0.043680000000000004,0,ok,0.000022,0.000022;0.000022;0.000023
A,14,118,1787806332.539445,"(8, 2, 1)",204,0.043680000000000004,0,ok,0.000026,0.000026;0.000026;0.000026
A,14,119,1787806332.581804,"(2, 8, 1)",234,0.043680000000000004,0,ok,0.000036,0.000037;0.000037;0.000036
A,14,120,1787806332.603744,"(8, 8, 1)",168,0.043680000000000004,0,ok,0.000023,0.000024;0.000024;0.000023
A,14,121,1787806332.628503,"(8, 4, 1)",103,0.043680000000000004,0,ok,0.000017,0.000017;0.000017;0.000017
A,14,122,1787806332.651534,"(4, 8, 1)",109,0.043680000000000004,0,ok,0.000016,0.000017;0.000016;0.000017
A,14,123,1787806332.673764,"(8, 2, 1)",103,0.043680000000000004,0,ok,0.000020,0.000020;0.000021;0.000020
A,14,124,1787806332.699101,"(2, 8, 1)",109,0.043680000000000004,0,ok,0.000019,0.000019;0.000019;0.000019
A,14,125,1787806332.717814,"(8, 1, 1)",98,0.043680000000000004,0,ok,0.000019,0.000020;0.000019;0.000020
A,14,126,1787806332.743321,"(8, 1, 1)",98,0.043680000000000004,0,ok,0.000019,0.000020;0.000020;0.000019
A,14,127,1787806332.861392,"(16, 8, 1)",267,0.043680000000000004,0,ok,0.000037,0.000037;0.000037;0.000037
A,14,128,1787806332.908175,"(16, 8, 1)",124,0.043680000000000004,0,ok,0.000023,0.000023;0.000023;0.000024
A,14,129,1787806332.914928,"(16, 4, 1)",129,0.043680000000000004,0,ok,0.000023,0.000023;0.000023;0.000023
A,14,130,1787806332.962549,"(8, 8, 1)",134,0.043680000000000004,0,ok,0.000023,0.000023;0.000023;0.000023
A,14,131,1787806333.015534,"(16, 8, 1)",119,0.043680000000000004,0,ok,0.000022,0.000022;0.000022;0.000023
A,14,132,1787806333.083175,"(16, 2, 1)",199,0.043680000000000004,0,ok,0.000026,0.000026;0.000026;0.000026
A,14,133,1787806333.359777,"(4, 8, 1)",218,0.043680000000000004,0,ok,0.000034,0.000034;0.000034;0.000034
A,14,134,1787806333.408048,"(16, 4, 1)",100,0.043680000000000004,0,ok,0.000015,0.000015;0.000015;0.000016
A,14,135,1787806333.455203,"(8, 8, 1)",103,0.043680000000000004,0,ok,0.000015,0.000015;0.000016;0.000015
A,14,136,1787806333.502913,"(16, 2, 1)",100,0.043680000000000004,0,ok,0.000016,0.000017;0.000017;0.000016
A,14,137,1787806333.519212,"(16, 8, 1)",163,0.043680000000000004,0,ok,0.000023,0.000023;0.000023;0.000024
A,14,138,1787806333.551644,"(4, 8, 1)",106,0.043680000000000004,0,ok,0.000016,0.000017;0.000017;0.000016
A,14,139,1787806333.581792,"(2, 8, 1)",108,0.043680000000000004,0,ok,0.000019,0.000019;0.000020;0.000020
A,15,1,1787806333.697938,"(2048, 1, 1)",140,inf,0,ok,0.000512,0.000527;0.000514;0.000512
A,15,2,1787806333.705496,"(1024, 1, 1)",202,inf,0,ok,0.000488,0.000488;0.000489;0.000489
A,15,3,1787806333.730793,"(4096, 1, 1)",169,inf,0,ok,0.000568,0.000569;0.000570;0.000568
A,15,4,1787806333.749206,"(4096, 1, 1)",109,inf,0,ok,0.000445,0.000446;0.000446;0.000445
A,15,5,1787806333.767388,"(4096, 1, 1)",473,inf,0,ok,0.000533,0.000533;0.000533;0.000533
A,15,6,1787806333.795497,"(4096, 1, 1)",179,inf,0,ok,0.000568,0.000568;0.000569;0.000569
A,15,7,1787806333.819717,"(4096, 1, 1)",150,inf,0,ok,0.000395,0.000396;0.000395;0.000395
A,15,8,1787806333.835179,"(2048, 1, 1)",116,inf,0,ok,0.000322,0.000323;0.000322;0.000323
A,15,9,1787806333.848678,"(4096, 1, 1)",588,inf,0,ok,0.000363,0.000363;0.000364;0.000363
A,15,10,1787806333.857840,"(1024, 1, 1)",118,inf,0,ok,0.000222,0.000222;0.000222;0.000222
A,15,11,1787806333.864223,"(512, 1, 1)",118,inf,0,ok,0.000192,0.000193;0.000192;0.000193
A,15,12,1787806333.870456,"(256, 1, 1)",118,inf,0,ok,0.000214,0.000214;0.000215;0.000217
A,15,13,1787806333.887013,"(4096, 1, 1)",127,inf,0,ok,0.000164,0.000164;0.000164;0.000164
A,15,14,1787806333.904779,"(4096, 1, 1)",127,inf,0,ok,0.000177,0.000177;0.000178;0.000179
A,15,15,1787806333.911044,"(4096, 1, 1)",127,inf,0,ok,0.000274,0.000275;0.000274;0.000275
A,15,16,1787806333.924514,"(4096, 1, 1)",139,inf,0,ok,0.000196,0.000196;0.000197;0.000196
A,15,17,1787806333.931241,"(4096, 1, 1)",139,inf,0,ok,0.000173,0.000173;0.000174;0.000173
A,15,18,1787806333.940904,"(128, 1, 1)",118,inf,0,ok,0.000240,0.000241;0.000241;0.000240
A,15,19,1787806334.021561,"(2048, 1, 1)",177,0.4921919999999999,0,ok,0.000119,0.000119;0.000120;0.000120
A,15,20,1787806334.065741,"(1024, 1, 1)",259,0.4921919999999999,0,ok,0.000138,0.000139;0.000139;0.000138
A,15,21,1787806334.179425,"(4096, 1, 1)",191,0.4921919999999999,0,ok,0.000159,0.000160;0.000159;0.000160
A,15,22,1787806334.203838,"(4096, 1, 1)",131,0.4921919999999999,0,ok,0.000153,0.000153;0.000154;0.000153
A,15,23,1787806334.311617,"(4096, 1, 1)",610,0.4921919999999999,0,ok,0.000065,0.000065;0.000065;0.000065
A,15,24,1787806334.341423,"(4096, 1, 1)",172,0.4921919999999999,0,ok,0.000077,0.000078;0.000078;0.000077
A,15,25,1787806334.367785,"(4096, 1, 1)",201,0.4921919999999999,0,ok,0.000211,0.000211;0.000211;0.000212
A,15,26,1787806334.375527,"(2048, 1, 1)",141,0.4921919999999999,0,ok,0.000111,0.000111;0.000111;0.000111
A,15,27,1787806334.391324,"(512, 1, 1)",145,0.4921919999999999,0,ok,0.000116,0.000116;0.000116;0.000116
A,15,28,1787806334.398172,"(1024, 1, 1)",145,0.4921919999999999,0,ok,0.000108,0.000109;0.000108;0.000108
A,15,29,1787806334.413087,"(256, 1, 1)",143,0.4921919999999999,0,ok,0.000126,0.000128;0.000127;0.000126
A,15,30,1787806334.419533,"(4096, 1, 1)",138,0.4921919999999999,0,ok,0.000119,0.000119;0.000119;0.000119
A,15,31,1787806334.434224,"(4096, 1, 1)",136,0.4921919999999999,0,ok,0.000157,0.000157;0.000157;0.000157
A,15,32,1787806334.440731,"(4096, 1, 1)",136,0.4921919999999999,0,ok,0.000227,0.000227;0.000227;0.000227
A,15,33,1787806334.455246,"(4096, 1, 1)",134,0.4921919999999999,0,ok,0.000152,0.000154;0.000153;0.000152
A,15,34,1787806334.474759,"(4096, 1, 1)",138,0.4921919999999999,0,ok,0.000090,0.000090;0.000090;0.000090
A,15,35,1787806334.481028,"(4096, 1, 1)",137,0.4921919999999999,0,ok,0.000089,0.000089;0.000090;0.000091
A,15,36,1787806334.495863,"(4096, 1, 1)",138,0.4921919999999999,0,ok,0.000119,0.000120;0.000119;0.000120
A,15,37,1787806334.502438,"(128, 1, 1)",145,0.4921919999999999,0,ok,0.000126,0.000126;0.000126;0.000127
A,15,38,1787806334.533736,"(2048, 1, 1)",189,0.4921919999999999,0,ok,0.000121,0.000121;0.000122;0.000121
A,15,39,1787806334.550702,"(1024, 1, 1)",269,0.4921919999999999,0,ok,0.000102,0.000102;0.000102;0.000103
A,15,40,1787806334.576361,"(4096, 1, 1)",153,0.4921919999999999,0,ok,0.000170,0.000170;0.000170;0.000170
A,15,41,1787806334.582997,"(4096, 1, 1)",279,0.4921919999999999,0,ok,0.000569,0.000569
A,15,42,1787806334.601989,"(4096, 1, 1)",143,0.4921919999999999,0,ok,0.000159,0.000159;0.000159;0.000159
A,15,43,1787806334.608294,"(4096, 1, 1)",203,0.4921919999999999,0,ok,0.000161,0.000162;0.000162;0.000161
A,15,44,1787806334.643450,"(4096, 1, 1)",213,0.4921919999999999,0,ok,0.000293,0.000293;0.000293;0.000294
A,15,45,1787806334.674838,"(4096, 1, 1)",184,0.4921919999999999,0,ok,0.000086,0.000087;0.000086;0.000088
A,15,46,1787806334.697194,"(2048, 1, 1)",153,0.4921919999999999,0,ok,0.000116,0.000116;0.000116;0.000116
A,15,47,1787806334.710636,"(4096, 1, 1)",622,0.4921919999999999,0,ok,0.000072,0.000072;0.000072;0.000072
A,15,48,1787806334.719499,"(1024, 1, 1)",155,0.4921919999999999,0,ok,0.000084,0.000084;0.000084;0.000084
A,15,49,1787806334.733114,"(512, 1, 1)",157,0.4921919999999999,0,ok,0.000088,0.000088;0.000088;0.000088
A,15,50,1787806334.743890,"(256, 1, 1)",155,0.4921919999999999,0,ok,0.000091,0.000091;0.000092;0.000092
A,15,51,1787806334.767138,"(4096, 1, 1)",146,0.4921919999999999,0,ok,0.000165,0.000165;0.000165;0.000166
A,15,52,1787806334.957786,"(4096, 1, 1)",146,0.4921919999999999,0,ok,0.000154,0.000154;0.000154;0.000156
A,15,53,1787806334.980829,"(128, 1, 1)",157,0.4921919999999999,0,ok,0.000089,0.000089;0.000089;0.000089
A,15,54,1787806334.988853,"(4096, 1, 1)",146,0.4921919999999999,0,ok,0.000159,0.000159;0.000159;0.000159
A,15,55,1787806335.291287,"(2048, 1, 1)",1094,0.19411199999999998,0,ok,0.000055,0.000056;0.000056;0.000055
A,15,56,1787806335.490092,"(1024, 1, 1)",2044,0.19411199999999998,0,ok,0.000062,0.000062;0.000063;0.000063
A,15,57,1787806335.669336,"(4096, 1, 1)",768,0.19411199999999998,0,ok,0.000066,0.000067;0.000066;0.000066
A,15,58,1787806335.731285,"(4096, 1, 1)",2151,0.19411199999999998,0,ok,0.000064,0.000065;0.000065;0.000064
A,15,59,1787806335.844194,"(2048, 1, 1)",624,0.19411199999999998,0,ok,0.000065,0.000065;0.000066;0.000065
A,15,60,1787806335.947419,"(1024, 1, 1)",628,0.19411199999999998,0,ok,0.000071,0.000072;0.000071;0.000071
A,15,61,1787806336.051086,"(512, 1, 1)",628,0.19411199999999998,0,ok,0.000072,0.000072;0.000072;0.000072
A,15,62,1787806336.134182,"(4096, 1, 1)",2187,0.19411199999999998,0,ok,0.000105,0.000106;0.000105;0.000105
A,15,63,1787806336.155828,"(256, 1, 1)",626,0.19411199999999998,0,ok,0.000074,0.000074;0.000075;0.000074
A,15,64,1787806336.242037,"(4096, 1, 1)",619,0.19411199999999998,0,ok,0.000058,0.000058;0.000058;0.000059
A,15,65,1787806336.262813,"(4096, 1, 1)",617,0.19411199999999998,0,ok,0.000066,0.000066;0.000067;0.000067
A,15,66,1787806336.347230,"(128, 1, 1)",626,0.19411199999999998,0,ok,0.000078,0.000078;0.000078;0.000078
A,15,67,1787806336.502461,"(2048, 1, 1)",1106,0.19411199999999998,0,ok,0.000062,0.000063;0.000062;0.000062
A,15,68,1787806336.778852,"(1024, 1, 1)",2054,0.19411199999999998,0,ok,0.000077,0.000078;0.000078;0.000077
A,15,69,1787806337.022238,"(4096, 1, 1)",1137,0.19411199999999998,0,ok,0.000070,0.000070;0.000070;0.000070
A,15,70,1787806337.461727,"(4096, 1, 1)",2163,0.19411199999999998,0,ok,0.000071,0.000072;0.000071;0.000072
A,15,71,1787806337.643214,"(4096, 1, 1)",780,0.19411199999999998,0,ok,0.000076,0.000076;0.000076;0.000076
A,15,72,1787806337.752624,"(2048, 1, 1)",636,0.19411199999999998,0,ok,0.000069,0.000070;0.000070;0.000069
A,15,73,1787806337.862324,"(1024, 1, 1)",638,0.19411199999999998,0,ok,0.000067,0.000067;0.000067;0.000067
A,15,74,1787806337.973837,"(512, 1, 1)",640,0.19411199999999998,0,ok,0.000068,0.000068;0.000069;0.000068
A,15,75,1787806338.066261,"(4096, 1, 1)",2199,0.19411199999999998,0,ok,0.000252,0.000252
A,15,76,1787806338.085221,"(256, 1, 1)",638,0.19411199999999998,0,ok,0.000073,0.000073;0.000073;0.000074
A,15,77,1787806338.177665,"(4096, 1, 1)",629,0.19411199999999998,0,ok,0.000065,0.000066;0.000066;0.000065
A,15,78,1787806338.198298,"(4096, 1, 1)",629,0.19411199999999998,0,ok,0.000058,0.000058;0.000058;0.000058
A,15,79,1787806338.292034,"(4096, 1, 1)",629,0.19411199999999998,0,ok,0.000075,0.000075;0.000076;0.000076
A,15,80,1787806338.326850,"(128, 1, 1)",638,0.19411199999999998,0,ok,0.000073,0.000073;0.000074;0.000074
A,15,81,1787806339.927753,"(2048, 1, 1)",1352,0.166464,0,ok,0.000053,0.000054;0.000054;0.000053
A,15,82,1787806340.379286,"(1024, 1, 1)",1110,0.166464,0,ok,0.000059,0.000060;0.000059;0.000060
A,15,83,1787806340.602592,"(512, 1, 1)",1108,0.166464,0,ok,0.000055,0.000055;0.000055;0.000055
A,15,84,1787806340.828027,"(256, 1, 1)",1108,0.166464,0,ok,0.000063,0.000063;0.000063;0.000063
A,15,85,1787806341.065196,"(128, 1, 1)",1106,0.166464,0,ok,0.000061,0.000061;0.000061;0.000061
A,15,86,1787806341.227173,"(2048, 1, 1)",1099,0.166464,0,ok,0.000048,0.000048;0.000049;0.000048
A,15,87,1787806341.294882,"(2048, 1, 1)",1103,0.166464,0,ok,0.000055,0.000055;0.000056;0.000056
A,15,88,1787806341.455130,"(64, 1, 1)",1110,0.166464,0,ok,0.000060,0.000060;0.000061;0.000060
A,15,89,1787806341.531755,"(2048, 1, 1)",1113,0.166464,0,ok,0.000041,0.000041;0.000042;0.000041
A,15,90,1787806341.877611,"(1024, 1, 1)",2061,0.166464,0,ok,0.000039,0.000040;0.000040;0.000039
A,15,91,1787806342.564291,"(4096, 1, 1)",1144,0.166464,0,ok,0.000055,0.000056;0.000055;0.000056
A,15,92,1787806342.744529,"(4096, 1, 1)",787,0.166464,0,ok,0.000056,0.000056;0.000057;0.000056
A,15,93,1787806342.853324,"(2048, 1, 1)",645,0.166464,0,ok,0.000057,0.000057;0.000057;0.000057
A,15,94,1787806342.964552,"(1024, 1, 1)",647,0.166464,0,ok,0.000054,0.000054;0.000055;0.000057
A,15,95,1787806343.074484,"(512, 1, 1)",647,0.166464,0,ok,0.000057,0.000058;0.000057;0.000058
A,15,96,1787806343.112610,"(4096, 1, 1)",2206,0.166464,0,ok,0.000068,0.000069;0.000068;0.000069
A,15,97,1787806343.185937,"(256, 1, 1)",645,0.166464,0,ok,0.000065,0.000065;0.000066;0.000066
A,15,98,1787806343.223909,"(4096, 1, 1)",638,0.166464,0,ok,0.000057,0.000057;0.000058;0.000058
A,15,99,1787806343.295909,"(4096, 1, 1)",635,0.166464,0,ok,0.000066,0.000066;0.000066;0.000066
A,15,100,1787806343.334590,"(128, 1, 1)",645,0.166464,0,ok,0.000065,0.000065;0.000066;0.000066
A,15,101,1787806344.766736,"(512, 1, 1)",2077,0.117984,0,ok,0.000040,0.000040;0.000041;0.000041
A,15,102,1787806344.935325,"(1024, 1, 1)",2519,0.117984,0,ok,0.000035,0.000035;0.000036;0.000035
A,15,103,1787806345.416631,"(256, 1, 1)",2075,0.117984,0,ok,0.000041,0.000041;0.000041;0.000041
A,15,104,1787806345.653997,"(128, 1, 1)",2075,0.117984,0,ok,0.000046,0.000047;0.000046;0.000047
A,15,105,1787806345.834188,"(64, 1, 1)",2079,0.117984,0,ok,0.000083,0.000083;0.000084;0.000084
A,15,106,1787806346.089925,"(1024, 1, 1)",2070,0.117984,0,ok,0.000039,0.000039;0.000039;0.000039
A,15,107,1787806346.288452,"(1024, 1, 1)",2068,0.117984,0,ok,0.000040,0.000040;0.000041;0.000041
A,15,108,1787806346.514134,"(32, 1, 1)",2075,0.117984,0,ok,0.000168,0.000168
A,15,109,1787806348.022872,"(2048, 1, 1)",2079,0.117984,0,ok,0.000043,0.000044;0.000043;0.000044
A,15,110,1787806348.384875,"(2048, 1, 1)",1371,0.117984,0,ok,0.000041,0.000041;0.000042;0.000042
A,15,111,1787806348.624489,"(1024, 1, 1)",1125,0.117984,0,ok,0.000042,0.000042;0.000042;0.000043
A,15,112,1787806348.889343,"(512, 1, 1)",1127,0.117984,0,ok,0.000043,0.000043;0.000043;0.000043
A,15,113,1787806349.129784,"(256, 1, 1)",1125,0.117984,0,ok,0.000047,0.000048;0.000047;0.000047
A,15,114,1787806349.364095,"(2048, 1, 1)",1117,0.117984,0,ok,0.000045,0.000046;0.000045;0.000045
A,15,115,1787806349.387216,"(128, 1, 1)",1123,0.117984,0,ok,0.000048,0.000048;0.000048;0.000048
A,15,116,1787806349.603001,"(2048, 1, 1)",1120,0.117984,0,ok,0.000051,0.000052;0.000051;0.000051
A,15,117,1787806349.640961,"(64, 1, 1)",1127,0.117984,0,ok,0.000125,0.000125
A,15,118,1787806350.371310,"(512, 1, 1)",2535,0.10531200000000002,0,ok,0.000037,0.000037;0.000037;0.000037
A,15,119,1787806350.398802,"(256, 1, 1)",2533,0.10531200000000002,0,ok,0.000038,0.000038;0.000039;0.000039
A,15,120,1787806350.980589,"(128, 1, 1)",2533,0.10531200000000002,0,ok,0.000039,0.000040;0.000039;0.000039
A,15,121,1787806351.045615,"(64, 1, 1)",2537,0.10531200000000002,0,ok,0.000039,0.000039;0.000039;0.000040
A,15,122,1787806351.572624,"(1024, 1, 1)",2492,0.10531200000000002,0,ok,0.000036,0.000036;0.000036;0.000036
A,15,123,1787806351.671927,"(32, 1, 1)",2533,0.10531200000000002,0,ok,0.000192,0.000192
A,15,124,1787806352.995645,"(512, 1, 1)",2079,0.10531200000000002,0,ok,0.000039,0.000040;0.000040;0.000039
A,15,125,1787806353.662214,"(256, 1, 1)",2077,0.10531200000000002,0,ok,0.000049,0.000049;0.000049;0.000049
A,15,126,1787806353.938900,"(128, 1, 1)",2077,0.10531200000000002,0,ok,0.000122,0.000122
A,15,127,1787806354.091456,"(64, 1, 1)",2079,0.10531200000000002,0,ok,0.000174,0.000174
A,15,128,1787806354.322213,"(1024, 1, 1)",2036,0.10531200000000002,0,ok,0.000045,0.000046;0.000045;0.000045
A,16,1,1787806355.055416,"(1, 1, 1)",55,inf,0,ok,0.000027,0.000028;0.000027;0.000027
A,16,2,1787806355.060965,"(1, 1, 1)",68,inf,0,ok,0.000013,0.000013;0.000013;0.000013
A,16,3,1787806355.066155,"(1, 1, 1)",68,inf,0,ok,0.000012,0.000012;0.000013;0.000012
A,16,4,1787806355.071508,"(1, 1, 1)",66,inf,0,ok,0.000013,0.000013;0.000013;0.000013
A,16,5,1787806355.077049,"(1, 1, 1)",68,inf,0,ok,0.000011,0.000012;0.000011;0.000012
A,16,6,1787806355.082306,"(1, 1, 1)",68,inf,0,ok,0.000017,0.000017;0.000017;0.000017
A,16,7,1787806355.087521,"(1, 1, 1)",68,inf,0,ok,0.000011,0.000012;0.000011;0.000011
A,16,8,1787806355.092362,"(1, 1, 1)",68,inf,0,ok,0.000013,0.000013;0.000013;0.000013
A,16,9,1787806355.118552,"(1, 1, 1)",81,0.033791999999999996,0,ok,0.000014,0.000014;0.000014;0.000015
A,16,10,1787806355.125490,"(1, 1, 1)",104,0.033791999999999996,0,ok,0.000031,0.000032;0.000031;0.000031
A,16,11,1787806355.138538,"(1, 1, 1)",87,0.033791999999999996,0,ok,0.000011,0.000011;0.000012;0.000012
A,16,12,1787806355.152781,"(1, 1, 1)",81,0.033791999999999996,0,ok,0.000011,0.000011;0.000011;0.000012
A,16,13,1787806355.167121,"(1, 1, 1)",85,0.033791999999999996,0,ok,0.000013,0.000013;0.000013;0.000013
A,16,14,1787806355.181691,"(1, 1, 1)",83,0.033791999999999996,0,ok,0.000086,0.000086
A,16,15,1787806355.194980,"(1, 1, 1)",80,0.033791999999999996,0,ok,0.000010,0.000011;0.000010;0.000010
A,16,16,1787806355.208911,"(1, 1, 1)",84,0.033791999999999996,0,ok,0.000010,0.000010;0.000010;0.000010
A,16,17,1787806355.220537,"(1, 1, 1)",80,0.033791999999999996,0,ok,0.000011,0.000011;0.000011;0.000011
A,16,18,1787806355.240787,"(1, 1, 1)",115,0.033791999999999996,0,ok,0.000010,0.000011;0.000010;0.000011
A,16,19,1787806355.253627,"(1, 1, 1)",87,0.033791999999999996,0,ok,0.000012,0.000013;0.000012;0.000012
A,16,20,1787806355.485637,"(1, 1, 1)",81,0.033791999999999996,0,ok,0.000011,0.000011;0.000011;0.000011
A,16,21,1787806355.499926,"(1, 1, 1)",81,0.033791999999999996,0,ok,0.000020,0.000020;0.000021;0.000022
A,16,22,1787806355.551836,"(1, 1, 1)",132,0.029471999999999998,0,ok,0.000015,0.000015;0.000015;0.000016
A,16,23,1787806355.600640,"(1, 1, 1)",93,0.029471999999999998,0,ok,0.000086,0.000086
A,16,24,1787806355.616242,"(1, 1, 1)",92,0.029471999999999998,0,ok,0.000011,0.000011;0.000011;0.000011
A,16,25,1787806355.632860,"(1, 1, 1)",94,0.029471999999999998,0,ok,0.000013,0.000013;0.000013;0.000013
A,16,26,1787806355.647431,"(1, 1, 1)",92,0.029471999999999998,0,ok,0.000085,0.000085
A,16,27,1787806355.650726,"(1, 1, 1)",96,0.029471999999999998,0,ok,0.000010,0.000010;0.000011;0.000011
A,16,28,1787806355.666629,"(1, 1, 1)",113,0.029471999999999998,0,ok,0.000012,0.000012;0.000012;0.000012
A,16,29,1787806355.673009,"(1, 1, 1)",132,0.029471999999999998,0,ok,0.000012,0.000012;0.000012;0.000013
A,16,30,1787806355.690532,"(1, 1, 1)",96,0.029471999999999998,0,ok,0.000010,0.000010;0.000010;0.000011
A,16,31,1787806355.706543,"(1, 1, 1)",279,0.029471999999999998,0,ok,0.000010,0.000010;0.000010;0.000010
A,16,32,1787806355.713353,"(1, 1, 1)",102,0.029471999999999998,0,ok,0.000010,0.000011;0.000010;0.000011
A,16,33,1787806355.723095,"(1, 1, 1)",94,0.029471999999999998,0,ok,0.000013,0.000013;0.000013;0.000013
A,16,34,1787806355.738139,"(1, 1, 1)",94,0.029471999999999998,0,ok,0.000082,0.000082
A,17,1,1787806355.886054,"(6144, 1, 1)",198,inf,0,ok,0.002744,0.002744;0.002745;0.002747
A,17,2,1787806355.901218,"(4096, 1, 1)",238,inf,0,ok,0.002199,0.002200;0.002202;0.002199
A,17,3,1787806355.966829,"(3072, 1, 1)",270,inf,0,ok,0.001932,0.001936;0.001932;0.001934
A,17,4,1787806356.050386,"(12288, 1, 1)",315,inf,0,ok,0.004518,0.004518;0.004519;0.004518
A,17,5,1787806356.091742,"(12288, 1, 1)",992,inf,0,ok,0.004393,0.004394;0.004393;0.004393
A,17,6,1787806356.152438,"(12288, 1, 1)",191,inf,0,ok,0.004097,0.004098;0.004097;0.004099
A,17,7,1787806356.488519,"(12288, 1, 1)",328,inf,0,ok,0.004525,0.004526;0.004525;0.004528
A,17,8,1787806356.518768,"(12288, 1, 1)",1550,inf,0,ok,0.004323,0.004323;0.004324;0.004323
A,17,9,1787806356.576064,"(12288, 1, 1)",285,inf,0,ok,0.004010,0.004010;0.004011;0.004010
A,17,10,1787806356.595211,"(6144, 1, 1)",168,inf,0,ok,0.002302,0.002302;0.002302;0.002302
A,17,11,1787806356.641498,"(4096, 1, 1)",168,inf,0,ok,0.001598,0.001598;0.001599;0.001599
A,17,12,1787806356.652816,"(3072, 1, 1)",170,inf,0,ok,0.001274,0.001276;0.001277;0.001274
A,17,13,1787806356.708198,"(1536, 1, 1)",168,inf,0,ok,0.000827,0.000827;0.000831;0.000828
A,17,14,1787806356.717262,"(768, 1, 1)",170,inf,0,ok,0.000698,0.000698;0.000699;0.000698
A,17,15,1787806356.781249,"(12288, 1, 1)",179,inf,0,ok,0.001881,0.001881;0.001890;0.001888
A,17,16,1787806356.840310,"(12288, 1, 1)",179,inf,0,ok,0.002230,0.002230;0.002230;0.002230
A,17,17,1787806356.853798,"(12288, 1, 1)",179,inf,0,ok,0.001927,0.001929;0.001927;0.001927
A,17,18,1787806356.914135,"(12288, 1, 1)",193,inf,0,ok,0.001947,0.001948;0.001948;0.001947
A,17,19,1787806356.926810,"(12288, 1, 1)",195,inf,0,ok,0.001895,0.001896;0.001895;0.001896
A,17,20,1787806356.980735,"(384, 1, 1)",170,inf,0,ok,0.000673,0.000674;0.000673;0.000673
A,17,21,1787806357.109516,"(192, 1, 1)",208,2.020032,0,ok,0.000781,0.000781;0.000797;0.000788
A,17,22,1787806357.119779,"(384, 1, 1)",209,2.020032,0,ok,0.000649,0.000649;0.000649;0.000649
A,17,23,1787806357.193027,"(128, 1, 1)",248,2.020032,0,ok,0.000942,0.000942;0.000943;0.000942
A,17,24,1787806357.278878,"(96, 1, 1)",284,2.020032,0,ok,0.001175,0.001190;0.001175;0.001186
A,17,25,1787806357.483629,"(384, 1, 1)",1005,2.020032,0,ok,0.003473,0.003473
A,17,26,1787806357.557451,"(384, 1, 1)",279,2.020032,0,ok,0.000654,0.000654;0.000660;0.000660
A,17,27,1787806357.567037,"(384, 1, 1)",328,2.020032,0,ok,0.000688,0.000688;0.000691;0.000690
A,17,28,1787806357.621125,"(384, 1, 1)",204,2.020032,0,ok,0.000428,0.000428;0.000430;0.000432
A,17,29,1787806357.710866,"(384, 1, 1)",339,2.020032,0,ok,0.000659,0.000659;0.000661;0.000660
A,17,30,1787806357.798581,"(384, 1, 1)",298,2.020032,0,ok,0.000638,0.000638;0.000638;0.000638
A,17,31,1787806357.869447,"(192, 1, 1)",181,2.020032,0,ok,0.000730,0.000733;0.000731;0.000730
A,17,32,1787806357.926976,"(384, 1, 1)",1561,2.020032,0,ok,0.000454,0.000454;0.000455;0.000454
A,17,33,1787806357.939099,"(128, 1, 1)",181,2.020032,0,ok,0.000683,0.000683;0.000683;0.000683
A,17,34,1787806357.997426,"(96, 1, 1)",181,2.020032,0,ok,0.000859,0.000859;0.000859;0.000860
A,17,35,1787806358.007493,"(48, 1, 1)",180,2.020032,0,ok,0.000866,0.000867;0.000868;0.000866
A,17,36,1787806358.065677,"(24, 1, 1)",180,2.020032,0,ok,0.001617,0.001617;0.001617;0.001618
A,17,37,1787806358.085952,"(384, 1, 1)",197,2.020032,0,ok,0.001424,0.001452;0.001440;0.001424
A,17,38,1787806358.191009,"(384, 1, 1)",197,2.020032,0,ok,0.000538,0.000538;0.000539;0.000539
A,17,39,1787806358.257352,"(384, 1, 1)",197,2.020032,0,ok,0.000588,0.000591;0.000589;0.000588
A,17,40,1787806358.337756,"(384, 1, 1)",213,2.020032,0,ok,0.001549,0.001583;0.001577;0.001549
A,17,41,1787806358.407440,"(12, 1, 1)",179,2.020032,0,ok,0.003260,0.003260
A,17,42,1787806358.519375,"(384, 1, 1)",209,2.020032,0,ok,0.000555,0.000555;0.000555;0.000558
A,17,43,1787806358.563593,"(768, 1, 1)",709,2.020032,0,ok,0.001451,0.001452;0.001452;0.001451
A,17,44,1787806358.589396,"(384, 1, 1)",210,2.020032,0,ok,0.000648,0.000648;0.000649;0.000649
A,17,45,1787806358.631122,"(768, 1, 1)",209,2.020032,0,ok,0.000675,0.000676;0.000675;0.000675
A,17,46,1787806358.664933,"(256, 1, 1)",248,2.020032,0,ok,0.000798,0.000798;0.000802;0.000803
A,17,47,1787806358.716132,"(192, 1, 1)",286,2.020032,0,ok,0.000785,0.000786;0.000786;0.000785
A,17,48,1787806358.757365,"(768, 1, 1)",281,2.020032,0,ok,0.000698,0.000698;0.000700;0.000701
A,17,49,1787806358.967132,"(768, 1, 1)",1003,2.020032,0,ok,0.003772,0.003772
A,17,50,1787806359.030670,"(768, 1, 1)",204,2.020032,0,ok,0.000466,0.000466;0.000468;0.000466
A,17,51,1787806359.150057,"(768, 1, 1)",326,2.020032,0,ok,0.000684,0.000685;0.000685;0.000684
A,17,52,1787806359.240702,"(768, 1, 1)",339,2.020032,0,ok,0.000674,0.000674;0.000676;0.000674
A,17,53,1787806359.328872,"(768, 1, 1)",296,2.020032,0,ok,0.000663,0.000664;0.000663;0.000664
A,17,54,1787806359.398011,"(384, 1, 1)",181,2.020032,0,ok,0.000673,0.000681;0.000677;0.000673
A,17,55,1787806359.407896,"(768, 1, 1)",1561,2.020032,0,ok,0.000504,0.000506;0.000504;0.000508
A,17,56,1787806359.467329,"(256, 1, 1)",183,2.020032,0,ok,0.000744,0.000744;0.000749;0.000745
A,17,57,1787806359.476253,"(192, 1, 1)",181,2.020032,0,ok,0.000731,0.000731;0.000732;0.000734
A,17,58,1787806359.534878,"(96, 1, 1)",181,2.020032,0,ok,0.000859,0.000860;0.000859;0.000860
A,17,59,1787806359.543928,"(48, 1, 1)",180,2.020032,0,ok,0.000866,0.000867;0.000866;0.000866
A,17,60,1787806359.607357,"(768, 1, 1)",197,2.020032,0,ok,0.001184,0.001198;0.001184;0.001220
A,17,61,1787806359.671961,"(768, 1, 1)",195,2.020032,0,ok,0.000386,0.000386;0.000388;0.000388
A,17,62,1787806359.679846,"(768, 1, 1)",197,2.020032,0,ok,0.000369,0.000369;0.000369;0.000369
A,17,63,1787806359.750607,"(768, 1, 1)",211,2.020032,0,ok,0.000424,0.000425;0.000426;0.000424
A,17,64,1787806359.759247,"(768, 1, 1)",211,2.020032,0,ok,0.001204,0.001207;0.001204;0.001253
A,17,65,1787806359.818131,"(24, 1, 1)",180,2.020032,0,ok,0.001617,0.001619;0.001617;0.001617
A,17,66,1787806359.975879,"(384, 1, 1)",253,1.105728,0,ok,0.000331,0.000331;0.000331;0.000332
A,17,67,1787806360.058861,"(768, 1, 1)",250,1.105728,0,ok,0.000267,0.000268;0.000268;0.000267
A,17,68,1787806360.128661,"(768, 1, 1)",901,1.105728,0,ok,0.000373,0.000373;0.000373;0.000374
A,17,69,1787806360.149043,"(256, 1, 1)",313,1.105728,0,ok,0.000354,0.000354;0.000354;0.000354
A,17,70,1787806360.235803,"(192, 1, 1)",352,1.105728,0,ok,0.000369,0.000369;0.000370;0.000370
A,17,71,1787806360.253855,"(768, 1, 1)",341,1.105728,0,ok,0.000267,0.000269;0.000267;0.000267
A,17,72,1787806360.356454,"(768, 1, 1)",231,1.105728,0,ok,0.000265,0.000265;0.000265;0.000265
A,17,73,1787806360.476210,"(768, 1, 1)",1028,1.105728,0,ok,0.002380,0.002380
A,17,74,1787806360.819888,"(768, 1, 1)",366,1.105728,0,ok,0.000757,0.000757;0.000865;0.000813
A,17,75,1787806360.831701,"(768, 1, 1)",1586,1.105728,0,ok,0.000250,0.000250;0.000251;0.000251
A,17,76,1787806360.919732,"(768, 1, 1)",323,1.105728,0,ok,0.000350,0.000352;0.000350;0.000351
A,17,77,1787806360.995603,"(384, 1, 1)",211,1.105728,0,ok,0.000360,0.000360;0.000362;0.000362
A,17,78,1787806361.072726,"(192, 1, 1)",211,1.105728,0,ok,0.000423,0.000423;0.000424;0.000424
A,17,79,1787806361.148312,"(96, 1, 1)",211,1.105728,0,ok,0.000558,0.000558;0.000558;0.000558
A,17,80,1787806361.226372,"(48, 1, 1)",210,1.105728,0,ok,0.000566,0.000566;0.000567;0.000566
A,17,81,1787806361.278097,"(256, 1, 1)",213,1.105728,0,ok,0.000429,0.000430;0.000430;0.000429
A,17,82,1787806361.304716,"(768, 1, 1)",204,1.105728,0,ok,0.000365,0.000365;0.000365;0.000365
A,17,83,1787806361.348987,"(768, 1, 1)",208,1.105728,0,ok,0.000437,0.000437;0.000437;0.000437
A,17,84,1787806361.395828,"(768, 1, 1)",202,1.105728,0,ok,0.000357,0.000357;0.000357;0.000357
A,17,85,1787806361.428351,"(768, 1, 1)",218,1.105728,0,ok,0.000349,0.000350;0.000349;0.000350
A,17,86,1787806361.477219,"(768, 1, 1)",208,1.105728,0,ok,0.000381,0.000382;0.000381;0.000381
A,17,87,1787806361.509528,"(768, 1, 1)",218,1.105728,0,ok,0.000351,0.000352;0.000351;0.000351
A,17,88,1787806361.548762,"(768, 1, 1)",208,1.105728,0,ok,0.000339,0.000339;0.000340;0.000340
A,17,89,1787806361.586646,"(768, 1, 1)",208,1.105728,0,ok,0.000437,0.000437;0.000438;0.000437
A,17,90,1787806361.665593,"(384, 1, 1)",254,1.105728,0,ok,0.000317,0.000317;0.000317;0.000317
A,17,91,1787806361.742644,"(768, 1, 1)",249,1.105728,0,ok,0.000376,0.000376;0.000377;0.000376
A,17,92,1787806361.781471,"(768, 1, 1)",899,1.105728,0,ok,0.000712,0.000712;0.000712;0.000712
A,17,93,1787806361.825004,"(256, 1, 1)",311,1.105728,0,ok,0.000348,0.000349;0.000348;0.000349
A,17,94,1787806361.878745,"(192, 1, 1)",352,1.105728,0,ok,0.000397,0.000397;0.000398;0.000398
A,17,95,1787806361.920436,"(768, 1, 1)",339,1.105728,0,ok,0.000385,0.000386;0.000385;0.000385
A,17,96,1787806362.008032,"(768, 1, 1)",351,1.105728,0,ok,0.000384,0.000385;0.000385;0.000384
A,17,97,1787806362.128810,"(768, 1, 1)",1028,1.105728,0,ok,0.001673,0.001673
A,17,98,1787806362.219822,"(768, 1, 1)",364,1.105728,0,ok,0.000382,0.000382;0.000382;0.000382
A,17,99,1787806362.374970,"(768, 1, 1)",1586,1.105728,0,ok,0.000362,0.000363;0.000362;0.000363
A,17,100,1787806362.441293,"(384, 1, 1)",211,1.105728,0,ok,0.000391,0.000391;0.000392;0.000392
A,17,101,1787806362.507250,"(256, 1, 1)",213,1.105728,0,ok,0.000430,0.000430;0.000430;0.000431
A,17,102,1787806362.572482,"(192, 1, 1)",211,1.105728,0,ok,0.000431,0.000433;0.000431;0.000432
A,17,103,1787806362.640019,"(96, 1, 1)",211,1.105728,0,ok,0.000554,0.000554;0.000554;0.000554
A,17,104,1787806362.664552,"(768, 1, 1)",323,1.105728,0,ok,0.000370,0.000370;0.000370;0.000370
A,17,105,1787806362.705893,"(48, 1, 1)",210,1.105728,0,ok,0.000539,0.000539;0.000539;0.000539
A,17,106,1787806362.732798,"(768, 1, 1)",204,1.105728,0,ok,0.000347,0.000347;0.000347;0.000348
A,17,107,1787806362.810133,"(768, 1, 1)",208,1.105728,0,ok,0.000528,0.000529;0.000528;0.000528
A,17,108,1787806362.879980,"(768, 1, 1)",203,1.105728,0,ok,0.000721,0.000721;0.000721;0.000721
A,17,109,1787806362.944570,"(768, 1, 1)",202,1.105728,0,ok,0.000350,0.000350;0.000351;0.000350
A,17,110,1787806363.048469,"(768, 1, 1)",208,1.105728,0,ok,0.000391,0.000391;0.000391;0.000391
A,17,111,1787806363.127169,"(768, 1, 1)",218,1.105728,0,ok,0.000345,0.000346;0.000346;0.000345
A,17,112,1787806363.151273,"(768, 1, 1)",218,1.105728,0,ok,0.000350,0.000351;0.000350;0.000351
A,17,113,1787806363.192015,"(768, 1, 1)",208,1.105728,0,ok,0.000435,0.000436;0.000435;0.000436
A,17,114,1787806363.225257,"(768, 1, 1)",208,1.105728,0,ok,0.000529,0.000530;0.000530;0.000529
A,17,115,1787806363.257956,"(24, 1, 1)",210,1.105728,0,ok,0.001061,0.001061;0.001061;0.001061
A,17,116,1787806363.859192,"(768, 1, 1)",2073,0.751296,0,ok,0.000207,0.000207;0.000208;0.000209
A,17,117,1787806363.877439,"(384, 1, 1)",2078,0.751296,0,ok,0.000209,0.000209;0.000209;0.000209
A,17,118,1787806364.460490,"(256, 1, 1)",2570,0.751296,0,ok,0.000211,0.000211;0.000214;0.000219
A,17,119,1787806365.882656,"(768, 1, 1)",2756,0.751296,0,ok,0.000248,0.000249;0.000248;0.000248
A,17,120,1787806366.983863,"(384, 1, 1)",1600,0.751296,0,ok,0.000251,0.000252;0.000251;0.000251
A,17,121,1787806367.317901,"(256, 1, 1)",1602,0.751296,0,ok,0.000296,0.000297;0.000298;0.000296
A,17,122,1787806367.647925,"(192, 1, 1)",1600,0.751296,0,ok,0.000297,0.000297;0.000299;0.000297
A,17,123,1787806367.879689,"(96, 1, 1)",1598,0.751296,0,ok,0.000378,0.000379;0.000378;0.000379
A,17,124,1787806367.986334,"(48, 1, 1)",1598,0.751296,0,ok,0.000375,0.000376;0.000376;0.000375
A,17,125,1787806368.332798,"(768, 1, 1)",1595,0.751296,0,ok,0.000251,0.000251;0.000252;0.000252
A,17,126,1787806368.667020,"(768, 1, 1)",1593,0.751296,0,ok,0.000341,0.000341;0.000341;0.000341
A,17,127,1787806368.768120,"(768, 1, 1)",1607,0.751296,0,ok,0.000241,0.000241;0.000242;0.000241
A,17,128,1787806369.040503,"(768, 1, 1)",1607,0.751296,0,ok,0.000247,0.000247;0.000248;0.000248
A,17,129,1787806369.118088,"(768, 1, 1)",1038,0.751296,0,ok,0.000337,0.000337;0.000337;0.000337
A,17,130,1787806369.143454,"(384, 1, 1)",292,0.751296,0,ok,0.000212,0.000213;0.000213;0.000212
A,17,131,1787806369.222056,"(768, 1, 1)",287,0.751296,0,ok,0.000209,0.000209;0.000210;0.000209
A,17,132,1787806369.252754,"(256, 1, 1)",361,0.751296,0,ok,0.000226,0.000228;0.000226;0.000228
A,17,133,1787806369.353304,"(192, 1, 1)",407,0.751296,0,ok,0.000228,0.000229;0.000229;0.000228
A,17,134,1787806369.384186,"(768, 1, 1)",392,0.751296,0,ok,0.000205,0.000206;0.000205;0.000205
A,17,135,1787806369.496608,"(768, 1, 1)",476,0.751296,0,ok,0.000449,0.000450;0.000449;0.000450
A,17,136,1787806369.916835,"(768, 1, 1)",1718,0.751296,0,ok,0.001224,0.001224
A,17,137,1787806370.056465,"(768, 1, 1)",532,0.751296,0,ok,0.000562,0.000564;0.000562;0.000599
A,17,138,1787806370.180322,"(768, 1, 1)",468,0.751296,0,ok,0.000251,0.000251;0.000251;0.000251
A,17,139,1787806370.241076,"(384, 1, 1)",243,0.751296,0,ok,0.000259,0.000259;0.000259;0.000259
A,17,140,1787806370.252598,"(256, 1, 1)",247,0.751296,0,ok,0.000308,0.000309;0.000308;0.000308
A,17,141,1787806370.315407,"(192, 1, 1)",245,0.751296,0,ok,0.000304,0.000304;0.000305;0.000305
A,17,142,1787806370.324257,"(96, 1, 1)",245,0.751296,0,ok,0.000396,0.000396;0.000396;0.000397
A,17,143,1787806370.388447,"(48, 1, 1)",244,0.751296,0,ok,0.000396,0.000397;0.000396;0.000397
A,17,144,1787806370.398910,"(768, 1, 1)",238,0.751296,0,ok,0.000265,0.000265;0.000265;0.000265
A,17,145,1787806370.467442,"(768, 1, 1)",244,0.751296,0,ok,0.000438,0.000438;0.000439;0.000438
A,17,146,1787806370.511334,"(768, 1, 1)",252,0.751296,0,ok,0.000251,0.000252;0.000252;0.000251
A,17,147,1787806370.543019,"(768, 1, 1)",244,0.751296,0,ok,0.000292,0.000293;0.000292;0.000292
A,17,148,1787806370.594553,"(768, 1, 1)",252,0.751296,0,ok,0.000251,0.000252;0.000253;0.000251
A,17,149,1787806370.624212,"(768, 1, 1)",244,0.751296,0,ok,0.000341,0.000342;0.000341;0.000343
A,17,150,1787806370.671938,"(768, 1, 1)",244,0.751296,0,ok,0.000437,0.000437;0.000437;0.000437
A,17,151,1787806371.157791,"(384, 1, 1)",607,0.6159359999999999,0,ok,0.000186,0.000187;0.000186;0.000188
A,17,152,1787806371.305362,"(768, 1, 1)",607,0.6159359999999999,0,ok,0.000225,0.000225;0.000225;0.000226
A,17,153,1787806371.463487,"(256, 1, 1)",830,0.6159359999999999,0,ok,0.000218,0.000218;0.000221;0.000218
A,17,154,1787806371.688595,"(192, 1, 1)",1050,0.6159359999999999,0,ok,0.000241,0.000244;0.000244;0.000241
A,17,155,1787806371.701516,"(768, 1, 1)",810,0.6159359999999999,0,ok,0.000475,0.000479;0.000479;0.000475
A,17,156,1787806373.096624,"(768, 1, 1)",943,0.6159359999999999,0,ok,0.000251,0.000251;0.000259;0.000255
A,17,157,1787806373.237813,"(384, 1, 1)",402,0.6159359999999999,0,ok,0.000164,0.000167;0.000165;0.000164
A,17,158,1787806373.313654,"(768, 1, 1)",782,0.6159359999999999,0,ok,0.000191,0.000193;0.000191;0.000192
A,17,159,1787806373.378310,"(256, 1, 1)",406,0.6159359999999999,0,ok,0.000190,0.000192;0.000190;0.000190
A,17,160,1787806373.451681,"(192, 1, 1)",404,0.6159359999999999,0,ok,0.000176,0.000178;0.000178;0.000176
A,17,161,1787806373.518555,"(96, 1, 1)",408,0.6159359999999999,0,ok,0.000249,0.000249;0.000253;0.000250
A,17,162,1787806373.588946,"(48, 1, 1)",405,0.6159359999999999,0,ok,0.000246,0.000251;0.000248;0.000246
A,17,163,1787806373.667086,"(768, 1, 1)",399,0.6159359999999999,0,ok,0.000862,0.000862
A,17,164,1787806373.735315,"(768, 1, 1)",404,0.6159359999999999,0,ok,0.000205,0.000206;0.000205;0.000205
A,17,165,1787806373.882782,"(768, 1, 1)",399,0.6159359999999999,0,ok,0.000398,0.000398;0.000399;0.000398
A,17,166,1787806374.113470,"(768, 1, 1)",411,0.6159359999999999,0,ok,0.000337,0.000337;0.000342;0.000338
A,17,167,1787806374.192604,"(768, 1, 1)",402,0.6159359999999999,0,ok,0.000119,0.000119;0.000119;0.000119
A,17,168,1787806374.272986,"(768, 1, 1)",415,0.6159359999999999,0,ok,0.000709,0.000709
A,17,169,1787806374.337396,"(768, 1, 1)",405,0.6159359999999999,0,ok,0.000139,0.000139;0.000139;0.000139
A,17,170,1787806374.409246,"(768, 1, 1)",403,0.6159359999999999,0,ok,0.000207,0.000209;0.000208;0.000207
A,17,171,1787806374.477860,"(24, 1, 1)",403,0.6159359999999999,0,ok,0.000485,0.000488;0.000485;0.000485
A,17,172,1787806380.471007,"(384, 1, 1)",2085,0.6159359999999999,0,ok,0.000201,0.000201;0.000202;0.000203
A,17,173,1787806380.995538,"(256, 1, 1)",2089,0.6159359999999999,0,ok,0.000233,0.000233;0.000234;0.000234
A,17,174,1787806381.513578,"(192, 1, 1)",2087,0.6159359999999999,0,ok,0.000227,0.000228;0.000227;0.000227
A,17,175,1787806382.022387,"(96, 1, 1)",2085,0.6159359999999999,0,ok,0.000291,0.000291;0.000291;0.000294
A,17,176,1787806382.037957,"(48, 1, 1)",2085,0.6159359999999999,0,ok,0.000292,0.000292;0.000293;0.000293
A,17,177,1787806382.559440,"(768, 1, 1)",2081,0.6159359999999999,0,ok,0.000196,0.000196;0.000196;0.000196
A,17,178,1787806383.120492,"(768, 1, 1)",2093,0.6159359999999999,0,ok,0.000187,0.000187;0.000187;0.000187
A,17,179,1787806383.138702,"(768, 1, 1)",2081,0.6159359999999999,0,ok,0.000231,0.000232;0.000231;0.000231
A,17,180,1787806383.656594,"(24, 1, 1)",2085,0.6159359999999999,0,ok,0.000710,0.000710
A,17,181,1787806383.687305,"(768, 1, 1)",2093,0.6159359999999999,0,ok,0.000200,0.000200;0.000200;0.000200
A,17,182,1787806384.011719,"(384, 1, 1)",621,0.35750400000000004,0,ok,0.000126,0.000126;0.000128;0.000128
A,17,183,1787806384.165389,"(768, 1, 1)",1048,0.35750400000000004,0,ok,0.000118,0.000120;0.000119;0.000118
A,17,184,1787806384.250071,"(768, 1, 1)",617,0.35750400000000004,0,ok,0.000102,0.000102;0.000105;0.000102
A,17,185,1787806384.503456,"(256, 1, 1)",845,0.35750400000000004,0,ok,0.000132,0.000132;0.000134;0.000133
A,17,186,1787806384.663502,"(192, 1, 1)",1064,0.35750400000000004,0,ok,0.000118,0.000120;0.000118;0.000119
A,17,187,1787806384.782968,"(768, 1, 1)",873,0.35750400000000004,0,ok,0.000151,0.000152;0.000151;0.000154
A,17,188,1787806385.711977,"(768, 1, 1)",1361,0.35750400000000004,0,ok,0.000121,0.000121;0.000122;0.000122
A,17,189,1787806386.047961,"(768, 1, 1)",953,0.35750400000000004,0,ok,0.000143,0.000145;0.000143;0.000145
A,17,190,1787806386.204731,"(384, 1, 1)",416,0.35750400000000004,0,ok,0.000127,0.000130;0.000127;0.000127
A,17,191,1787806386.270306,"(768, 1, 1)",817,0.35750400000000004,0,ok,0.000120,0.000121;0.000120;0.000120
A,17,192,1787806386.361550,"(256, 1, 1)",418,0.35750400000000004,0,ok,0.000145,0.000146;0.000145;0.000148
A,17,193,1787806386.428130,"(192, 1, 1)",418,0.35750400000000004,0,ok,0.000141,0.000141;0.000141;0.000142
A,17,194,1787806386.516660,"(96, 1, 1)",420,0.35750400000000004,0,ok,0.000178,0.000181;0.000178;0.000179
A,17,195,1787806386.581697,"(48, 1, 1)",415,0.35750400000000004,0,ok,0.000174,0.000174;0.000174;0.000174
A,17,196,1787806386.681592,"(768, 1, 1)",410,0.35750400000000004,0,ok,0.000510,0.000510
A,17,197,1787806386.865300,"(768, 1, 1)",411,0.35750400000000004,0,ok,0.000293,0.000293;0.000293;0.000293
A,17,198,1787806387.036765,"(768, 1, 1)",426,0.35750400000000004,0,ok,0.000127,0.000127;0.000127;0.000127
A,17,199,1787806387.221530,"(768, 1, 1)",425,0.35750400000000004,0,ok,0.000213,0.000213;0.000213;0.000213
A,17,200,1787806387.289547,"(768, 1, 1)",416,0.35750400000000004,0,ok,0.000181,0.000181;0.000182;0.000181
A,17,201,1787806387.528567,"(384, 1, 1)",621,0.35750400000000004,0,ok,0.000131,0.000132;0.000131;0.000131
A,17,202,1787806387.619473,"(768, 1, 1)",1049,0.35750400000000004,0,ok,0.000093,0.000093;0.000097;0.000095
A,17,203,1787806387.759985,"(768, 1, 1)",617,0.35750400000000004,0,ok,0.000117,0.000118;0.000118;0.000117
A,17,204,1787806387.948621,"(256, 1, 1)",845,0.35750400000000004,0,ok,0.000141,0.000145;0.000143;0.000141
A,17,205,1787806388.179278,"(192, 1, 1)",1062,0.35750400000000004,0,ok,0.000123,0.000123;0.000124;0.000124
A,17,206,1787806388.232055,"(768, 1, 1)",875,0.35750400000000004,0,ok,0.000125,0.000125;0.000127;0.000128
A,17,207,1787806388.595450,"(768, 1, 1)",1307,0.35750400000000004,0,ok,0.000195,0.000196;0.000196;0.000195
A,17,208,1787806388.842400,"(768, 1, 1)",812,0.35750400000000004,0,ok,0.000153,0.000154;0.000153;0.000154
A,17,209,1787806389.077048,"(768, 1, 1)",792,0.35750400000000004,0,ok,0.000115,0.000115;0.000115;0.000115
A,17,210,1787806389.408096,"(768, 1, 1)",954,0.35750400000000004,0,ok,0.000130,0.000131;0.000130;0.000130
A,17,211,1787806389.518177,"(384, 1, 1)",418,0.35750400000000004,0,ok,0.000134,0.000135;0.000136;0.000134
A,17,212,1787806389.571450,"(256, 1, 1)",420,0.35750400000000004,0,ok,0.000193,0.000195;0.000193;0.000196
A,17,213,1787806389.681496,"(192, 1, 1)",420,0.35750400000000004,0,ok,0.000152,0.000152;0.000153;0.000153
A,17,214,1787806389.737889,"(96, 1, 1)",418,0.35750400000000004,0,ok,0.000191,0.000192;0.000192;0.000191
A,17,215,1787806389.832066,"(768, 1, 1)",411,0.35750400000000004,0,ok,0.000293,0.000293;0.000294;0.000293
A,17,216,1787806389.913874,"(768, 1, 1)",426,0.35750400000000004,0,ok,0.000225,0.000226;0.000225;0.000226
A,17,217,1787806390.092778,"(768, 1, 1)",425,0.35750400000000004,0,ok,0.000523,0.000523
A,17,218,1787806391.079366,"(384, 1, 1)",1945,0.280032,0,ok,0.000107,0.000107;0.000108;0.000108
A,17,219,1787806391.503148,"(256, 1, 1)",2846,0.280032,0,ok,0.000369,0.000369
A,17,220,1787806392.401740,"(768, 1, 1)",2358,0.280032,0,ok,0.000501,0.000501
A,17,221,1787806393.735020,"(768, 1, 1)",2068,0.280032,0,ok,0.000095,0.000096;0.000095;0.000095
A,17,222,1787806394.392284,"(768, 1, 1)",2040,0.280032,0,ok,0.000208,0.000209;0.000210;0.000208
A,17,223,1787806394.794047,"(768, 1, 1)",2600,0.280032,0,ok,0.000250,0.000253;0.000253;0.000250
A,17,224,1787806395.162910,"(384, 1, 1)",1061,0.280032,0,ok,0.000094,0.000096;0.000094;0.000094
A,17,225,1787806395.219994,"(256, 1, 1)",1065,0.280032,0,ok,0.000099,0.000100;0.000099;0.000100
A,17,226,1787806395.564015,"(192, 1, 1)",1065,0.280032,0,ok,0.000097,0.000097;0.000097;0.000099
A,17,227,1787806395.624365,"(96, 1, 1)",1063,0.280032,0,ok,0.000139,0.000140;0.000139;0.000140
A,17,228,1787806395.964319,"(48, 1, 1)",1065,0.280032,0,ok,0.000097,0.000097;0.000097;0.000098
A,17,229,1787806396.072516,"(768, 1, 1)",1058,0.280032,0,ok,0.000536,0.000536
A,17,230,1787806396.493501,"(768, 1, 1)",1058,0.280032,0,ok,0.000291,0.000291
A,17,231,1787806396.715897,"(768, 1, 1)",1070,0.280032,0,ok,0.000197,0.000197;0.000197;0.000198
A,17,232,1787806397.022358,"(768, 1, 1)",1066,0.280032,0,ok,0.000162,0.000162;0.000162;0.000162
A,17,233,1787806397.118245,"(768, 1, 1)",1048,0.280032,0,ok,0.000119,0.000119;0.000119;0.000122
A,17,234,1787806397.441050,"(384, 1, 1)",1062,0.280032,0,ok,0.000108,0.000108;0.000109;0.000109
A,17,235,1787806397.743611,"(256, 1, 1)",1516,0.280032,0,ok,0.000157,0.000157;0.000157;0.000158
A,17,236,1787806398.242889,"(768, 1, 1)",1367,0.280032,0,ok,0.000263,0.000263;0.000263;0.000265
A,17,237,1787806398.278344,"(192, 1, 1)",1966,0.280032,0,ok,0.000121,0.000121;0.000121;0.000121
A,17,238,1787806398.624994,"(768, 1, 1)",1201,0.280032,0,ok,0.000207,0.000210;0.000209;0.000207
A,17,239,1787806399.289952,"(768, 1, 1)",2052,0.280032,0,ok,0.000090,0.000091;0.000090;0.000090
A,17,240,1787806399.901133,"(768, 1, 1)",1502,0.280032,0,ok,0.000136,0.000136;0.000137;0.000136
A,17,241,1787806400.277407,"(768, 1, 1)",1236,0.280032,0,ok,0.000093,0.000093;0.000097;0.000097
A,17,242,1787806400.534131,"(384, 1, 1)",632,0.280032,0,ok,0.000127,0.000127;0.000127;0.000127
A,17,243,1787806400.714183,"(256, 1, 1)",634,0.280032,0,ok,0.000126,0.000127;0.000126;0.000127
A,17,244,1787806400.788808,"(192, 1, 1)",638,0.280032,0,ok,0.000123,0.000123;0.000124;0.000125
A,17,245,1787806400.965293,"(96, 1, 1)",635,0.280032,0,ok,0.000122,0.000122;0.000125;0.000123
A,17,246,1787806401.042155,"(48, 1, 1)",633,0.280032,0,ok,0.000138,0.000140;0.000139;0.000138
A,17,247,1787806401.229052,"(768, 1, 1)",625,0.280032,0,ok,0.000307,0.000307
A,17,248,1787806401.481719,"(768, 1, 1)",626,0.280032,0,ok,0.000231,0.000233;0.000231;0.000232
A,17,249,1787806401.932761,"(768, 1, 1)",643,0.280032,0,ok,0.000105,0.000106;0.000105;0.000105
A,17,250,1787806402.200042,"(768, 1, 1)",640,0.280032,0,ok,0.000134,0.000135;0.000134;0.000135
A,17,251,1787806402.229538,"(768, 1, 1)",635,0.280032,0,ok,0.000110,0.000113;0.000110;0.000110
A,17,252,1787806402.455420,"(24, 1, 1)",637,0.280032,0,ok,0.000191,0.000191;0.000191;0.000192
A,17,253,1787806404.597439,"(384, 1, 1)",2065,0.27033599999999997,0,ok,0.000109,0.000109;0.000109;0.000110
A,17,254,1787806404.616928,"(256, 1, 1)",2067,0.27033599999999997,0,ok,0.000109,0.000110;0.000109;0.000109
A,17,255,1787806405.242871,"(192, 1, 1)",2071,0.27033599999999997,0,ok,0.000107,0.000108;0.000107;0.000107
A,17,256,1787806405.262525,"(96, 1, 1)",2068,0.27033599999999997,0,ok,0.000122,0.000122;0.000123;0.000124
A,17,257,1787806405.850174,"(768, 1, 1)",1992,0.27033599999999997,0,ok,0.000299,0.000299
A,17,258,1787806405.885901,"(48, 1, 1)",2066,0.27033599999999997,0,ok,0.000120,0.000120;0.000120;0.000120
A,17,259,1787806406.560983,"(768, 1, 1)",2076,0.27033599999999997,0,ok,0.000092,0.000092;0.000092;0.000092
A,17,260,1787806406.861589,"(768, 1, 1)",2075,0.27033599999999997,0,ok,0.000128,0.000128;0.000128;0.000128
A,17,261,1787806407.206013,"(24, 1, 1)",2069,0.27033599999999997,0,ok,0.000229,0.000229;0.000230;0.000231
A,17,262,1787806407.716550,"(768, 1, 1)",2073,0.27033599999999997,0,ok,0.000128,0.000131;0.000130;0.000128
A,17,263,1787806408.061495,"(384, 1, 1)",2085,0.27033599999999997,0,ok,0.000116,0.000117;0.000116;0.000118
A,17,264,1787806409.028386,"(256, 1, 1)",2936,0.27033599999999997,0,ok,0.000176,0.000176;0.000178;0.000176
A,17,265,1787806411.548621,"(384, 1, 1)",1249,0.27033599999999997,0,ok,0.000125,0.000126;0.000125;0.000125
A,17,266,1787806411.945312,"(256, 1, 1)",1251,0.27033599999999997,0,ok,0.000128,0.000129;0.000128;0.000128
A,17,267,1787806412.369761,"(192, 1, 1)",1257,0.27033599999999997,0,ok,0.000128,0.000130;0.000128;0.000129
A,17,268,1787806413.091187,"(96, 1, 1)",1254,0.27033599999999997,0,ok,0.000131,0.000131;0.000137;0.000137
A,17,269,1787806413.296783,"(48, 1, 1)",1250,0.27033599999999997,0,ok,0.000174,0.000174;0.000175;0.000174
A,17,270,1787806413.515777,"(768, 1, 1)",1244,0.27033599999999997,0,ok,0.000321,0.000321
A,17,271,1787806413.914867,"(768, 1, 1)",1244,0.27033599999999997,0,ok,0.000093,0.000093;0.000093;0.000093
A,17,272,1787806414.087073,"(768, 1, 1)",1260,0.27033599999999997,0,ok,0.000116,0.000116;0.000116;0.000116
A,17,273,1787806414.341513,"(768, 1, 1)",1259,0.27033599999999997,0,ok,0.000153,0.000155;0.000153;0.000153
A,17,274,1787806414.505667,"(24, 1, 1)",1253,0.27033599999999997,0,ok,0.000205,0.000205;0.000206;0.000208
A,18,1,1787806415.294312,"(6144, 1, 1)",189,inf,0,ok,0.002723,0.002730;0.002724;0.002723
A,18,2,1787806415.310456,"(4096, 1, 1)",226,inf,0,ok,0.002206,0.002206;0.002206;0.002206
A,18,3,1787806415.379815,"(3072, 1, 1)",253,inf,0,ok,0.001929,0.001937;0.001932;0.001929
A,18,4,1787806415.582144,"(12288, 1, 1)",986,inf,0,ok,0.004396,0.004397;0.004398;0.004396
A,18,5,1787806415.664998,"(12288, 1, 1)",309,inf,0,ok,0.004515,0.004515;0.004515;0.004516
A,18,6,1787806415.721858,"(12288, 1, 1)",185,inf,0,ok,0.004166,0.004168;0.004166;0.004167
A,18,7,1787806416.046956,"(12288, 1, 1)",322,inf,0,ok,0.004516,0.004516;0.004518;0.004517
A,18,8,1787806416.091961,"(12288, 1, 1)",1544,inf,0,ok,0.004408,0.004408;0.004408;0.004408
A,18,9,1787806416.131316,"(12288, 1, 1)",279,inf,0,ok,0.004011,0.004013;0.004011;0.004013
A,18,10,1787806416.153297,"(6144, 1, 1)",162,inf,0,ok,0.002297,0.002297;0.002297;0.002297
A,18,11,1787806416.193619,"(4096, 1, 1)",162,inf,0,ok,0.001600,0.001600;0.001602;0.001601
A,18,12,1787806416.216059,"(3072, 1, 1)",164,inf,0,ok,0.001266,0.001267;0.001267;0.001266
A,18,13,1787806416.256784,"(1536, 1, 1)",162,inf,0,ok,0.000835,0.000843;0.000844;0.000835
A,18,14,1787806416.279053,"(768, 1, 1)",164,inf,0,ok,0.000689,0.000689;0.000689;0.000689
A,18,15,1787806416.327392,"(12288, 1, 1)",173,inf,0,ok,0.001889,0.001889;0.001890;0.001890
A,18,16,1787806416.392560,"(12288, 1, 1)",173,inf,0,ok,0.001928,0.001929;0.001928;0.001929
A,18,17,1787806416.405259,"(12288, 1, 1)",173,inf,0,ok,0.002230,0.002231;0.002231;0.002230
A,18,18,1787806416.463410,"(12288, 1, 1)",187,inf,0,ok,0.001947,0.001947;0.001947;0.001947
A,18,19,1787806416.477139,"(12288, 1, 1)",189,inf,0,ok,0.001897,0.001898;0.001897;0.001898
A,18,20,1787806416.531937,"(384, 1, 1)",164,inf,0,ok,0.000656,0.000656;0.000656;0.000661
A,18,21,1787806416.665473,"(192, 1, 1)",199,1.9676159999999998,0,ok,0.000782,0.000782;0.000788;0.000796
A,18,22,1787806416.737623,"(128, 1, 1)",236,1.9676159999999998,0,ok,0.000955,0.000955;0.000962;0.000955
A,18,23,1787806416.816432,"(96, 1, 1)",269,1.9676159999999998,0,ok,0.001128,0.001128;0.001166;0.001149
A,18,24,1787806416.898891,"(384, 1, 1)",262,1.9676159999999998,0,ok,0.000651,0.000651;0.000654;0.000653
A,18,25,1787806416.933101,"(384, 1, 1)",200,1.9676159999999998,0,ok,0.000651,0.000651;0.000651;0.000651
A,18,26,1787806417.016893,"(384, 1, 1)",322,1.9676159999999998,0,ok,0.000686,0.000686;0.000687;0.000686
A,18,27,1787806417.078412,"(384, 1, 1)",198,1.9676159999999998,0,ok,0.000431,0.000431;0.000435;0.000433
A,18,28,1787806417.095961,"(384, 1, 1)",999,1.9676159999999998,0,ok,0.003368,0.003368
A,18,29,1787806417.180994,"(384, 1, 1)",333,1.9676159999999998,0,ok,0.000661,0.000661;0.000665;0.000662
A,18,30,1787806417.263465,"(384, 1, 1)",292,1.9676159999999998,0,ok,0.000639,0.000639;0.000640;0.000639
A,18,31,1787806417.331365,"(192, 1, 1)",175,1.9676159999999998,0,ok,0.000729,0.000729;0.000731;0.000730
A,18,32,1787806417.450822,"(384, 1, 1)",1555,1.9676159999999998,0,ok,0.000423,0.000425;0.000424;0.000423
A,18,33,1787806417.521302,"(128, 1, 1)",175,1.9676159999999998,0,ok,0.000702,0.000703;0.000702;0.000702
A,18,34,1787806417.588056,"(48, 1, 1)",174,1.9676159999999998,0,ok,0.000868,0.000868;0.000869;0.000868
A,18,35,1787806417.654443,"(24, 1, 1)",174,1.9676159999999998,0,ok,0.001614,0.001614;0.001614;0.001614
A,18,36,1787806417.729682,"(384, 1, 1)",191,1.9676159999999998,0,ok,0.001420,0.001433;0.001463;0.001420
A,18,37,1787806417.771632,"(96, 1, 1)",175,1.9676159999999998,0,ok,0.000879,0.000879;0.000881;0.000879
A,18,38,1787806417.824453,"(384, 1, 1)",191,1.9676159999999998,0,ok,0.000549,0.000550;0.000550;0.000549
A,18,39,1787806417.838696,"(384, 1, 1)",191,1.9676159999999998,0,ok,0.000592,0.000592;0.000593;0.000594
A,18,40,1787806417.900017,"(384, 1, 1)",203,1.9676159999999998,0,ok,0.000549,0.000668;0.000549;0.000549
A,18,41,1787806417.914587,"(384, 1, 1)",207,1.9676159999999998,0,ok,0.001445,0.001479;0.001445;0.001484
A,18,42,1787806417.965302,"(12, 1, 1)",173,1.9676159999999998,0,ok,0.003260,0.003260
A,18,43,1787806418.028879,"(384, 1, 1)",201,1.9676159999999998,0,ok,0.000650,0.000650;0.000650;0.000650
A,18,44,1787806418.051431,"(768, 1, 1)",650,1.9676159999999998,0,ok,0.001412,0.001413;0.001412;0.001412
A,18,45,1787806418.093957,"(768, 1, 1)",200,1.9676159999999998,0,ok,0.000674,0.000674;0.000674;0.000674
A,18,46,1787806418.122508,"(256, 1, 1)",236,1.9676159999999998,0,ok,0.000799,0.000799;0.000800;0.000801
A,18,47,1787806418.172349,"(192, 1, 1)",271,1.9676159999999998,0,ok,0.000787,0.000789;0.000787;0.000787
A,18,48,1787806418.200934,"(768, 1, 1)",264,1.9676159999999998,0,ok,0.000687,0.000688;0.000689;0.000687
A,18,49,1787806418.283984,"(768, 1, 1)",320,1.9676159999999998,0,ok,0.000683,0.000686;0.000683;0.000684
A,18,50,1787806418.344404,"(768, 1, 1)",198,1.9676159999999998,0,ok,0.000466,0.000466;0.000466;0.000466
A,18,51,1787806418.373634,"(768, 1, 1)",997,1.9676159999999998,0,ok,0.003487,0.003487
A,18,52,1787806418.721948,"(768, 1, 1)",1555,1.9676159999999998,0,ok,0.000488,0.000489;0.000488;0.000489
A,18,53,1787806418.805044,"(768, 1, 1)",290,1.9676159999999998,0,ok,0.000662,0.000663;0.000662;0.000662
A,18,54,1787806418.824327,"(768, 1, 1)",333,1.9676159999999998,0,ok,0.000680,0.000682;0.000682;0.000680
A,18,55,1787806418.869525,"(384, 1, 1)",175,1.9676159999999998,0,ok,0.000672,0.000672;0.000673;0.000674
A,18,56,1787806418.891432,"(256, 1, 1)",177,1.9676159999999998,0,ok,0.000742,0.000747;0.000742;0.000749
A,18,57,1787806418.936112,"(192, 1, 1)",175,1.9676159999999998,0,ok,0.000730,0.000734;0.000730;0.000731
A,18,58,1787806418.957305,"(96, 1, 1)",175,1.9676159999999998,0,ok,0.000877,0.000878;0.000877;0.000878
A,18,59,1787806419.001373,"(48, 1, 1)",174,1.9676159999999998,0,ok,0.000868,0.000868;0.000869;0.000868
A,18,60,1787806419.031690,"(768, 1, 1)",191,1.9676159999999998,0,ok,0.001198,0.001216;0.001198;0.001214
A,18,61,1787806419.101589,"(768, 1, 1)",191,1.9676159999999998,0,ok,0.000368,0.000369;0.000369;0.000368
A,18,62,1787806419.127099,"(768, 1, 1)",189,1.9676159999999998,0,ok,0.000387,0.000389;0.000387;0.000389
A,18,63,1787806419.175489,"(768, 1, 1)",205,1.9676159999999998,0,ok,0.000419,0.000419;0.000421;0.000419
A,18,64,1787806419.201280,"(768, 1, 1)",205,1.9676159999999998,0,ok,0.001267,0.001281;0.001267;0.001301
A,18,65,1787806419.248262,"(24, 1, 1)",174,1.9676159999999998,0,ok,0.001614,0.001615;0.001614;0.001615
A,18,66,1787806419.550702,"(768, 1, 1)",842,1.105248,0,ok,0.000360,0.000361;0.000360;0.000361
A,18,67,1787806419.631835,"(768, 1, 1)",241,1.105248,0,ok,0.000265,0.000265;0.000266;0.000267
A,18,68,1787806419.642448,"(384, 1, 1)",244,1.105248,0,ok,0.000330,0.000332;0.000331;0.000330
A,18,69,1787806419.717450,"(256, 1, 1)",301,1.105248,0,ok,0.000353,0.000353;0.000353;0.000354
A,18,70,1787806419.742664,"(192, 1, 1)",337,1.105248,0,ok,0.000369,0.000369;0.000369;0.000370
A,18,71,1787806419.816139,"(768, 1, 1)",324,1.105248,0,ok,0.000267,0.000267;0.000267;0.000267
A,18,72,1787806419.882070,"(768, 1, 1)",225,1.105248,0,ok,0.000263,0.000264;0.000264;0.000263
A,18,73,1787806420.001151,"(768, 1, 1)",1022,1.105248,0,ok,0.002270,0.002270
A,18,74,1787806420.094538,"(768, 1, 1)",360,1.105248,0,ok,0.000804,0.000804;0.000805;0.000808
A,18,75,1787806420.183280,"(768, 1, 1)",317,1.105248,0,ok,0.000353,0.000353;0.000353;0.000353
A,18,76,1787806420.219611,"(768, 1, 1)",1580,1.105248,0,ok,0.000251,0.000251;0.000251;0.000252
A,18,77,1787806420.258188,"(384, 1, 1)",205,1.105248,0,ok,0.000357,0.000357;0.000357;0.000357
A,18,78,1787806420.290975,"(256, 1, 1)",207,1.105248,0,ok,0.000426,0.000426;0.000427;0.000427
A,18,79,1787806420.330158,"(192, 1, 1)",205,1.105248,0,ok,0.000421,0.000421;0.000421;0.000421
A,18,80,1787806420.364449,"(96, 1, 1)",205,1.105248,0,ok,0.000558,0.000558;0.000558;0.000559
A,18,81,1787806420.402657,"(48, 1, 1)",204,1.105248,0,ok,0.000566,0.000566;0.000566;0.000567
A,18,82,1787806420.441446,"(768, 1, 1)",198,1.105248,0,ok,0.000363,0.000363;0.000364;0.000363
A,18,83,1787806420.472150,"(768, 1, 1)",202,1.105248,0,ok,0.000435,0.000435;0.000436;0.000435
A,18,84,1787806420.563957,"(768, 1, 1)",196,1.105248,0,ok,0.000359,0.000359;0.000359;0.000359
A,18,85,1787806420.642862,"(768, 1, 1)",212,1.105248,0,ok,0.000350,0.000350;0.000350;0.000350
A,18,86,1787806420.722290,"(768, 1, 1)",212,1.105248,0,ok,0.000351,0.000351;0.000352;0.000351
A,18,87,1787806420.792413,"(768, 1, 1)",202,1.105248,0,ok,0.000341,0.000341;0.000341;0.000341
A,18,88,1787806420.859799,"(768, 1, 1)",202,1.105248,0,ok,0.000435,0.000436;0.000435;0.000436
A,18,89,1787806420.905112,"(768, 1, 1)",202,1.105248,0,ok,0.000376,0.000377;0.000377;0.000376
A,18,90,1787806421.129070,"(768, 1, 1)",840,1.105248,0,ok,0.000724,0.000725;0.000724;0.000724
A,18,91,1787806421.203732,"(768, 1, 1)",240,1.105248,0,ok,0.000377,0.000378;0.000377;0.000377
A,18,92,1787806421.284419,"(256, 1, 1)",299,1.105248,0,ok,0.000346,0.000346;0.000346;0.000346
A,18,93,1787806421.296154,"(384, 1, 1)",245,1.105248,0,ok,0.000337,0.000338;0.000337;0.000338
A,18,94,1787806421.377889,"(192, 1, 1)",337,1.105248,0,ok,0.000406,0.000407;0.000406;0.000407
A,18,95,1787806421.387721,"(768, 1, 1)",322,1.105248,0,ok,0.000380,0.000380;0.000380;0.000381
A,18,96,1787806421.495867,"(768, 1, 1)",345,1.105248,0,ok,0.000384,0.000384;0.000385;0.000384
A,18,97,1787806421.598136,"(768, 1, 1)",1022,1.105248,0,ok,0.001790,0.001790
A,18,98,1787806421.685061,"(768, 1, 1)",358,1.105248,0,ok,0.000383,0.000383;0.000383;0.000383
A,18,99,1787806421.768372,"(768, 1, 1)",317,1.105248,0,ok,0.000373,0.000373;0.000373;0.000374
A,18,100,1787806421.831482,"(384, 1, 1)",205,1.105248,0,ok,0.000391,0.000392;0.000391;0.000392
A,18,101,1787806421.851351,"(768, 1, 1)",1580,1.105248,0,ok,0.000361,0.000362;0.000362;0.000361
A,18,102,1787806421.896637,"(256, 1, 1)",207,1.105248,0,ok,0.000430,0.000431;0.000432;0.000430
A,18,103,1787806421.912923,"(192, 1, 1)",205,1.105248,0,ok,0.000431,0.000431;0.000431;0.000432
A,18,104,1787806421.960113,"(96, 1, 1)",205,1.105248,0,ok,0.000553,0.000554;0.000554;0.000553
A,18,105,1787806421.975999,"(48, 1, 1)",204,1.105248,0,ok,0.000539,0.000539;0.000540;0.000540
A,18,106,1787806422.023066,"(768, 1, 1)",198,1.105248,0,ok,0.000347,0.000347;0.000348;0.000347
A,18,107,1787806422.046102,"(768, 1, 1)",202,1.105248,0,ok,0.000527,0.000527;0.000527;0.000527
A,18,108,1787806422.088632,"(768, 1, 1)",197,1.105248,0,ok,0.000719,0.000720;0.000719;0.000720
A,18,109,1787806422.133984,"(768, 1, 1)",196,1.105248,0,ok,0.000352,0.000352;0.000352;0.000352
A,18,110,1787806422.182083,"(768, 1, 1)",212,1.105248,0,ok,0.000351,0.000352;0.000351;0.000352
A,18,111,1787806422.204750,"(768, 1, 1)",202,1.105248,0,ok,0.000391,0.000391;0.000391;0.000392
A,18,112,1787806422.254872,"(768, 1, 1)",212,1.105248,0,ok,0.000349,0.000349;0.000349;0.000349
A,18,113,1787806422.267293,"(768, 1, 1)",202,1.105248,0,ok,0.000435,0.000436;0.000435;0.000436
A,18,114,1787806422.325024,"(768, 1, 1)",202,1.105248,0,ok,0.000529,0.000529;0.000530;0.000529
A,18,115,1787806422.334302,"(24, 1, 1)",204,1.105248,0,ok,0.001061,0.001061;0.001061;0.001061
A,18,116,1787806422.964907,"(384, 1, 1)",2069,0.752256,0,ok,0.000208,0.000208;0.000209;0.000208
A,18,117,1787806423.112422,"(768, 1, 1)",2064,0.752256,0,ok,0.000203,0.000203;0.000204;0.000205
A,18,118,1787806423.556168,"(256, 1, 1)",2558,0.752256,0,ok,0.000214,0.000214;0.000214;0.000217
A,18,119,1787806425.247624,"(768, 1, 1)",2750,0.752256,0,ok,0.000246,0.000247;0.000246;0.000248
A,18,120,1787806426.214440,"(384, 1, 1)",1594,0.752256,0,ok,0.000252,0.000254;0.000252;0.000252
A,18,121,1787806426.536415,"(256, 1, 1)",1596,0.752256,0,ok,0.000296,0.000297;0.000296;0.000296
A,18,122,1787806426.861320,"(192, 1, 1)",1594,0.752256,0,ok,0.000298,0.000298;0.000299;0.000300
A,18,123,1787806427.189214,"(96, 1, 1)",1592,0.752256,0,ok,0.000381,0.000381;0.000381;0.000381
A,18,124,1787806427.221478,"(48, 1, 1)",1592,0.752256,0,ok,0.000375,0.000375;0.000375;0.000376
A,18,125,1787806427.520679,"(768, 1, 1)",1589,0.752256,0,ok,0.000249,0.000250;0.000249;0.000250
A,18,126,1787806427.848460,"(768, 1, 1)",1587,0.752256,0,ok,0.000340,0.000340;0.000340;0.000341
A,18,127,1787806427.897037,"(768, 1, 1)",1601,0.752256,0,ok,0.000241,0.000241;0.000242;0.000241
A,18,128,1787806428.214526,"(768, 1, 1)",1601,0.752256,0,ok,0.000247,0.000247;0.000247;0.000247
A,18,129,1787806428.230664,"(768, 1, 1)",979,0.752256,0,ok,0.000333,0.000333;0.000333;0.000333
A,18,130,1787806428.312883,"(384, 1, 1)",283,0.752256,0,ok,0.000211,0.000213;0.000211;0.000213
A,18,131,1787806428.330545,"(768, 1, 1)",278,0.752256,0,ok,0.000209,0.000209;0.000210;0.000210
A,18,132,1787806428.416033,"(256, 1, 1)",349,0.752256,0,ok,0.000224,0.000226;0.000224;0.000226
A,18,133,1787806428.458245,"(192, 1, 1)",392,0.752256,0,ok,0.000226,0.000226;0.000228;0.000228
A,18,134,1787806428.542277,"(768, 1, 1)",375,0.752256,0,ok,0.000205,0.000205;0.000205;0.000205
A,18,135,1787806428.577161,"(768, 1, 1)",470,0.752256,0,ok,0.000440,0.000441;0.000440;0.000441
A,18,136,1787806428.951430,"(768, 1, 1)",1712,0.752256,0,ok,0.001244,0.001244
A,18,137,1787806429.089780,"(768, 1, 1)",526,0.752256,0,ok,0.000537,0.000544;0.000548;0.000537
A,18,138,1787806429.149998,"(768, 1, 1)",462,0.752256,0,ok,0.000251,0.000252;0.000251;0.000251
A,18,139,1787806429.159308,"(384, 1, 1)",237,0.752256,0,ok,0.000262,0.000262;0.000262;0.000262
A,18,140,1787806429.225637,"(256, 1, 1)",241,0.752256,0,ok,0.000312,0.000312;0.000313;0.000312
A,18,141,1787806429.303444,"(192, 1, 1)",239,0.752256,0,ok,0.000306,0.000307;0.000307;0.000306
A,18,142,1787806429.370170,"(96, 1, 1)",239,0.752256,0,ok,0.000396,0.000398;0.000396;0.000397
A,18,143,1787806429.441529,"(48, 1, 1)",238,0.752256,0,ok,0.000396,0.000397;0.000396;0.000396
A,18,144,1787806429.721158,"(768, 1, 1)",232,0.752256,0,ok,0.000264,0.000264;0.000264;0.000264
A,18,145,1787806429.834860,"(768, 1, 1)",246,0.752256,0,ok,0.000253,0.000253;0.000253;0.000253
A,18,146,1787806429.908858,"(768, 1, 1)",238,0.752256,0,ok,0.000291,0.000291;0.000291;0.000291
A,18,147,1787806429.990986,"(768, 1, 1)",238,0.752256,0,ok,0.000435,0.000435;0.000436;0.000435
A,18,148,1787806429.999257,"(768, 1, 1)",246,0.752256,0,ok,0.000252,0.000252;0.000252;0.000252
A,18,149,1787806430.068643,"(768, 1, 1)",238,0.752256,0,ok,0.000436,0.000437;0.000437;0.000436
A,18,150,1787806430.077164,"(768, 1, 1)",238,0.752256,0,ok,0.000341,0.000341;0.000342;0.000341
A,18,151,1787806435.843059,"(384, 1, 1)",2076,0.610368,0,ok,0.000196,0.000196;0.000196;0.000197
A,18,152,1787806436.352054,"(256, 1, 1)",2080,0.610368,0,ok,0.000231,0.000231;0.000232;0.000231
A,18,153,1787806436.863748,"(192, 1, 1)",2078,0.610368,0,ok,0.000227,0.000228;0.000227;0.000227
A,18,154,1787806437.414245,"(96, 1, 1)",2076,0.610368,0,ok,0.000292,0.000294;0.000292;0.000292
A,18,155,1787806437.598578,"(48, 1, 1)",2076,0.610368,0,ok,0.000289,0.000289;0.000289;0.000290
A,18,156,1787806437.939955,"(768, 1, 1)",2072,0.610368,0,ok,0.000200,0.000200;0.000201;0.000201
A,18,157,1787806438.460444,"(768, 1, 1)",2072,0.610368,0,ok,0.000232,0.000232;0.000232;0.000232
A,18,158,1787806438.530157,"(768, 1, 1)",2084,0.610368,0,ok,0.000188,0.000188;0.000189;0.000189
A,18,159,1787806439.053284,"(768, 1, 1)",2084,0.610368,0,ok,0.000195,0.000195;0.000196;0.000195
A,18,160,1787806439.111162,"(24, 1, 1)",2076,0.610368,0,ok,0.000694,0.000694
A,18,161,1787806439.629482,"(768, 1, 1)",576,0.610368,0,ok,0.000226,0.000227;0.000226;0.000226
A,18,162,1787806439.688263,"(384, 1, 1)",576,0.610368,0,ok,0.000185,0.000186;0.000185;0.000185
A,18,163,1787806439.920247,"(256, 1, 1)",785,0.610368,0,ok,0.000211,0.000211;0.000214;0.000217
A,18,164,1787806440.062677,"(192, 1, 1)",991,0.610368,0,ok,0.000239,0.000239;0.000241;0.000240
A,18,165,1787806440.148033,"(768, 1, 1)",793,0.610368,0,ok,0.000470,0.000470;0.000471;0.000471
A,18,166,1787806441.465961,"(768, 1, 1)",926,0.610368,0,ok,0.000257,0.000257;0.000262;0.000261
A,18,167,1787806441.714378,"(768, 1, 1)",765,0.610368,0,ok,0.000191,0.000191;0.000192;0.000192
A,18,168,1787806441.853319,"(384, 1, 1)",385,0.610368,0,ok,0.000163,0.000165;0.000163;0.000165
A,18,169,1787806441.990932,"(256, 1, 1)",389,0.610368,0,ok,0.000189,0.000191;0.000191;0.000189
A,18,170,1787806442.129972,"(96, 1, 1)",391,0.610368,0,ok,0.000251,0.000261;0.000251;0.000251
A,18,171,1787806442.236995,"(192, 1, 1)",387,0.610368,0,ok,0.000176,0.000180;0.000178;0.000176
A,18,172,1787806442.267575,"(48, 1, 1)",388,0.610368,0,ok,0.000250,0.000252;0.000250;0.000251
A,18,173,1787806442.378307,"(768, 1, 1)",382,0.610368,0,ok,0.000889,0.000889
A,18,174,1787806442.403241,"(768, 1, 1)",387,0.610368,0,ok,0.000203,0.000204;0.000204;0.000203
A,18,175,1787806442.527622,"(768, 1, 1)",382,0.610368,0,ok,0.000398,0.000398;0.000398;0.000398
A,18,176,1787806442.668605,"(768, 1, 1)",394,0.610368,0,ok,0.000337,0.000351;0.000337;0.000349
A,18,177,1787806442.725092,"(768, 1, 1)",385,0.610368,0,ok,0.000118,0.000119;0.000118;0.000119
A,18,178,1787806442.825592,"(768, 1, 1)",398,0.610368,0,ok,0.000174,0.000175;0.000174;0.000174
A,18,179,1787806442.863820,"(768, 1, 1)",388,0.610368,0,ok,0.000158,0.000158;0.000158;0.000159
A,18,180,1787806442.962769,"(768, 1, 1)",386,0.610368,0,ok,0.000206,0.000206;0.000207;0.000206
A,18,181,1787806443.013088,"(24, 1, 1)",386,0.610368,0,ok,0.000487,0.000488;0.000488;0.000487
A,18,182,1787806443.292466,"(384, 1, 1)",590,0.354912,0,ok,0.000099,0.000100;0.000099;0.000099
A,18,183,1787806443.485026,"(768, 1, 1)",989,0.354912,0,ok,0.000159,0.000159;0.000159;0.000173
A,18,184,1787806443.804345,"(768, 1, 1)",586,0.354912,0,ok,0.000100,0.000100;0.000103;0.000102
A,18,185,1787806443.821430,"(256, 1, 1)",800,0.354912,0,ok,0.000108,0.000110;0.000108;0.000108
A,18,186,1787806444.109136,"(768, 1, 1)",856,0.354912,0,ok,0.000151,0.000154;0.000153;0.000151
A,18,187,1787806444.197626,"(192, 1, 1)",1005,0.354912,0,ok,0.000114,0.000115;0.000114;0.000115
A,18,188,1787806444.667176,"(768, 1, 1)",1344,0.354912,0,ok,0.000120,0.000120;0.000121;0.000120
A,18,189,1787806444.987621,"(768, 1, 1)",936,0.354912,0,ok,0.000143,0.000143;0.000144;0.000144
A,18,190,1787806445.214199,"(768, 1, 1)",800,0.354912,0,ok,0.000120,0.000122;0.000121;0.000120
A,18,191,1787806445.368501,"(384, 1, 1)",399,0.354912,0,ok,0.000117,0.000118;0.000117;0.000118
A,18,192,1787806445.457109,"(256, 1, 1)",401,0.354912,0,ok,0.000139,0.000139;0.000140;0.000139
A,18,193,1787806445.519260,"(192, 1, 1)",401,0.354912,0,ok,0.000135,0.000135;0.000135;0.000135
A,18,194,1787806445.607419,"(96, 1, 1)",403,0.354912,0,ok,0.000175,0.000176;0.000176;0.000175
A,18,195,1787806445.672929,"(48, 1, 1)",398,0.354912,0,ok,0.000174,0.000174;0.000174;0.000175
A,18,196,1787806445.769512,"(768, 1, 1)",393,0.354912,0,ok,0.000506,0.000506
A,18,197,1787806446.018198,"(768, 1, 1)",409,0.354912,0,ok,0.000121,0.000122;0.000121;0.000121
A,18,198,1787806446.171919,"(768, 1, 1)",399,0.354912,0,ok,0.000181,0.000182;0.000181;0.000181
A,18,199,1787806446.180905,"(768, 1, 1)",394,0.354912,0,ok,0.000293,0.000294;0.000294;0.000293
A,18,200,1787806446.344024,"(768, 1, 1)",408,0.354912,0,ok,0.000212,0.000213;0.000212;0.000213
A,18,201,1787806446.564613,"(768, 1, 1)",990,0.354912,0,ok,0.000089,0.000089;0.000092;0.000092
A,18,202,1787806446.576949,"(384, 1, 1)",590,0.354912,0,ok,0.000129,0.000129;0.000130;0.000131
A,18,203,1787806446.793946,"(768, 1, 1)",586,0.354912,0,ok,0.000117,0.000117;0.000117;0.000118
A,18,204,1787806446.880352,"(256, 1, 1)",800,0.354912,0,ok,0.000141,0.000141;0.000142;0.000141
A,18,205,1787806447.166759,"(768, 1, 1)",858,0.354912,0,ok,0.000127,0.000127;0.000127;0.000127
A,18,206,1787806447.182186,"(192, 1, 1)",1003,0.354912,0,ok,0.000122,0.000123;0.000122;0.000122
A,18,207,1787806447.560794,"(768, 1, 1)",1290,0.354912,0,ok,0.000190,0.000192;0.000191;0.000190
A,18,208,1787806447.790656,"(768, 1, 1)",795,0.354912,0,ok,0.000139,0.000141;0.000139;0.000141
A,18,209,1787806448.018594,"(768, 1, 1)",775,0.354912,0,ok,0.000114,0.000115;0.000114;0.000115
A,18,210,1787806448.471515,"(384, 1, 1)",401,0.354912,0,ok,0.000176,0.000178;0.000176;0.000177
A,18,211,1787806448.628197,"(256, 1, 1)",403,0.354912,0,ok,0.000164,0.000167;0.000166;0.000164
A,18,212,1787806448.653426,"(768, 1, 1)",937,0.354912,0,ok,0.000128,0.000128;0.000128;0.000130
A,18,213,1787806448.786034,"(192, 1, 1)",403,0.354912,0,ok,0.000156,0.000156;0.000157;0.000156
A,18,214,1787806448.814388,"(96, 1, 1)",401,0.354912,0,ok,0.000204,0.000205;0.000204;0.000204
A,18,215,1787806448.928478,"(768, 1, 1)",394,0.354912,0,ok,0.000293,0.000294;0.000293;0.000293
A,18,216,1787806448.979473,"(768, 1, 1)",409,0.354912,0,ok,0.000225,0.000225;0.000226;0.000226
A,18,217,1787806449.096984,"(768, 1, 1)",408,0.354912,0,ok,0.000519,0.000519
A,18,218,1787806449.952424,"(384, 1, 1)",1830,0.267264,0,ok,0.000103,0.000103;0.000105;0.000105
A,18,219,1787806450.438121,"(256, 1, 1)",2675,0.267264,0,ok,0.000367,0.000367
A,18,220,1787806451.343587,"(768, 1, 1)",2299,0.267264,0,ok,0.000496,0.000496
A,18,221,1787806452.504177,"(768, 1, 1)",2009,0.267264,0,ok,0.000095,0.000095;0.000095;0.000095
A,18,222,1787806453.155841,"(768, 1, 1)",1981,0.267264,0,ok,0.000178,0.000180;0.000178;0.000178
A,18,223,1787806453.560841,"(384, 1, 1)",1002,0.267264,0,ok,0.000091,0.000092;0.000094;0.000091
A,18,224,1787806453.656079,"(768, 1, 1)",2541,0.267264,0,ok,0.000247,0.000249;0.000248;0.000247
A,18,225,1787806453.948449,"(256, 1, 1)",1006,0.267264,0,ok,0.000096,0.000099;0.000096;0.000096
A,18,226,1787806454.043256,"(192, 1, 1)",1006,0.267264,0,ok,0.000092,0.000095;0.000094;0.000092
A,18,227,1787806454.337120,"(96, 1, 1)",1004,0.267264,0,ok,0.000131,0.000134;0.000131;0.000132
A,18,228,1787806454.464666,"(48, 1, 1)",1006,0.267264,0,ok,0.000096,0.000096;0.000096;0.000096
A,18,229,1787806454.784159,"(768, 1, 1)",999,0.267264,0,ok,0.000518,0.000518
A,18,230,1787806455.193998,"(768, 1, 1)",999,0.267264,0,ok,0.000255,0.000255;0.000255;0.000255
A,18,231,1787806455.576041,"(768, 1, 1)",1011,0.267264,0,ok,0.000189,0.000190;0.000189;0.000190
A,18,232,1787806455.702317,"(768, 1, 1)",1007,0.267264,0,ok,0.000143,0.000143;0.000143;0.000143
A,18,233,1787806456.354455,"(384, 1, 1)",1831,0.267264,0,ok,0.000143,0.000143;0.000145;0.000145
A,18,234,1787806456.459317,"(384, 1, 1)",1003,0.267264,0,ok,0.000109,0.000113;0.000111;0.000109
A,18,235,1787806456.943419,"(128, 1, 1)",1431,0.267264,0,ok,0.000152,0.000153;0.000152;0.000153
A,18,236,1787806457.253924,"(96, 1, 1)",1848,0.267264,0,ok,0.000144,0.000146;0.000144;0.000145
A,18,237,1787806457.424578,"(384, 1, 1)",1346,0.267264,0,ok,0.000257,0.000257;0.000257;0.000258
A,18,238,1787806457.807059,"(384, 1, 1)",1168,0.267264,0,ok,0.000169,0.000171;0.000169;0.000169
A,18,239,1787806458.476648,"(384, 1, 1)",2023,0.267264,0,ok,0.000095,0.000096;0.000095;0.000096
A,18,240,1787806459.029881,"(384, 1, 1)",1469,0.267264,0,ok,0.000122,0.000124;0.000122;0.000123
A,18,241,1787806459.393605,"(384, 1, 1)",1207,0.267264,0,ok,0.000099,0.000100;0.000100;0.000099
A,18,242,1787806459.658360,"(192, 1, 1)",607,0.267264,0,ok,0.000112,0.000112;0.000112;0.000112
A,18,243,1787806459.900907,"(128, 1, 1)",605,0.267264,0,ok,0.000110,0.000110;0.000111;0.000110
A,18,244,1787806459.961806,"(96, 1, 1)",605,0.267264,0,ok,0.000149,0.000151;0.000151;0.000149
A,18,245,1787806460.144618,"(48, 1, 1)",604,0.267264,0,ok,0.000133,0.000133;0.000134;0.000133
A,18,246,1787806460.200935,"(24, 1, 1)",604,0.267264,0,ok,0.000269,0.000269
A,18,247,1787806460.399629,"(384, 1, 1)",600,0.267264,0,ok,0.000521,0.000521
A,18,248,1787806460.630353,"(384, 1, 1)",596,0.267264,0,ok,0.000299,0.000299
A,18,249,1787806460.698622,"(384, 1, 1)",607,0.267264,0,ok,0.000141,0.000142;0.000141;0.000142
A,18,250,1787806460.858806,"(384, 1, 1)",601,0.267264,0,ok,0.000144,0.000145;0.000144;0.000144
A,18,251,1787806460.941610,"(384, 1, 1)",612,0.267264,0,ok,0.000204,0.000207;0.000204;0.000204
A,19,1,1787806461.472058,"(2048, 1, 1)",220,inf,0,ok,0.003027,0.003027;0.003027;0.003034
A,19,2,1787806461.489424,"(1024, 1, 1)",330,inf,0,ok,0.003619,0.003622;0.003621;0.003619
A,19,3,1787806461.549281,"(4096, 1, 1)",177,inf,0,ok,0.002930,0.002940;0.002933;0.002930
A,19,4,1787806461.612655,"(4096, 1, 1)",173,inf,0,ok,0.002182,0.002182;0.002187;0.002184
A,19,5,1787806461.672651,"(4096, 1, 1)",181,inf,0,ok,0.002568,0.002571;0.002568;0.002569
A,19,6,1787806461.897414,"(4096, 1, 1)",904,inf,0,ok,0.001763,0.001763;0.001765;0.001764
A,19,7,1787806461.997773,"(4096, 1, 1)",224,inf,0,ok,0.001586,0.001588;0.001586;0.001589
A,19,8,1787806462.030352,"(4096, 1, 1)",312,inf,0,ok,0.003361,0.003361;0.003363;0.003363
A,19,9,1787806462.056329,"(2048, 1, 1)",167,inf,0,ok,0.001655,0.001655;0.001658;0.001660
A,19,10,1787806462.091665,"(1024, 1, 1)",167,inf,0,ok,0.000905,0.000905;0.000905;0.000910
A,19,11,1787806462.115809,"(512, 1, 1)",167,inf,0,ok,0.000821,0.000821;0.000821;0.000821
A,19,12,1787806462.151546,"(256, 1, 1)",168,inf,0,ok,0.000885,0.000887;0.000885;0.000886
A,19,13,1787806462.182292,"(4096, 1, 1)",189,inf,0,ok,0.000753,0.000755;0.000753;0.000754
A,19,14,1787806462.221131,"(4096, 1, 1)",180,inf,0,ok,0.001052,0.001059;0.001061;0.001052
A,19,15,1787806462.242389,"(4096, 1, 1)",180,inf,0,ok,0.001595,0.001606;0.001601;0.001595
A,19,16,1787806462.286694,"(4096, 1, 1)",180,inf,0,ok,0.001656,0.001661;0.001656;0.001657
A,19,17,1787806462.356705,"(4096, 1, 1)",190,inf,0,ok,0.000910,0.000911;0.000910;0.000911
A,19,18,1787806462.423287,"(4096, 1, 1)",188,inf,0,ok,0.000664,0.000664;0.000664;0.000666
A,19,19,1787806462.493458,"(4096, 1, 1)",189,inf,0,ok,0.000633,0.000634;0.000633;0.000635
A,19,20,1787806462.739694,"(128, 1, 1)",165,inf,0,ok,0.000905,0.000905;0.000921;0.000921
A,19,21,1787806462.892875,"(2048, 1, 1)",266,1.89792,0,ok,0.001776,0.001776;0.001783;0.001787
A,19,22,1787806462.925212,"(1024, 1, 1)",395,1.89792,0,ok,0.006391,0.006391
A,19,23,1787806463.007404,"(4096, 1, 1)",279,1.89792,0,ok,0.002639,0.002639
A,19,24,1787806463.077049,"(4096, 1, 1)",209,1.89792,0,ok,0.000655,0.000655;0.000657;0.000657
A,19,25,1787806463.089497,"(4096, 1, 1)",922,1.89792,0,ok,0.003289,0.003289
A,19,26,1787806463.148273,"(4096, 1, 1)",204,1.89792,0,ok,0.000538,0.000539;0.000538;0.000543
A,19,27,1787806463.157156,"(4096, 1, 1)",212,1.89792,0,ok,0.000599,0.000599;0.000601;0.000600
A,19,28,1787806463.227685,"(2048, 1, 1)",201,1.89792,0,ok,0.000900,0.000900;0.000906;0.000906
A,19,29,1787806463.240792,"(4096, 1, 1)",342,1.89792,0,ok,0.000970,0.000973;0.000975;0.000970
A,19,30,1787806463.301525,"(1024, 1, 1)",202,1.89792,0,ok,0.001167,0.001183;0.001171;0.001167
A,19,31,1787806463.313834,"(512, 1, 1)",201,1.89792,0,ok,0.001324,0.001335;0.001324;0.001325
A,19,32,1787806463.372822,"(256, 1, 1)",201,1.89792,0,ok,0.001439,0.001439;0.001441;0.001443
A,19,33,1787806463.383765,"(4096, 1, 1)",198,1.89792,0,ok,0.001058,0.001065;0.001058;0.001077
A,19,34,1787806463.441421,"(4096, 1, 1)",196,1.89792,0,ok,0.000533,0.000535;0.000533;0.000536
A,19,35,1787806463.451687,"(4096, 1, 1)",196,1.89792,0,ok,0.000522,0.000525;0.000524;0.000522
A,19,36,1787806463.513705,"(128, 1, 1)",201,1.89792,0,ok,0.001284,0.001287;0.001284;0.001294
A,19,37,1787806463.543107,"(2048, 1, 1)",266,1.89792,0,ok,0.000601,0.000601;0.000602;0.000601
A,19,38,1787806463.658779,"(1024, 1, 1)",393,1.89792,0,ok,0.000720,0.000721;0.000721;0.000720
A,19,39,1787806463.771541,"(4096, 1, 1)",431,1.89792,0,ok,0.004850,0.004850
A,19,40,1787806463.842430,"(4096, 1, 1)",207,1.89792,0,ok,0.000668,0.000669;0.000669;0.000668
A,19,41,1787806463.914673,"(4096, 1, 1)",203,1.89792,0,ok,0.000566,0.000567;0.000566;0.000566
A,19,42,1787806463.963685,"(4096, 1, 1)",514,1.89792,0,ok,0.003285,0.003285
A,19,43,1787806463.983822,"(4096, 1, 1)",211,1.89792,0,ok,0.000601,0.000603;0.000601;0.000601
A,19,44,1787806464.054280,"(2048, 1, 1)",201,1.89792,0,ok,0.000510,0.000510;0.000512;0.000512
A,19,45,1787806464.063814,"(4096, 1, 1)",342,1.89792,0,ok,0.001708,0.001708;0.001711;0.001708
A,19,46,1787806464.138930,"(1024, 1, 1)",200,1.89792,0,ok,0.000412,0.000415;0.000412;0.000415
A,19,47,1787806464.212588,"(512, 1, 1)",201,1.89792,0,ok,0.000437,0.000438;0.000437;0.000438
A,19,48,1787806464.285148,"(4096, 1, 1)",197,1.89792,0,ok,0.001034,0.001034;0.001060;0.001065
A,19,49,1787806464.352803,"(4096, 1, 1)",196,1.89792,0,ok,0.000533,0.000534;0.000533;0.000534
A,19,50,1787806464.426204,"(4096, 1, 1)",196,1.89792,0,ok,0.000537,0.000537;0.000538;0.000537
A,19,51,1787806464.497260,"(128, 1, 1)",200,1.89792,0,ok,0.000511,0.000512;0.000514;0.000511
A,19,52,1787806464.512566,"(256, 1, 1)",201,1.89792,0,ok,0.000495,0.000495;0.000495;0.000495
A,19,53,1787806464.677114,"(512, 1, 1)",279,1.2365760000000001,0,ok,0.000460,0.000462;0.000460;0.000461
A,19,54,1787806464.742494,"(1024, 1, 1)",275,1.2365760000000001,0,ok,0.000532,0.000534;0.000532;0.000532
A,19,55,1787806464.791775,"(256, 1, 1)",420,1.2365760000000001,0,ok,0.000904,0.000906;0.000905;0.000904
A,19,56,1787806464.860955,"(1024, 1, 1)",521,1.2365760000000001,0,ok,0.001070,0.001073;0.001072;0.001070
A,19,57,1787806464.904260,"(1024, 1, 1)",443,1.2365760000000001,0,ok,0.007372,0.007372
A,19,58,1787806464.932293,"(1024, 1, 1)",220,1.2365760000000001,0,ok,0.000447,0.000447;0.000447;0.000447
A,19,59,1787806464.976397,"(1024, 1, 1)",215,1.2365760000000001,0,ok,0.000305,0.000306;0.000306;0.000305
A,19,60,1787806465.003287,"(1024, 1, 1)",223,1.2365760000000001,0,ok,0.000385,0.000386;0.000385;0.000386
A,19,61,1787806465.073129,"(1024, 1, 1)",355,1.2365760000000001,0,ok,0.000788,0.000792;0.000788;0.000788
A,19,62,1787806465.083025,"(512, 1, 1)",211,1.2365760000000001,0,ok,0.000438,0.000440;0.000438;0.000438
A,19,63,1787806465.145798,"(256, 1, 1)",210,1.2365760000000001,0,ok,0.000494,0.000494;0.000494;0.000495
A,19,64,1787806465.154186,"(128, 1, 1)",210,1.2365760000000001,0,ok,0.000513,0.000513;0.000516;0.000514
A,19,65,1787806465.219861,"(64, 1, 1)",212,1.2365760000000001,0,ok,0.000926,0.000953;0.000926;0.000963
A,19,66,1787806465.230944,"(1024, 1, 1)",209,1.2365760000000001,0,ok,0.002793,0.002793
A,19,67,1787806465.298227,"(1024, 1, 1)",208,1.2365760000000001,0,ok,0.000366,0.000366;0.000366;0.000368
A,19,68,1787806465.369297,"(1024, 1, 1)",208,1.2365760000000001,0,ok,0.000380,0.000381;0.000381;0.000380
A,19,69,1787806465.541846,"(512, 1, 1)",665,1.2365760000000001,0,ok,0.000833,0.000833;0.000834;0.000839
A,19,70,1787806465.635469,"(256, 1, 1)",278,1.2365760000000001,0,ok,0.000635,0.000635;0.000635;0.000638
A,19,71,1787806465.667601,"(32, 1, 1)",210,1.2365760000000001,0,ok,0.001982,0.001982
A,19,72,1787806465.724500,"(512, 1, 1)",276,1.2365760000000001,0,ok,0.000475,0.000477;0.000476;0.000475
A,19,73,1787806465.786467,"(128, 1, 1)",421,1.2365760000000001,0,ok,0.001194,0.001195;0.001194;0.001195
A,19,74,1787806465.841413,"(512, 1, 1)",404,1.2365760000000001,0,ok,0.000684,0.000684;0.000685;0.000686
A,19,75,1787806465.904615,"(512, 1, 1)",522,1.2365760000000001,0,ok,0.000885,0.000886;0.000887;0.000885
A,19,76,1787806465.954836,"(512, 1, 1)",444,1.2365760000000001,0,ok,0.007313,0.007313
A,19,77,1787806465.978238,"(512, 1, 1)",220,1.2365760000000001,0,ok,0.000478,0.000479;0.000478;0.000478
A,19,78,1787806466.026650,"(512, 1, 1)",215,1.2365760000000001,0,ok,0.000320,0.000321;0.000321;0.000320
A,19,79,1787806466.051193,"(512, 1, 1)",224,1.2365760000000001,0,ok,0.000412,0.000413;0.000412;0.000413
A,19,80,1787806466.152128,"(512, 1, 1)",354,1.2365760000000001,0,ok,0.000711,0.000712;0.000711;0.000712
A,19,81,1787806466.228148,"(256, 1, 1)",210,1.2365760000000001,0,ok,0.000494,0.000494;0.000494;0.000494
A,19,82,1787806466.304041,"(64, 1, 1)",211,1.2365760000000001,0,ok,0.000931,0.000981;0.000931;0.000995
A,19,83,1787806466.377609,"(32, 1, 1)",211,1.2365760000000001,0,ok,0.001982,0.001982
A,19,84,1787806466.457469,"(512, 1, 1)",211,1.2365760000000001,0,ok,0.002389,0.002389
A,19,85,1787806466.480659,"(128, 1, 1)",210,1.2365760000000001,0,ok,0.000513,0.000515;0.000514;0.000513
A,19,86,1787806466.528357,"(512, 1, 1)",207,1.2365760000000001,0,ok,0.000389,0.000390;0.000391;0.000389
A,19,87,1787806466.554364,"(512, 1, 1)",207,1.2365760000000001,0,ok,0.000395,0.000395;0.000395;0.000395
A,19,88,1787806466.736708,"(512, 1, 1)",313,0.9146880000000001,0,ok,0.000302,0.000302;0.000303;0.000302
A,19,89,1787806466.764813,"(1024, 1, 1)",468,0.9146880000000001,0,ok,0.000531,0.000531;0.000532;0.000534
A,19,90,1787806466.841190,"(1024, 1, 1)",310,0.9146880000000001,0,ok,0.000372,0.000372;0.000372;0.000373
A,19,91,1787806466.909364,"(256, 1, 1)",495,0.9146880000000001,0,ok,0.000559,0.000559;0.000561;0.000564
A,19,92,1787806467.016875,"(1024, 1, 1)",711,0.9146880000000001,0,ok,0.000803,0.000804;0.000803;0.000804
A,19,93,1787806467.059313,"(1024, 1, 1)",583,0.9146880000000001,0,ok,0.003702,0.003702
A,19,94,1787806467.100676,"(1024, 1, 1)",257,0.9146880000000001,0,ok,0.000511,0.000513;0.000515;0.000511
A,19,95,1787806467.145524,"(1024, 1, 1)",251,0.9146880000000001,0,ok,0.000280,0.000280;0.000280;0.000280
A,19,96,1787806467.265982,"(1024, 1, 1)",445,0.9146880000000001,0,ok,0.000586,0.000586;0.000590;0.000588
A,19,97,1787806467.545100,"(1024, 1, 1)",1438,0.9146880000000001,0,ok,0.000209,0.000210;0.000210;0.000209
A,19,98,1787806467.621430,"(512, 1, 1)",225,0.9146880000000001,0,ok,0.000322,0.000322;0.000323;0.000322
A,19,99,1787806467.700137,"(256, 1, 1)",225,0.9146880000000001,0,ok,0.000394,0.000396;0.000394;0.000396
A,19,100,1787806467.724011,"(1024, 1, 1)",326,0.9146880000000001,0,ok,0.000277,0.000278;0.000278;0.000277
A,19,101,1787806467.777044,"(128, 1, 1)",225,0.9146880000000001,0,ok,0.000470,0.000470;0.000471;0.000470
A,19,102,1787806467.800330,"(64, 1, 1)",226,0.9146880000000001,0,ok,0.001094,0.001094
A,19,103,1787806467.859191,"(1024, 1, 1)",224,0.9146880000000001,0,ok,0.001380,0.001380
A,19,104,1787806467.875084,"(1024, 1, 1)",222,0.9146880000000001,0,ok,0.000275,0.000276;0.000278;0.000275
A,19,105,1787806467.931616,"(1024, 1, 1)",222,0.9146880000000001,0,ok,0.000333,0.000333;0.000341;0.000346
A,19,106,1787806467.952781,"(32, 1, 1)",225,0.9146880000000001,0,ok,0.001432,0.001432
A,19,107,1787806468.058274,"(256, 1, 1)",313,0.9146880000000001,0,ok,0.000367,0.000367;0.000372;0.000371
A,19,108,1787806468.155875,"(512, 1, 1)",819,0.9146880000000001,0,ok,0.000559,0.000560;0.000559;0.000562
A,19,109,1787806468.167558,"(512, 1, 1)",310,0.9146880000000001,0,ok,0.000312,0.000312;0.000313;0.000314
A,19,110,1787806468.310683,"(512, 1, 1)",478,0.9146880000000001,0,ok,0.000465,0.000465;0.000466;0.000465
A,19,111,1787806468.319929,"(128, 1, 1)",496,0.9146880000000001,0,ok,0.000686,0.000686;0.000686;0.000686
A,19,112,1787806468.461802,"(512, 1, 1)",583,0.9146880000000001,0,ok,0.004067,0.004067
A,19,113,1787806468.487966,"(512, 1, 1)",712,0.9146880000000001,0,ok,0.000623,0.000623;0.000623;0.000624
A,19,114,1787806468.545804,"(512, 1, 1)",257,0.9146880000000001,0,ok,0.000550,0.000550;0.000551;0.000608
A,19,115,1787806468.578806,"(512, 1, 1)",251,0.9146880000000001,0,ok,0.000287,0.000287;0.000290;0.000288
A,19,116,1787806469.008840,"(512, 1, 1)",444,0.9146880000000001,0,ok,0.000488,0.000489;0.000493;0.000488
A,19,117,1787806469.023555,"(512, 1, 1)",1436,0.9146880000000001,0,ok,0.000225,0.000226;0.000227;0.000225
A,19,118,1787806469.098998,"(256, 1, 1)",225,0.9146880000000001,0,ok,0.000394,0.000394;0.000395;0.000395
A,19,119,1787806469.122478,"(512, 1, 1)",324,0.9146880000000001,0,ok,0.000291,0.000292;0.000291;0.000292
A,19,120,1787806469.174778,"(128, 1, 1)",225,0.9146880000000001,0,ok,0.000471,0.000474;0.000472;0.000471
A,19,121,1787806469.198835,"(64, 1, 1)",225,0.9146880000000001,0,ok,0.001091,0.001091
A,19,122,1787806469.250859,"(32, 1, 1)",226,0.9146880000000001,0,ok,0.001433,0.001433
A,19,123,1787806469.279598,"(512, 1, 1)",226,0.9146880000000001,0,ok,0.001472,0.001472
A,19,124,1787806469.325147,"(512, 1, 1)",222,0.9146880000000001,0,ok,0.000428,0.000428;0.000434;0.000436
A,19,125,1787806469.354150,"(512, 1, 1)",222,0.9146880000000001,0,ok,0.000343,0.000350;0.000349;0.000343
A,19,126,1787806470.327128,"(512, 1, 1)",2664,0.62784,0,ok,0.000199,0.000199;0.000199;0.000200
A,19,127,1787806471.164413,"(1024, 1, 1)",2663,0.62784,0,ok,0.000266,0.000266;0.000267;0.000266
A,19,128,1787806472.015617,"(1024, 1, 1)",2710,0.62784,0,ok,0.000241,0.000244;0.000241;0.000243
A,19,129,1787806472.890314,"(1024, 1, 1)",2570,0.62784,0,ok,0.000233,0.000234;0.000235;0.000233
A,19,130,1787806473.484321,"(512, 1, 1)",1446,0.62784,0,ok,0.000225,0.000226;0.000227;0.000225
A,19,131,1787806473.903531,"(256, 1, 1)",1446,0.62784,0,ok,0.000248,0.000249;0.000249;0.000248
A,19,132,1787806474.328554,"(128, 1, 1)",1446,0.62784,0,ok,0.000248,0.000249;0.000251;0.000248
A,19,133,1787806474.743116,"(64, 1, 1)",1446,0.62784,0,ok,0.000260,0.000262;0.000262;0.000260
A,19,134,1787806475.174365,"(1024, 1, 1)",1445,0.62784,0,ok,0.000199,0.000199;0.000200;0.000199
A,19,135,1787806475.552177,"(1024, 1, 1)",1443,0.62784,0,ok,0.000202,0.000202;0.000202;0.000202
A,19,136,1787806475.612947,"(1024, 1, 1)",1443,0.62784,0,ok,0.000228,0.000228;0.000229;0.000228
A,19,137,1787806475.966734,"(32, 1, 1)",1448,0.62784,0,ok,0.000586,0.000586;0.000589;0.000590
A,19,138,1787806476.499665,"(256, 1, 1)",2664,0.62784,0,ok,0.000214,0.000216;0.000214;0.000217
A,19,139,1787806476.821516,"(512, 1, 1)",2661,0.62784,0,ok,0.000204,0.000205;0.000204;0.000204
A,19,140,1787806479.111653,"(512, 1, 1)",2708,0.62784,0,ok,0.000242,0.000244;0.000244;0.000242
A,19,141,1787806479.295368,"(512, 1, 1)",2570,0.62784,0,ok,0.000233,0.000234;0.000236;0.000233
A,19,142,1787806479.712246,"(256, 1, 1)",1446,0.62784,0,ok,0.000248,0.000250;0.000248;0.000249
A,19,143,1787806480.588138,"(128, 1, 1)",1446,0.62784,0,ok,0.000249,0.000249;0.000249;0.000249
A,19,144,1787806480.998702,"(64, 1, 1)",1446,0.62784,0,ok,0.000258,0.000262;0.000261;0.000258
A,19,145,1787806481.421371,"(32, 1, 1)",1448,0.62784,0,ok,0.000589,0.000589;0.000589;0.000591
A,19,146,1787806481.735445,"(512, 1, 1)",1447,0.62784,0,ok,0.000213,0.000214;0.000215;0.000213
A,19,147,1787806481.839436,"(512, 1, 1)",1443,0.62784,0,ok,0.000203,0.000203;0.000204;0.000204
A,19,148,1787806482.151657,"(512, 1, 1)",1443,0.62784,0,ok,0.000227,0.000228;0.000227;0.000228
A,19,149,1787806486.378705,"(256, 1, 1)",2674,0.595776,0,ok,0.000215,0.000216;0.000215;0.000217
A,19,150,1787806486.820920,"(128, 1, 1)",2674,0.595776,0,ok,0.000216,0.000217;0.000216;0.000216
A,19,151,1787806487.255079,"(64, 1, 1)",2674,0.595776,0,ok,0.000220,0.000221;0.000221;0.000220
A,19,152,1787806487.746934,"(32, 1, 1)",2676,0.595776,0,ok,0.000445,0.000445;0.000445;0.000445
A,19,153,1787806488.169057,"(512, 1, 1)",2675,0.595776,0,ok,0.000195,0.000197;0.000198;0.000195
A,19,154,1787806489.060751,"(512, 1, 1)",2671,0.595776,0,ok,0.000201,0.000201;0.000202;0.000201
A,19,155,1787806489.247437,"(512, 1, 1)",2670,0.595776,0,ok,0.000204,0.000205;0.000205;0.000204
A,19,156,1787806489.898400,"(16, 1, 1)",2676,0.595776,0,ok,0.001258,0.001258
A,19,157,1787806491.665146,"(1024, 1, 1)",2670,0.595776,0,ok,0.000192,0.000195;0.000192;0.000194
A,19,158,1787806492.498530,"(1024, 1, 1)",2717,0.595776,0,ok,0.000188,0.000188;0.000189;0.000189
A,19,159,1787806493.393397,"(1024, 1, 1)",2577,0.595776,0,ok,0.000187,0.000187;0.000187;0.000187
A,19,160,1787806493.833657,"(512, 1, 1)",1460,0.595776,0,ok,0.000171,0.000172;0.000171;0.000172
A,19,161,1787806494.806228,"(256, 1, 1)",1460,0.595776,0,ok,0.000396,0.000408;0.000404;0.000396
A,19,162,1787806495.185305,"(1024, 1, 1)",1457,0.595776,0,ok,0.000166,0.000167;0.000167;0.000166
A,19,163,1787806495.233889,"(1024, 1, 1)",1457,0.595776,0,ok,0.000191,0.000192;0.000192;0.000191
A,19,164,1787806496.217529,"(512, 1, 1)",2683,0.49785599999999997,0,ok,0.000165,0.000166;0.000165;0.000165
A,19,165,1787806497.089272,"(1024, 1, 1)",2678,0.49785599999999997,0,ok,0.000152,0.000152;0.000153;0.000152
A,19,166,1787806498.633265,"(1024, 1, 1)",2576,0.49785599999999997,0,ok,0.000166,0.000166;0.000167;0.000166
A,19,167,1787806499.090473,"(512, 1, 1)",1464,0.49785599999999997,0,ok,0.000330,0.000330;0.000330;0.000333
A,19,168,1787806499.512861,"(1024, 1, 1)",1446,0.49785599999999997,0,ok,0.000246,0.000246;0.000246;0.000246
A,19,169,1787806502.143170,"(256, 1, 1)",2690,0.49785599999999997,0,ok,0.000194,0.000194;0.000194;0.000194
A,19,170,1787806502.430196,"(512, 1, 1)",2683,0.49785599999999997,0,ok,0.000189,0.000190;0.000189;0.000189
A,19,171,1787806503.372075,"(512, 1, 1)",2732,0.49785599999999997,0,ok,0.000162,0.000163;0.000162;0.000162
A,19,172,1787806504.315106,"(512, 1, 1)",2590,0.49785599999999997,0,ok,0.000163,0.000163;0.000164;0.000164
A,19,173,1787806504.761960,"(256, 1, 1)",1467,0.49785599999999997,0,ok,0.000474,0.000474;0.000477;0.000476
A,19,174,1787806505.194862,"(512, 1, 1)",1464,0.49785599999999997,0,ok,0.000330,0.000330;0.000330;0.000333
A,19,175,1787806505.633959,"(512, 1, 1)",1464,0.49785599999999997,0,ok,0.000233,0.000234;0.000234;0.000233
A,19,176,1787806510.854269,"(512, 1, 1)",2693,0.45571199999999995,0,ok,0.000177,0.000177;0.000177;0.000178
A,19,177,1787806510.893515,"(256, 1, 1)",2693,0.45571199999999995,0,ok,0.000850,0.000850
A,19,178,1787806511.631756,"(1024, 1, 1)",2669,0.45571199999999995,0,ok,0.000225,0.000226;0.000225;0.000225
A,19,179,1787806515.538511,"(256, 1, 1)",2739,0.45571199999999995,0,ok,0.000890,0.000890
A,19,180,1787806516.427449,"(512, 1, 1)",2725,0.45571199999999995,0,ok,0.000671,0.000671
A,20,1,1787806517.474286,"(64, 2, 8)",276,inf,0,ok,0.000458,0.000467;0.000458;0.000459
A,20,2,1787806517.540728,"(64, 2, 2)",684,inf,0,ok,0.000675,0.000675;0.000676;0.000675
A,20,3,1787806517.563227,"(64, 8, 2)",299,inf,0,ok,0.000560,0.000561;0.000561;0.000560
A,20,4,1787806517.640910,"(128, 4, 2)",340,inf,0,ok,0.000561,0.000561;0.000561;0.000562
A,20,5,1787806517.682128,"(64, 8, 2)",388,inf,0,ok,0.000562,0.000564;0.000563;0.000562
A,20,6,1787806517.766229,"(128, 2, 2)",459,inf,0,ok,0.000394,0.000394;0.000394;0.000394
A,20,7,1787806517.847541,"(32, 8, 2)",597,inf,0,ok,0.000393,0.000393;0.000394;0.000395
A,20,8,1787806517.958416,"(128, 8, 2)",424,inf,0,ok,0.000837,0.000852;0.000854;0.000837
A,20,9,1787806517.998113,"(128, 8, 2)",1109,inf,0,ok,0.000826,0.000828;0.000827;0.000826
A,20,10,1787806518.047363,"(128, 8, 2)",312,inf,0,ok,0.000780,0.000781;0.000781;0.000780
A,20,11,1787806518.163481,"(128, 8, 2)",445,inf,0,ok,0.000855,0.000855;0.000857;0.000856
A,20,12,1787806518.275573,"(128, 8, 2)",402,inf,0,ok,0.000760,0.000763;0.000760;0.000762
A,20,13,1787806518.363743,"(64, 2, 8)",277,inf,0,ok,0.000458,0.000458;0.000458;0.000458
A,20,14,1787806518.395312,"(128, 8, 2)",1665,inf,0,ok,0.000829,0.000830;0.000830;0.000829
A,20,15,1787806518.457263,"(128, 4, 2)",296,inf,0,ok,0.000462,0.000462;0.000462;0.000462
A,20,16,1787806518.483454,"(64, 8, 2)",277,inf,0,ok,0.000463,0.000464;0.000464;0.000463
A,20,17,1787806518.551090,"(64, 8, 2)",289,inf,0,ok,0.000462,0.000462;0.000462;0.000463
A,20,18,1787806518.576723,"(128, 2, 2)",297,inf,0,ok,0.000261,0.000262;0.000261;0.000262
A,20,19,1787806518.643607,"(32, 8, 2)",291,inf,0,ok,0.000263,0.000265;0.000263;0.000264
A,20,20,1787806518.664587,"(64, 2, 2)",277,inf,0,ok,0.000284,0.000284;0.000285;0.000285
A,20,21,1787806518.738295,"(16, 8, 2)",289,inf,0,ok,0.000282,0.000282;0.000282;0.000282
A,20,22,1787806518.759091,"(8, 8, 2)",291,inf,0,ok,0.000249,0.000249;0.000249;0.000249
A,20,23,1787806518.832534,"(128, 8, 2)",302,inf,0,ok,0.000344,0.000344;0.000347;0.000357
A,20,24,1787806519.428698,"(128, 8, 2)",302,inf,0,ok,0.000371,0.000372;0.000371;0.000372
A,20,25,1787806519.532767,"(128, 8, 2)",316,inf,0,ok,0.000376,0.000376;0.000377;0.000376
A,20,26,1787806519.569868,"(128, 8, 2)",302,inf,0,ok,0.000440,0.000441;0.000440;0.000441
A,20,27,1787806519.633309,"(128, 8, 2)",316,inf,0,ok,0.000361,0.000361;0.000362;0.000362
A,20,28,1787806519.659326,"(128, 2, 8)",280,inf,0,ok,0.000849,0.000863;0.000849;0.000850
A,20,29,1787806519.720963,"(128, 8, 2)",280,inf,0,ok,0.000845,0.000846;0.000845;0.000847
A,20,30,1787806519.748960,"(4, 8, 64)",278,inf,0,ok,0.000849,0.000868;0.000849;0.000864
A,20,31,1787806519.810484,"(512, 2, 2)",278,inf,0,ok,0.000846,0.000846;0.000863;0.000863
A,20,32,1787806519.843166,"(16, 64, 2)",270,inf,0,ok,0.000848,0.000849;0.000849;0.000848
A,20,33,1787806519.899772,"(128, 8, 2)",272,inf,0,ok,0.000846,0.000860;0.000846;0.000847
A,20,34,1787806520.115824,"(4, 2, 8)",289,0.745728,0,ok,0.000220,0.000221;0.000220;0.000221
A,20,35,1787806520.182043,"(4, 2, 2)",697,0.745728,0,ok,0.001184,0.001184
A,20,36,1787806520.206112,"(4, 8, 2)",312,0.745728,0,ok,0.000353,0.000353;0.000353;0.000353
A,20,37,1787806520.334262,"(2, 8, 2)",646,0.745728,0,ok,0.000559,0.000559;0.000559;0.000560
A,20,38,1787806520.438990,"(8, 4, 2)",353,0.745728,0,ok,0.000352,0.000353;0.000352;0.000353
A,20,39,1787806520.554808,"(4, 8, 2)",414,0.745728,0,ok,0.000357,0.000357;0.000357;0.000357
A,20,40,1787806520.639984,"(8, 8, 2)",1960,0.745728,0,ok,0.000749,0.000749
A,20,41,1787806520.677310,"(8, 8, 2)",401,0.745728,0,ok,0.000302,0.000302;0.000302;0.000302
A,20,42,1787806520.769389,"(8, 2, 2)",472,0.745728,0,ok,0.000560,0.000560;0.000560;0.000560
A,20,43,1787806520.843803,"(8, 8, 2)",608,0.745728,0,ok,0.000347,0.000347;0.000347;0.000348
A,20,44,1787806520.955580,"(8, 8, 2)",437,0.745728,0,ok,0.000209,0.000210;0.000210;0.000209
A,20,45,1787806521.005290,"(8, 8, 2)",1120,0.745728,0,ok,0.000195,0.000195;0.000196;0.000196
A,20,46,1787806521.047113,"(8, 8, 2)",325,0.745728,0,ok,0.000180,0.000181;0.000180;0.000180
A,20,47,1787806521.165456,"(8, 8, 2)",456,0.745728,0,ok,0.000217,0.000217;0.000221;0.000219
A,20,48,1787806521.279756,"(8, 8, 2)",411,0.745728,0,ok,0.000243,0.000243;0.000244;0.000244
A,20,49,1787806521.424317,"(8, 8, 2)",1674,0.745728,0,ok,0.000187,0.000187;0.000187;0.000187
A,20,50,1787806521.526738,"(8, 4, 2)",307,0.745728,0,ok,0.000270,0.000271;0.000270;0.000270
A,20,51,1787806521.619618,"(4, 8, 2)",290,0.745728,0,ok,0.000273,0.000273;0.000273;0.000273
A,20,52,1787806521.719478,"(4, 8, 2)",304,0.745728,0,ok,0.000271,0.000271;0.000272;0.000272
A,20,53,1787806521.740281,"(4, 2, 8)",290,0.745728,0,ok,0.000221,0.000222;0.000221;0.000222
A,20,54,1787806521.817556,"(8, 2, 2)",308,0.745728,0,ok,0.000322,0.000322;0.000322;0.000322
A,20,55,1787806521.833396,"(2, 8, 2)",290,0.745728,0,ok,0.000323,0.000323;0.000323;0.000324
A,20,56,1787806521.911900,"(4, 2, 2)",290,0.745728,0,ok,0.000502,0.000502;0.000502;0.000503
A,20,57,1787806521.940971,"(8, 8, 2)",316,0.745728,0,ok,0.000086,0.000086;0.000087;0.000086
A,20,58,1787806522.045912,"(8, 8, 2)",315,0.745728,0,ok,0.000096,0.000097;0.000097;0.000096
A,20,59,1787806522.136347,"(8, 8, 2)",316,0.745728,0,ok,0.000127,0.000127;0.000127;0.000127
A,20,60,1787806522.244631,"(8, 8, 2)",330,0.745728,0,ok,0.000085,0.000085;0.000085;0.000085
A,20,61,1787806522.339545,"(8, 2, 8)",291,0.745728,0,ok,0.000249,0.000250;0.000249;0.000249
A,20,62,1787806522.426763,"(8, 8, 2)",329,0.745728,0,ok,0.000102,0.000102;0.000102;0.000102
A,20,63,1787806522.434724,"(8, 8, 2)",291,0.745728,0,ok,0.000247,0.000247;0.000247;0.000247
A,20,64,1787806522.521382,"(4, 8, 4)",291,0.745728,0,ok,0.000250,0.000250;0.000250;0.000250
A,20,65,1787806522.529712,"(32, 2, 2)",291,0.745728,0,ok,0.000248,0.000249;0.000248;0.000248
A,20,66,1787806522.613278,"(16, 4, 2)",283,0.745728,0,ok,0.000250,0.000250;0.000250;0.000250
A,20,67,1787806522.621446,"(8, 8, 2)",283,0.745728,0,ok,0.000250,0.000250;0.000251;0.000250
A,20,68,1787806522.706205,"(64, 2, 2)",293,0.745728,0,ok,0.000236,0.000236;0.000237;0.000236
A,20,69,1787806522.714910,"(64, 2, 2)",338,0.745728,0,ok,0.000339,0.000339;0.000340;0.000340
A,20,70,1787806522.796360,"(64, 2, 2)",316,0.745728,0,ok,0.000335,0.000335;0.000335;0.000335
A,20,71,1787806522.902853,"(128, 2, 2)",357,0.745728,0,ok,0.000312,0.000312;0.000312;0.000312
A,20,72,1787806522.911569,"(64, 2, 2)",405,0.745728,0,ok,0.000334,0.000335;0.000335;0.000334
A,20,73,1787806523.068901,"(32, 2, 2)",612,0.745728,0,ok,0.000350,0.000350;0.000350;0.000350
A,20,74,1787806523.138873,"(128, 2, 2)",1126,0.745728,0,ok,0.000238,0.000240;0.000239;0.000238
A,20,75,1787806523.181487,"(128, 2, 2)",441,0.745728,0,ok,0.000255,0.000256;0.000257;0.000255
A,20,76,1787806523.230065,"(128, 2, 2)",329,0.745728,0,ok,0.000236,0.000236;0.000236;0.000236
A,20,77,1787806523.346507,"(128, 2, 2)",462,0.745728,0,ok,0.000257,0.000259;0.000257;0.000258
A,20,78,1787806523.591275,"(128, 2, 2)",1678,0.745728,0,ok,0.000261,0.000261;0.000263;0.000263
A,20,79,1787806523.683301,"(64, 2, 2)",294,0.745728,0,ok,0.000243,0.000243;0.000243;0.000243
A,20,80,1787806523.779495,"(64, 2, 2)",294,0.745728,0,ok,0.000285,0.000286;0.000285;0.000285
A,20,81,1787806523.810067,"(128, 2, 2)",415,0.745728,0,ok,0.000235,0.000235;0.000236;0.000235
A,20,82,1787806523.871473,"(64, 2, 2)",294,0.745728,0,ok,0.000284,0.000284;0.000284;0.000284
A,20,83,1787806523.909609,"(64, 2, 2)",306,0.745728,0,ok,0.000273,0.000273;0.000274;0.000274
A,20,84,1787806523.967846,"(32, 2, 2)",306,0.745728,0,ok,0.000245,0.000246;0.000245;0.000246
A,20,85,1787806524.008463,"(16, 2, 2)",306,0.745728,0,ok,0.000272,0.000272;0.000272;0.000272
A,20,86,1787806524.065420,"(8, 2, 2)",308,0.745728,0,ok,0.000322,0.000323;0.000322;0.000323
A,20,87,1787806524.112384,"(128, 2, 2)",322,0.745728,0,ok,0.000119,0.000120;0.000119;0.000121
A,20,88,1787806524.202155,"(128, 2, 2)",322,0.745728,0,ok,0.000148,0.000148;0.000148;0.000148
A,20,89,1787806524.212435,"(128, 2, 2)",322,0.745728,0,ok,0.000119,0.000119;0.000120;0.000119
A,20,90,1787806524.324882,"(128, 2, 2)",336,0.745728,0,ok,0.000124,0.000124;0.000125;0.000125
A,20,91,1787806524.435498,"(128, 2, 2)",336,0.745728,0,ok,0.000113,0.000113;0.000113;0.000113
A,20,92,1787806524.528893,"(128, 2, 2)",297,0.745728,0,ok,0.000263,0.000263;0.000263;0.000264
A,20,93,1787806524.628613,"(4, 2, 64)",295,0.745728,0,ok,0.000260,0.000264;0.000260;0.000262
A,20,94,1787806524.671518,"(128, 2, 2)",297,0.745728,0,ok,0.000264,0.000264;0.000264;0.000264
A,20,95,1787806524.720689,"(128, 2, 2)",297,0.745728,0,ok,0.000263,0.000264;0.000263;0.000265
A,20,96,1787806524.765509,"(4, 64, 2)",295,0.745728,0,ok,0.000262,0.000263;0.000264;0.000262
A,20,97,1787806524.811373,"(128, 2, 2)",289,0.745728,0,ok,0.000262,0.000263;0.000264;0.000262
A,20,98,1787806525.056844,"(4, 2, 8)",330,0.253728,0,ok,0.000054,0.000054;0.000054;0.000055
A,20,99,1787806525.157398,"(4, 2, 2)",823,0.253728,0,ok,0.000350,0.000350
A,20,100,1787806525.169647,"(4, 8, 2)",368,0.253728,0,ok,0.000080,0.000081;0.000080;0.000081
A,20,101,1787806525.339397,"(2, 8, 2)",724,0.253728,0,ok,0.000159,0.000159;0.000160;0.000160
A,20,102,1787806525.466022,"(8, 4, 2)",407,0.253728,0,ok,0.000074,0.000075;0.000075;0.000074
A,20,103,1787806525.604062,"(4, 8, 2)",470,0.253728,0,ok,0.000074,0.000074;0.000075;0.000075
A,20,104,1787806525.698925,"(8, 8, 2)",2160,0.253728,0,ok,0.000134,0.000139;0.000134;0.000134
A,20,105,1787806525.749178,"(8, 8, 2)",453,0.253728,0,ok,0.000071,0.000072;0.000072;0.000071
A,20,106,1787806525.864696,"(8, 2, 2)",548,0.253728,0,ok,0.000215,0.000218;0.000217;0.000215
A,20,107,1787806526.063395,"(8, 8, 2)",678,0.253728,0,ok,0.000081,0.000081;0.000081;0.000082
A,20,108,1787806526.176993,"(8, 8, 2)",374,0.253728,0,ok,0.000093,0.000095;0.000093;0.000093
A,20,109,1787806526.207874,"(8, 8, 2)",676,0.253728,0,ok,0.000204,0.000204;0.000204;0.000205
A,20,110,1787806526.300245,"(8, 8, 2)",474,0.253728,0,ok,0.000088,0.000088;0.000088;0.000088
A,20,111,1787806526.324257,"(8, 8, 2)",362,0.253728,0,ok,0.000063,0.000063;0.000064;0.000063
A,20,112,1787806526.455079,"(8, 8, 2)",493,0.253728,0,ok,0.000143,0.000143;0.000144;0.000144
A,20,113,1787806526.581228,"(8, 8, 2)",450,0.253728,0,ok,0.000083,0.000083;0.000083;0.000083
A,20,114,1787806526.686813,"(4, 2, 8)",329,0.253728,0,ok,0.000083,0.000083;0.000083;0.000084
A,20,115,1787806526.695908,"(8, 8, 2)",1713,0.253728,0,ok,0.000064,0.000065;0.000064;0.000065
A,20,116,1787806526.797917,"(4, 8, 2)",330,0.253728,0,ok,0.000084,0.000084;0.000084;0.000084
A,20,117,1787806526.805396,"(8, 4, 2)",347,0.253728,0,ok,0.000082,0.000083;0.000083;0.000082
A,20,118,1787806526.906835,"(4, 8, 2)",344,0.253728,0,ok,0.000082,0.000083;0.000083;0.000082
A,20,119,1787806526.914608,"(8, 2, 2)",348,0.253728,0,ok,0.000171,0.000171;0.000173;0.000171
A,20,120,1787806527.012919,"(2, 8, 2)",330,0.253728,0,ok,0.000168,0.000169;0.000168;0.000168
A,20,121,1787806527.021176,"(4, 2, 2)",330,0.253728,0,ok,0.000356,0.000356
A,20,122,1787806527.121272,"(8, 8, 2)",335,0.253728,0,ok,0.000086,0.000086;0.000087;0.000086
A,20,123,1787806527.128902,"(8, 8, 2)",335,0.253728,0,ok,0.000087,0.000087;0.000087;0.000087
A,20,124,1787806527.223575,"(8, 8, 2)",335,0.253728,0,ok,0.000084,0.000084;0.000084;0.000084
A,20,125,1787806527.231429,"(8, 2, 8)",330,0.253728,0,ok,0.000086,0.000086;0.000086;0.000086
A,20,126,1787806527.326691,"(8, 8, 2)",330,0.253728,0,ok,0.000085,0.000087;0.000086;0.000085
A,20,127,1787806527.336160,"(4, 8, 4)",330,0.253728,0,ok,0.000086,0.000087;0.000086;0.000086
A,20,128,1787806527.446902,"(32, 2, 2)",330,0.253728,0,ok,0.000084,0.000084;0.000084;0.000084
A,20,129,1787806527.555165,"(16, 4, 2)",322,0.253728,0,ok,0.000085,0.000085;0.000086;0.000085
A,20,130,1787806527.653454,"(4, 2, 8)",316,0.253728,0,ok,0.000047,0.000047;0.000047;0.000047
A,20,131,1787806527.815075,"(8, 8, 2)",324,0.253728,0,ok,0.000085,0.000086;0.000085;0.000086
A,20,132,1787806527.867293,"(4, 2, 2)",812,0.253728,0,ok,0.000350,0.000350
A,20,133,1787806527.924311,"(4, 8, 2)",354,0.253728,0,ok,0.000076,0.000076;0.000076;0.000076
A,20,134,1787806528.046116,"(2, 8, 2)",710,0.253728,0,ok,0.000167,0.000167;0.000168;0.000168
A,20,135,1787806528.477013,"(8, 8, 2)",2150,0.253728,0,ok,0.000110,0.000110;0.000110;0.000110
A,20,136,1787806528.499528,"(8, 4, 2)",395,0.253728,0,ok,0.000081,0.000081;0.000081;0.000082
A,20,137,1787806528.606048,"(4, 8, 2)",456,0.253728,0,ok,0.000076,0.000076;0.000077;0.000077
A,20,138,1787806528.637784,"(8, 8, 2)",441,0.253728,0,ok,0.000072,0.000072;0.000072;0.000072
A,20,139,1787806528.761042,"(8, 2, 2)",536,0.253728,0,ok,0.000165,0.000165;0.000165;0.000165
A,20,140,1787806528.831896,"(8, 8, 2)",666,0.253728,0,ok,0.000067,0.000067;0.000069;0.000069
A,20,141,1787806528.952860,"(8, 8, 2)",462,0.253728,0,ok,0.000092,0.000092;0.000092;0.000092
A,20,142,1787806529.019535,"(8, 8, 2)",350,0.253728,0,ok,0.000064,0.000065;0.000064;0.000064
A,20,143,1787806529.144139,"(8, 8, 2)",480,0.253728,0,ok,0.000111,0.000111;0.000112;0.000112
A,20,144,1787806529.262752,"(8, 8, 2)",436,0.253728,0,ok,0.000086,0.000087;0.000086;0.000086
A,20,145,1787806529.324493,"(8, 8, 2)",1699,0.253728,0,ok,0.000060,0.000061;0.000060;0.000061
A,20,146,1787806529.359164,"(4, 2, 8)",315,0.253728,0,ok,0.000082,0.000082;0.000083;0.000083
A,20,147,1787806529.426289,"(8, 4, 2)",335,0.253728,0,ok,0.000091,0.000092;0.000091;0.000091
A,20,148,1787806529.454913,"(4, 8, 2)",318,0.253728,0,ok,0.000088,0.000088;0.000088;0.000088
A,20,149,1787806529.530830,"(4, 8, 2)",332,0.253728,0,ok,0.000087,0.000088;0.000088;0.000087
A,20,150,1787806529.568882,"(8, 2, 2)",336,0.253728,0,ok,0.000188,0.000188;0.000189;0.000188
A,20,151,1787806529.629847,"(2, 8, 2)",317,0.253728,0,ok,0.000188,0.000188;0.000189;0.000188
A,20,152,1787806529.674027,"(8, 8, 2)",323,0.253728,0,ok,0.000102,0.000102;0.000103;0.000102
A,20,153,1787806529.722211,"(8, 8, 2)",323,0.253728,0,ok,0.000089,0.000089;0.000089;0.000089
A,20,154,1787806529.787819,"(8, 8, 2)",327,0.253728,0,ok,0.000107,0.000108;0.000107;0.000107
A,20,155,1787806529.820116,"(8, 2, 8)",316,0.253728,0,ok,0.000086,0.000086;0.000087;0.000086
A,20,156,1787806529.883128,"(8, 8, 2)",316,0.253728,0,ok,0.000086,0.000086;0.000086;0.000087
A,20,157,1787806529.919299,"(4, 8, 4)",316,0.253728,0,ok,0.000086,0.000086;0.000086;0.000087
A,20,158,1787806529.981749,"(32, 2, 2)",316,0.253728,0,ok,0.000086,0.000086;0.000086;0.000086
A,20,159,1787806530.020183,"(16, 4, 2)",308,0.253728,0,ok,0.000087,0.000087;0.000087;0.000087
A,20,160,1787806530.121507,"(8, 8, 2)",308,0.253728,0,ok,0.000086,0.000086;0.000086;0.000086
A,20,161,1787806530.485466,"(4, 2, 1)",854,0.141312,0,ok,0.000348,0.000348
A,20,162,1787806530.579491,"(4, 8, 1)",360,0.141312,0,ok,0.000076,0.000076;0.000076;0.000076
A,20,163,1787806530.694897,"(2, 8, 1)",728,0.141312,0,ok,0.000165,0.000165
A,20,164,1787806530.820312,"(4, 2, 4)",398,0.141312,0,ok,0.000084,0.000084;0.000084;0.000084
A,20,165,1787806531.159581,"(4, 2, 8)",2161,0.141312,0,ok,0.000078,0.000078;0.000078;0.000078
A,20,166,1787806531.284089,"(2, 2, 8)",461,0.141312,0,ok,0.000077,0.000078;0.000077;0.000077
A,20,167,1787806531.307024,"(4, 2, 8)",440,0.141312,0,ok,0.000042,0.000042;0.000043;0.000043
A,20,168,1787806531.449089,"(4, 2, 2)",553,0.141312,0,ok,0.000168,0.000168
A,20,169,1787806531.509963,"(4, 2, 8)",663,0.141312,0,ok,0.000045,0.000046;0.000045;0.000045
A,20,170,1787806531.637453,"(4, 2, 8)",462,0.141312,0,ok,0.000047,0.000048;0.000048;0.000047
A,20,171,1787806531.698996,"(4, 2, 8)",1118,0.141312,0,ok,0.000149,0.000149
A,20,172,1787806531.737927,"(4, 2, 8)",350,0.141312,0,ok,0.000037,0.000038;0.000037;0.000038
A,20,173,1787806531.828264,"(4, 2, 8)",480,0.141312,0,ok,0.000076,0.000076;0.000076;0.000076
A,20,174,1787806531.860662,"(4, 2, 8)",438,0.141312,0,ok,0.000046,0.000046;0.000046;0.000046
A,20,175,1787806531.930227,"(4, 2, 4)",335,0.141312,0,ok,0.000090,0.000090;0.000091;0.000090
A,20,176,1787806531.966225,"(4, 8, 1)",319,0.141312,0,ok,0.000087,0.000087;0.000088;0.000088
A,20,177,1787806532.031033,"(2, 2, 8)",332,0.141312,0,ok,0.000086,0.000087;0.000086;0.000087
A,20,178,1787806532.067073,"(4, 2, 2)",336,0.141312,0,ok,0.000187,0.000187
A,20,179,1787806532.127888,"(2, 8, 1)",318,0.141312,0,ok,0.000185,0.000185
A,20,180,1787806532.170781,"(4, 2, 8)",323,0.141312,0,ok,0.000056,0.000056;0.000056;0.000056
A,20,181,1787806532.221724,"(4, 2, 8)",323,0.141312,0,ok,0.000049,0.000049;0.000050;0.000050
A,20,182,1787806532.282919,"(4, 2, 8)",327,0.141312,0,ok,0.000059,0.000059;0.000059;0.000059
A,20,183,1787806532.323724,"(4, 8, 2)",316,0.141312,0,ok,0.000047,0.000047;0.000047;0.000047
A,20,184,1787806532.379310,"(8, 2, 4)",316,0.141312,0,ok,0.000047,0.000047;0.000047;0.000047
A,20,185,1787806532.422497,"(2, 4, 8)",316,0.141312,0,ok,0.000047,0.000047;0.000047;0.000047
A,20,186,1787806532.542416,"(4, 8, 1)",374,0.141312,0,ok,0.000080,0.000080;0.000081;0.000080
A,20,187,1787806532.608861,"(4, 2, 1)",865,0.141312,0,ok,0.000349,0.000349
A,20,188,1787806532.741321,"(2, 8, 1)",742,0.141312,0,ok,0.000146,0.000146
A,20,189,1787806532.870169,"(4, 2, 4)",410,0.141312,0,ok,0.000079,0.000079;0.000079;0.000079
A,20,190,1787806533.016088,"(2, 2, 8)",475,0.141312,0,ok,0.000078,0.000079;0.000079;0.000078
A,20,191,1787806533.136972,"(4, 2, 8)",2171,0.141312,0,ok,0.000110,0.000110;0.000110;0.000110
A,20,192,1787806533.170944,"(4, 2, 8)",452,0.141312,0,ok,0.000057,0.000058;0.000057;0.000058
A,20,193,1787806533.300819,"(4, 2, 2)",565,0.141312,0,ok,0.000160,0.000160
A,20,194,1787806533.386522,"(4, 2, 8)",675,0.141312,0,ok,0.000075,0.000075;0.000075;0.000075
A,20,195,1787806533.472545,"(4, 2, 8)",674,0.141312,0,ok,0.000173,0.000173
A,20,196,1787806533.876837,"(4, 2, 8)",374,0.141312,0,ok,0.000054,0.000054;0.000055;0.000054
A,20,197,1787806533.960178,"(4, 2, 8)",474,0.141312,0,ok,0.000054,0.000054;0.000054;0.000054
A,20,198,1787806533.990586,"(4, 2, 8)",362,0.141312,0,ok,0.000045,0.000046;0.000045;0.000046
A,20,199,1787806534.126966,"(4, 2, 8)",493,0.141312,0,ok,0.000116,0.000116;0.000116;0.000116
A,20,200,1787806534.258280,"(4, 2, 8)",452,0.141312,0,ok,0.000059,0.000060;0.000060;0.000059
A,20,201,1787806534.365946,"(4, 2, 4)",347,0.141312,0,ok,0.000082,0.000083;0.000082;0.000083
A,20,202,1787806534.374743,"(4, 2, 8)",1715,0.141312,0,ok,0.000047,0.000047;0.000047;0.000047
A,20,203,1787806534.470449,"(4, 8, 1)",331,0.141312,0,ok,0.000084,0.000085;0.000084;0.000084
A,20,204,1787806534.479229,"(2, 2, 8)",344,0.141312,0,ok,0.000082,0.000082;0.000082;0.000083
A,20,205,1787806534.581000,"(4, 2, 2)",348,0.141312,0,ok,0.000169,0.000169
A,20,206,1787806534.585062,"(2, 8, 1)",331,0.141312,0,ok,0.000167,0.000167
A,20,207,1787806534.684671,"(4, 2, 1)",331,0.141312,0,ok,0.000356,0.000356
A,20,208,1787806534.688479,"(4, 2, 8)",335,0.141312,0,ok,0.000047,0.000048;0.000047;0.000047
A,20,209,1787806534.786731,"(4, 2, 8)",335,0.141312,0,ok,0.000048,0.000048;0.000048;0.000048
A,20,210,1787806534.794161,"(4, 2, 8)",335,0.141312,0,ok,0.000048,0.000049;0.000048;0.000049
A,20,211,1787806534.890322,"(4, 8, 2)",330,0.141312,0,ok,0.000055,0.000055;0.000055;0.000055
A,20,212,1787806534.898130,"(8, 2, 4)",330,0.141312,0,ok,0.000054,0.000055;0.000055;0.000054
A,20,213,1787806534.993340,"(2, 4, 8)",330,0.141312,0,ok,0.000055,0.000056;0.000055;0.000056
A,20,214,1787806535.253167,"(4, 8, 1)",401,0.11135999999999999,0,ok,0.000051,0.000051;0.000051;0.000052
A,20,215,1787806535.408266,"(4, 2, 1)",935,0.11135999999999999,0,ok,0.000189,0.000189
A,20,216,1787806535.479382,"(2, 8, 1)",775,0.11135999999999999,0,ok,0.000102,0.000104;0.000103;0.000102
A,20,217,1787806535.623975,"(4, 2, 4)",437,0.11135999999999999,0,ok,0.000057,0.000057;0.000057;0.000058
A,20,218,1787806535.796571,"(2, 2, 8)",502,0.11135999999999999,0,ok,0.000054,0.000054;0.000055;0.000054
A,20,219,1787806535.965020,"(4, 2, 8)",479,0.11135999999999999,0,ok,0.000035,0.000036;0.000035;0.000035
A,20,220,1787806536.122132,"(4, 2, 8)",2298,0.11135999999999999,0,ok,0.000073,0.000073;0.000073;0.000073
A,20,221,1787806536.154193,"(4, 2, 2)",606,0.11135999999999999,0,ok,0.000104,0.000105;0.000104;0.000106
A,20,222,1787806536.354778,"(4, 2, 8)",716,0.11135999999999999,0,ok,0.000038,0.000039;0.000039;0.000038
A,20,223,1787806536.511489,"(4, 2, 8)",614,0.11135999999999999,0,ok,0.000038,0.000038;0.000039;0.000039
A,20,224,1787806536.622679,"(4, 2, 8)",1808,0.11135999999999999,0,ok,0.000115,0.000115
A,20,225,1787806536.687544,"(4, 2, 8)",646,0.11135999999999999,0,ok,0.000056,0.000056;0.000056;0.000056
A,20,226,1787806536.778532,"(4, 2, 8)",583,0.11135999999999999,0,ok,0.000036,0.000037;0.000036;0.000037
A,20,227,1787806536.794111,"(4, 2, 4)",369,0.11135999999999999,0,ok,0.000066,0.000066;0.000067;0.000066
A,20,228,1787806537.282201,"(2, 2, 8)",366,0.11135999999999999,0,ok,0.000063,0.000064;0.000064;0.000063
A,20,229,1787806537.290758,"(4, 8, 1)",353,0.11135999999999999,0,ok,0.000063,0.000064;0.000063;0.000064
A,20,230,1787806537.387039,"(2, 8, 1)",352,0.11135999999999999,0,ok,0.000132,0.000132
A,20,231,1787806537.390445,"(4, 2, 2)",370,0.11135999999999999,0,ok,0.000133,0.000133
A,20,232,1787806537.497717,"(4, 2, 8)",357,0.11135999999999999,0,ok,0.000046,0.000046;0.000046;0.000046
A,20,233,1787806537.505803,"(4, 2, 8)",363,0.11135999999999999,0,ok,0.000050,0.000050;0.000050;0.000050
A,20,234,1787806537.600571,"(4, 8, 2)",350,0.11135999999999999,0,ok,0.000037,0.000037;0.000037;0.000037
A,20,235,1787806537.608320,"(8, 2, 4)",350,0.11135999999999999,0,ok,0.000037,0.000037;0.000038;0.000038
A,20,236,1787806537.703660,"(2, 4, 8)",350,0.11135999999999999,0,ok,0.000037,0.000038;0.000037;0.000038
A,20,237,1787806537.886158,"(4, 8, 1)",517,0.11135999999999999,0,ok,0.000059,0.000059;0.000060;0.000060
A,20,238,1787806538.034654,"(4, 2, 1)",1397,0.11135999999999999,0,ok,0.000371,0.000371
A,20,239,1787806538.234373,"(2, 8, 1)",1221,0.11135999999999999,0,ok,0.000166,0.000166
A,20,240,1787806538.424605,"(4, 2, 4)",571,0.11135999999999999,0,ok,0.000066,0.000067;0.000067;0.000066
A,20,241,1787806538.639553,"(2, 2, 8)",702,0.11135999999999999,0,ok,0.000061,0.000061;0.000061;0.000061
A,20,242,1787806538.898731,"(4, 2, 2)",848,0.11135999999999999,0,ok,0.000172,0.000172
A,20,243,1787806538.988367,"(4, 2, 8)",1164,0.11135999999999999,0,ok,0.000070,0.000071;0.000070;0.000070
A,20,244,1787806539.184843,"(4, 2, 8)",647,0.11135999999999999,0,ok,0.000044,0.000044;0.000044;0.000044
A,20,245,1787806539.277791,"(4, 2, 8)",1540,0.11135999999999999,0,ok,0.000183,0.000183
A,20,246,1787806539.473543,"(4, 2, 8)",667,0.11135999999999999,0,ok,0.000098,0.000098;0.000098;0.000099
A,20,247,1787806539.490340,"(4, 2, 8)",604,0.11135999999999999,0,ok,0.000039,0.000039;0.000039;0.000040
A,20,248,1787806539.625316,"(4, 2, 4)",459,0.11135999999999999,0,ok,0.000070,0.000071;0.000071;0.000070
A,20,249,1787806539.637883,"(4, 8, 1)",443,0.11135999999999999,0,ok,0.000066,0.000066;0.000066;0.000066
A,20,250,1787806539.776956,"(2, 2, 8)",456,0.11135999999999999,0,ok,0.000065,0.000066;0.000066;0.000065
A,20,251,1787806539.789879,"(4, 2, 2)",460,0.11135999999999999,0,ok,0.000175,0.000175
A,20,252,1787806539.926032,"(2, 8, 1)",443,0.11135999999999999,0,ok,0.000177,0.000177
A,20,253,1787806539.936565,"(4, 2, 1)",444,0.11135999999999999,0,ok,0.000357,0.000357
A,20,254,1787806540.092568,"(4, 2, 8)",445,0.11135999999999999,0,ok,0.000045,0.000045;0.000045;0.000045
A,20,255,1787806540.276920,"(4, 2, 8)",450,0.11135999999999999,0,ok,0.000047,0.000047;0.000047;0.000047
A,20,256,1787806540.415702,"(4, 2, 8)",447,0.11135999999999999,0,ok,0.000037,0.000037;0.000038;0.000037
A,20,257,1787806540.438112,"(4, 2, 8)",452,0.11135999999999999,0,ok,0.000076,0.000077;0.000076;0.000077
A,20,258,1787806540.573095,"(4, 8, 2)",440,0.11135999999999999,0,ok,0.000042,0.000042;0.000043;0.000042
A,20,259,1787806540.723602,"(8, 2, 4)",440,0.11135999999999999,0,ok,0.000043,0.000043;0.000043;0.000043
A,20,260,1787806540.920930,"(2, 4, 8)",440,0.11135999999999999,0,ok,0.000043,0.000043;0.000043;0.000043
A,20,261,1787806541.248175,"(4, 8, 1)",570,0.10464000000000001,0,ok,0.000044,0.000045;0.000045;0.000044
A,20,262,1787806541.610116,"(4, 2, 1)",1534,0.10464000000000001,0,ok,0.000186,0.000186
A,20,263,1787806541.660824,"(2, 8, 1)",1296,0.10464000000000001,0,ok,0.000096,0.000096;0.000097;0.000096
A,20,264,1787806541.882779,"(4, 2, 4)",624,0.10464000000000001,0,ok,0.000057,0.000057;0.000058;0.000057
A,20,265,1787806542.128060,"(2, 2, 8)",755,0.10464000000000001,0,ok,0.000045,0.000045;0.000045;0.000046
A,20,266,1787806542.540730,"(4, 2, 2)",929,0.10464000000000001,0,ok,0.000133,0.000133
A,20,267,1787806542.729922,"(4, 2, 8)",1245,0.10464000000000001,0,ok,0.000059,0.000059;0.000059;0.000060
A,20,268,1787806542.990850,"(4, 2, 8)",815,0.10464000000000001,0,ok,0.000034,0.000034;0.000034;0.000034
A,20,269,1787806543.268249,"(4, 2, 8)",2338,0.10464000000000001,0,ok,0.000128,0.000128
A,20,270,1787806543.282764,"(4, 2, 8)",859,0.10464000000000001,0,ok,0.000072,0.000073;0.000073;0.000072
A,20,271,1787806543.454144,"(4, 2, 4)",498,0.10464000000000001,0,ok,0.000055,0.000056;0.000055;0.000055
A,20,272,1787806543.532379,"(4, 2, 8)",763,0.10464000000000001,0,ok,0.000036,0.000036;0.000037;0.000036
A,20,273,1787806543.622194,"(4, 8, 1)",482,0.10464000000000001,0,ok,0.000050,0.000051;0.000051;0.000050
A,20,274,1787806543.712548,"(2, 2, 8)",495,0.10464000000000001,0,ok,0.000051,0.000052;0.000052;0.000051
A,20,275,1787806543.798701,"(4, 2, 2)",499,0.10464000000000001,0,ok,0.000122,0.000122
A,20,276,1787806543.885023,"(2, 8, 1)",482,0.10464000000000001,0,ok,0.000121,0.000121
A,20,277,1787806543.970127,"(4, 2, 1)",483,0.10464000000000001,0,ok,0.000235,0.000235
A,20,278,1787806544.067581,"(4, 2, 8)",484,0.10464000000000001,0,ok,0.000040,0.000040;0.000040;0.000040
A,20,279,1787806544.157947,"(4, 2, 8)",491,0.10464000000000001,0,ok,0.000042,0.000042;0.000042;0.000042
A,20,280,1787806544.251834,"(4, 2, 8)",493,0.10464000000000001,0,ok,0.000072,0.000072;0.000072;0.000072
A,20,281,1787806544.323996,"(4, 8, 2)",479,0.10464000000000001,0,ok,0.000035,0.000035;0.000035;0.000035
A,20,282,1787806544.418708,"(8, 2, 4)",479,0.10464000000000001,0,ok,0.000035,0.000036;0.000036;0.000035
A,20,283,1787806544.501368,"(2, 4, 8)",479,0.10464000000000001,0,ok,0.000035,0.000035;0.000035;0.000035
A,20,284,1787806544.931476,"(4, 2, 1)",1527,0.10464000000000001,0,ok,0.000167,0.000167
A,20,285,1787806544.992599,"(4, 8, 1)",687,0.10464000000000001,0,ok,0.000049,0.000049;0.000049;0.000049
A,20,286,1787806545.280064,"(2, 8, 1)",1163,0.10464000000000001,0,ok,0.000094,0.000094;0.000094;0.000094
A,20,287,1787806545.517544,"(4, 2, 4)",720,0.10464000000000001,0,ok,0.000054,0.000054;0.000054;0.000055
A,20,288,1787806546.053297,"(2, 2, 8)",786,0.10464000000000001,0,ok,0.000050,0.000051;0.000051;0.000050
A,20,289,1787806546.460746,"(4, 2, 2)",990,0.10464000000000001,0,ok,0.000095,0.000095;0.000095;0.000095
A,20,290,1787806546.591370,"(4, 2, 8)",1097,0.10464000000000001,0,ok,0.000041,0.000041;0.000041;0.000042
A,20,291,1787806546.998209,"(4, 2, 8)",1602,0.10464000000000001,0,ok,0.000036,0.000036;0.000036;0.000036
A,20,292,1787806547.738160,"(4, 2, 8)",2871,0.10464000000000001,0,ok,0.000035,0.000036;0.000036;0.000035
A,20,293,1787806548.163754,"(4, 2, 8)",1630,0.10464000000000001,0,ok,0.000057,0.000057;0.000057;0.000057
A,20,294,1787806548.467180,"(4, 2, 4)",599,0.10464000000000001,0,ok,0.000061,0.000061;0.000061;0.000061
A,20,295,1787806548.546187,"(4, 2, 8)",1560,0.10464000000000001,0,ok,0.000036,0.000037;0.000037;0.000036
A,20,296,1787806548.621790,"(4, 8, 1)",586,0.10464000000000001,0,ok,0.000060,0.000061;0.000061;0.000060
A,20,297,1787806548.704371,"(2, 2, 8)",597,0.10464000000000001,0,ok,0.000059,0.000059;0.000060;0.000059
A,20,298,1787806548.781877,"(4, 2, 2)",599,0.10464000000000001,0,ok,0.000123,0.000123
A,20,299,1787806548.860100,"(2, 8, 1)",585,0.10464000000000001,0,ok,0.000122,0.000122
A,20,300,1787806548.943617,"(4, 2, 8)",590,0.10464000000000001,0,ok,0.000044,0.000045;0.000044;0.000044
A,20,301,1787806549.023187,"(4, 2, 8)",596,0.10464000000000001,0,ok,0.000048,0.000048;0.000048;0.000048
A,20,302,1787806549.098950,"(4, 8, 2)",583,0.10464000000000001,0,ok,0.000036,0.000037;0.000036;0.000036
A,20,303,1787806549.177010,"(8, 2, 4)",583,0.10464000000000001,0,ok,0.000037,0.000037;0.000037;0.000037
A,20,304,1787806549.254548,"(2, 4, 8)",583,0.10464000000000001,0,ok,0.000036,0.000037;0.000036;0.000037
A,20,305,1787806549.730712,"(4, 8, 1)",1046,0.100992,0,ok,0.000072,0.000072;0.000074;0.000072
A,20,306,1787806550.408783,"(2, 8, 1)",2032,0.100992,0,ok,0.000138,0.000138
A,20,307,1787806550.497308,"(4, 2, 1)",2840,0.100992,0,ok,0.000282,0.000282
A,20,308,1787806550.873021,"(4, 2, 4)",1098,0.100992,0,ok,0.000079,0.000080;0.000080;0.000079
A,20,309,1787806551.246640,"(2, 2, 8)",1229,0.100992,0,ok,0.000079,0.000079;0.000079;0.000079
A,20,310,1787806551.612173,"(4, 2, 8)",1188,0.100992,0,ok,0.000042,0.000042;0.000042;0.000042
A,20,311,1787806552.253668,"(4, 2, 2)",1681,0.100992,0,ok,0.000136,0.000136
A,20,312,1787806552.411200,"(4, 2, 8)",1991,0.100992,0,ok,0.000064,0.000065;0.000064;0.000064
A,20,313,1787806553.152716,"(4, 2, 8)",2249,0.100992,0,ok,0.000064,0.000064;0.000064;0.000065
A,20,314,1787806553.189284,"(4, 2, 8)",1995,0.100992,0,ok,0.000030,0.000030;0.000030;0.000031
A,20,315,1787806553.415061,"(4, 2, 4)",834,0.100992,0,ok,0.000063,0.000064;0.000063;0.000064
A,20,316,1787806553.448765,"(4, 8, 1)",818,0.100992,0,ok,0.000063,0.000063;0.000063;0.000064
A,20,317,1787806553.730101,"(2, 2, 8)",831,0.100992,0,ok,0.000065,0.000065;0.000066;0.000066
A,20,318,1787806553.992052,"(2, 8, 1)",818,0.100992,0,ok,0.000131,0.000131
A,20,319,1787806554.061074,"(4, 2, 2)",835,0.100992,0,ok,0.000130,0.000130
A,20,320,1787806554.242171,"(4, 2, 1)",819,0.100992,0,ok,0.000238,0.000238
A,20,321,1787806554.333765,"(4, 2, 8)",827,0.100992,0,ok,0.000041,0.000041;0.000041;0.000041
A,20,322,1787806554.495271,"(4, 2, 8)",829,0.100992,0,ok,0.000072,0.000073;0.000072;0.000072
A,20,323,1787806554.583117,"(4, 8, 2)",815,0.100992,0,ok,0.000034,0.000034;0.000034;0.000034
A,20,324,1787806554.745307,"(8, 2, 4)",815,0.100992,0,ok,0.000033,0.000033;0.000034;0.000034
A,20,325,1787806554.831244,"(2, 4, 8)",815,0.100992,0,ok,0.000034,0.000034;0.000034;0.000034
A,20,326,1787806555.310129,"(8, 2, 1)",1296,0.100992,0,ok,0.000097,0.000098;0.000097;0.000097
A,20,327,1787806555.545734,"(4, 4, 2)",624,0.100992,0,ok,0.000058,0.000058;0.000058;0.000058
A,20,328,1787806555.790501,"(2, 8, 2)",755,0.100992,0,ok,0.000045,0.000045;0.000045;0.000046
A,20,329,1787806556.010515,"(4, 8, 2)",2298,0.100992,0,ok,0.000072,0.000072;0.000073;0.000072
A,20,330,1787806556.029555,"(4, 8, 2)",716,0.100992,0,ok,0.000038,0.000038;0.000039;0.000039
A,20,331,1787806556.356203,"(4, 2, 2)",929,0.100992,0,ok,0.000132,0.000132
A,20,332,1787806556.431103,"(4, 8, 2)",1245,0.100992,0,ok,0.000059,0.000059;0.000059;0.000059
A,20,333,1787806556.906222,"(4, 8, 2)",859,0.100992,0,ok,0.000073,0.000073;0.000074;0.000073
A,20,334,1787806557.080807,"(4, 8, 2)",2338,0.100992,0,ok,0.000127,0.000127
A,20,335,1787806557.146000,"(4, 8, 2)",763,0.100992,0,ok,0.000036,0.000036;0.000036;0.000036
A,20,336,1787806557.389803,"(4, 4, 2)",498,0.100992,0,ok,0.000055,0.000055;0.000055;0.000055
A,20,337,1787806557.566645,"(4, 2, 2)",499,0.100992,0,ok,0.000122,0.000122
A,20,338,1787806557.648962,"(2, 8, 2)",495,0.100992,0,ok,0.000051,0.000051;0.000051;0.000051
A,20,339,1787806557.735538,"(8, 2, 1)",482,0.100992,0,ok,0.000121,0.000121
A,20,340,1787806557.911403,"(4, 8, 2)",484,0.100992,0,ok,0.000039,0.000039;0.000039;0.000040
A,20,341,1787806557.964019,"(4, 8, 2)",491,0.100992,0,ok,0.000042,0.000042;0.000042;0.000042
A,20,342,1787806558.098196,"(4, 8, 2)",493,0.100992,0,ok,0.000072,0.000072;0.000072;0.000073
A,20,343,1787806558.254426,"(2, 8, 4)",479,0.100992,0,ok,0.000035,0.000035;0.000035;0.000036
A,20,344,1787806558.263815,"(8, 4, 2)",479,0.100992,0,ok,0.000035,0.000036;0.000035;0.000036
A,20,345,1787806559.266633,"(4, 8, 1)",2636,0.09072,0,ok,0.000047,0.000047;0.000048;0.000048
A,20,346,1787806559.298899,"(4, 2, 4)",2685,0.09072,0,ok,0.000049,0.000049;0.000049;0.000049
A,20,347,1787806560.090054,"(2, 2, 8)",2817,0.09072,0,ok,0.000049,0.000049;0.000049;0.000049
A,20,348,1787806560.523298,"(4, 2, 8)",2753,0.09072,0,ok,0.000039,0.000040;0.000039;0.000039
A,20,349,1787806560.708601,"(4, 2, 4)",2011,0.09072,0,ok,0.000052,0.000052;0.000053;0.000052
A,20,350,1787806561.118259,"(4, 8, 1)",1998,0.09072,0,ok,0.000053,0.000053;0.000053;0.000053
A,20,351,1787806561.259406,"(2, 2, 8)",2009,0.09072,0,ok,0.000052,0.000053;0.000052;0.000053
A,20,352,1787806561.675663,"(4, 2, 2)",2011,0.09072,0,ok,0.000106,0.000106
A,20,353,1787806561.834869,"(2, 8, 1)",1998,0.09072,0,ok,0.000105,0.000105
A,20,354,1787806562.242294,"(4, 2, 1)",1999,0.09072,0,ok,0.000202,0.000202
A,20,355,1787806562.329314,"(4, 2, 8)",1983,0.09072,0,ok,0.000070,0.000070;0.000071;0.000070
A,20,356,1787806562.854660,"(4, 2, 8)",2007,0.09072,0,ok,0.000040,0.000041;0.000040;0.000040
A,20,357,1787806562.872606,"(4, 8, 2)",1995,0.09072,0,ok,0.000030,0.000031;0.000030;0.000030
A,20,358,1787806563.419437,"(8, 2, 4)",1995,0.09072,0,ok,0.000030,0.000030;0.000030;0.000031
A,20,359,1787806563.441901,"(2, 4, 8)",1995,0.09072,0,ok,0.000030,0.000030;0.000031;0.000030
A,20,360,1787806563.782510,"(8, 4, 1)",1046,0.09072,0,ok,0.000072,0.000072;0.000073;0.000072
A,20,361,1787806564.088366,"(8, 2, 1)",2032,0.09072,0,ok,0.000140,0.000140
A,20,362,1787806564.913773,"(2, 4, 1)",2840,0.09072,0,ok,0.000281,0.000281
A,20,363,1787806565.288205,"(8, 2, 2)",1229,0.09072,0,ok,0.000079,0.000080;0.000079;0.000079
A,20,364,1787806565.756435,"(4, 2, 4)",1098,0.09072,0,ok,0.000079,0.000079;0.000080;0.000079
A,20,365,1787806566.020332,"(8, 2, 4)",1188,0.09072,0,ok,0.000041,0.000042;0.000041;0.000041
A,20,366,1787806566.327871,"(2, 2, 4)",1681,0.09072,0,ok,0.000135,0.000135
A,20,367,1787806566.709556,"(8, 2, 4)",1991,0.09072,0,ok,0.000064,0.000065;0.000064;0.000065
A,20,368,1787806567.027924,"(8, 2, 4)",2249,0.09072,0,ok,0.000064,0.000065;0.000064;0.000065
A,20,369,1787806567.288053,"(8, 2, 2)",831,0.09072,0,ok,0.000065,0.000065;0.000065;0.000066
A,20,370,1787806567.461754,"(8, 4, 1)",818,0.09072,0,ok,0.000063,0.000063;0.000063;0.000063
A,20,371,1787806567.542551,"(4, 2, 4)",834,0.09072,0,ok,0.000063,0.000064;0.000063;0.000063
A,20,372,1787806567.716687,"(8, 2, 1)",818,0.09072,0,ok,0.000130,0.000130
A,20,373,1787806567.797526,"(2, 2, 4)",835,0.09072,0,ok,0.000131,0.000131
A,20,374,1787806567.970792,"(2, 4, 1)",819,0.09072,0,ok,0.000238,0.000238
A,20,375,1787806568.093993,"(8, 2, 4)",827,0.09072,0,ok,0.000041,0.000041;0.000041;0.000041
A,20,376,1787806568.240037,"(8, 2, 4)",829,0.09072,0,ok,0.000072,0.000072;0.000073;0.000072
A,20,377,1787806568.345248,"(8, 4, 2)",815,0.09072,0,ok,0.000033,0.000034;0.000034;0.000033
A,20,378,1787806568.699493,"(2, 8, 4)",815,0.09072,0,ok,0.000034,0.000034;0.000034;0.000034
A,20,379,1787806569.729856,"(8, 2, 2)",2817,0.088992,0,ok,0.000049,0.000050;0.000049;0.000049
A,20,380,1787806569.824383,"(8, 4, 1)",2636,0.088992,0,ok,0.000047,0.000048;0.000048;0.000047
A,20,381,1787806570.528522,"(4, 2, 4)",2685,0.088992,0,ok,0.000048,0.000048;0.000049;0.000049
A,20,382,1787806570.629796,"(8, 2, 4)",2753,0.088992,0,ok,0.000039,0.000040;0.000040;0.000039
A,20,383,1787806571.088714,"(8, 2, 2)",2009,0.088992,0,ok,0.000052,0.000053;0.000053;0.000052
A,20,384,1787806571.252945,"(8, 4, 1)",1998,0.088992,0,ok,0.000053,0.000053;0.000053;0.000053
A,20,385,1787806571.673532,"(4, 2, 4)",2011,0.088992,0,ok,0.000053,0.000053;0.000053;0.000053
A,20,386,1787806571.812051,"(8, 2, 1)",1998,0.088992,0,ok,0.000105,0.000105
A,20,387,1787806572.233066,"(2, 2, 4)",2011,0.088992,0,ok,0.000107,0.000107
A,20,388,1787806572.370963,"(2, 4, 1)",1999,0.088992,0,ok,0.000201,0.000201
A,20,389,1787806572.723611,"(8, 2, 4)",1983,0.088992,0,ok,0.000070,0.000070;0.000071;0.000070
A,20,390,1787806573.025942,"(8, 2, 4)",2007,0.088992,0,ok,0.000040,0.000040;0.000040;0.000040
A,20,391,1787806573.298210,"(8, 4, 2)",1995,0.088992,0,ok,0.000030,0.000030;0.000030;0.000030
A,20,392,1787806574.038808,"(2, 8, 4)",1995,0.088992,0,ok,0.000030,0.000030;0.000031;0.000030
A,20,393,1787806574.852217,"(2, 4, 4)",2685,0.088992,0,ok,0.000049,0.000049;0.000049;0.000049
A,20,394,1787806575.134053,"(2, 2, 8)",2817,0.088992,0,ok,0.000049,0.000049;0.000049;0.000049
A,20,395,1787806575.688481,"(2, 4, 8)",2753,0.088992,0,ok,0.000039,0.000040;0.000040;0.000039
A,20,396,1787806575.752895,"(2, 4, 4)",2011,0.088992,0,ok,0.000052,0.000053;0.000053;0.000052
A,20,397,1787806576.257284,"(2, 2, 8)",2009,0.088992,0,ok,0.000052,0.000052;0.000053;0.000052
A,20,398,1787806576.716635,"(2, 4, 2)",2011,0.088992,0,ok,0.000106,0.000106
A,20,399,1787806577.234789,"(2, 4, 8)",1983,0.088992,0,ok,0.000070,0.000071;0.000071;0.000070
A,20,400,1787806577.663041,"(2, 4, 8)",2007,0.088992,0,ok,0.000040,0.000040;0.000041;0.000040
A,21,1,1787806578.680276,"(2048, 1, 1)",146,inf,0,ok,0.001628,0.001632;0.001639;0.001628
A,21,2,1787806578.692474,"(1024, 1, 1)",206,inf,0,ok,0.001468,0.001468;0.001471;0.001470
A,21,3,1787806578.715223,"(4096, 1, 1)",171,inf,0,ok,0.001703,0.001706;0.001705;0.001703
A,21,4,1787806578.735288,"(4096, 1, 1)",113,inf,0,ok,0.001327,0.001327;0.001329;0.001327
A,21,5,1787806578.846642,"(4096, 1, 1)",592,inf,0,ok,0.001102,0.001134;0.001102;0.001113
A,21,6,1787806578.871301,"(4096, 1, 1)",183,inf,0,ok,0.001709,0.001709;0.001711;0.001710
A,21,7,1787806578.895714,"(4096, 1, 1)",154,inf,0,ok,0.001194,0.001198;0.001194;0.001196
A,21,8,1787806578.913759,"(2048, 1, 1)",122,inf,0,ok,0.000958,0.000958;0.000962;0.000964
A,21,9,1787806578.930545,"(1024, 1, 1)",122,inf,0,ok,0.000652,0.000656;0.000654;0.000652
A,21,10,1787806579.009930,"(512, 1, 1)",122,inf,0,ok,0.000563,0.000567;0.000567;0.000563
A,21,11,1787806579.028620,"(256, 1, 1)",122,inf,0,ok,0.000623,0.000624;0.000623;0.000623
A,21,12,1787806579.057144,"(4096, 1, 1)",143,inf,0,ok,0.000513,0.000513;0.000514;0.000514
A,21,13,1787806579.077746,"(4096, 1, 1)",131,inf,0,ok,0.000469,0.000469;0.000469;0.000471
A,21,14,1787806579.095956,"(4096, 1, 1)",131,inf,0,ok,0.000521,0.000523;0.000521;0.000522
A,21,15,1787806579.114273,"(4096, 1, 1)",131,inf,0,ok,0.000803,0.000803;0.000804;0.000806
A,21,16,1787806579.135166,"(4096, 1, 1)",143,inf,0,ok,0.000572,0.000573;0.000572;0.000573
A,21,17,1787806579.155711,"(4096, 1, 1)",141,inf,0,ok,0.000505,0.000506;0.000505;0.000505
A,21,18,1787806579.173967,"(128, 1, 1)",120,inf,0,ok,0.000702,0.000702;0.000703;0.000705
A,21,19,1787806579.243291,"(4096, 1, 1)",143,inf,0,ok,0.000475,0.000477;0.000475;0.000475
A,21,20,1787806579.328596,"(2048, 1, 1)",185,1.40592,0,ok,0.000573,0.000573;0.000575;0.000582
A,21,21,1787806579.342093,"(1024, 1, 1)",263,1.40592,0,ok,0.000663,0.000663;0.000668;0.000667
A,21,22,1787806579.360169,"(4096, 1, 1)",193,1.40592,0,ok,0.000486,0.000487;0.000486;0.000490
A,21,23,1787806579.368403,"(4096, 1, 1)",135,1.40592,0,ok,0.000432,0.000432;0.000432;0.000432
A,21,24,1787806579.402140,"(4096, 1, 1)",205,1.40592,0,ok,0.000834,0.000859;0.000834;0.000845
A,21,25,1787806579.431713,"(4096, 1, 1)",176,1.40592,0,ok,0.000213,0.000214;0.000214;0.000213
A,21,26,1787806579.455582,"(2048, 1, 1)",149,1.40592,0,ok,0.000479,0.000479;0.000480;0.000480
A,21,27,1787806579.469580,"(4096, 1, 1)",614,1.40592,0,ok,0.000161,0.000162;0.000161;0.000163
A,21,28,1787806579.478760,"(1024, 1, 1)",149,1.40592,0,ok,0.000497,0.000499;0.000498;0.000497
A,21,29,1787806579.492445,"(512, 1, 1)",147,1.40592,0,ok,0.000517,0.000517;0.000517;0.000517
A,21,30,1787806579.500828,"(256, 1, 1)",149,1.40592,0,ok,0.000671,0.000672;0.000671;0.000672
A,21,31,1787806579.513456,"(4096, 1, 1)",142,1.40592,0,ok,0.000708,0.000708;0.000708;0.000709
A,21,32,1787806579.521683,"(4096, 1, 1)",140,1.40592,0,ok,0.000451,0.000452;0.000451;0.000452
A,21,33,1787806579.534145,"(4096, 1, 1)",140,1.40592,0,ok,0.000456,0.000456;0.000461;0.000462
A,21,34,1787806579.541500,"(4096, 1, 1)",142,1.40592,0,ok,0.000407,0.000407;0.000407;0.000407
A,21,35,1787806579.555525,"(4096, 1, 1)",139,1.40592,0,ok,0.000459,0.000460;0.000459;0.000460
A,21,36,1787806579.563597,"(4096, 1, 1)",142,1.40592,0,ok,0.000712,0.000712;0.000713;0.000713
A,21,37,1787806579.600285,"(2048, 1, 1)",195,1.40592,0,ok,0.000344,0.000345;0.000344;0.000344
A,21,38,1787806579.648124,"(1024, 1, 1)",275,1.40592,0,ok,0.000498,0.000498;0.000499;0.000498
A,21,39,1787806579.724186,"(4096, 1, 1)",491,1.40592,0,ok,0.001560,0.001560
A,21,40,1787806579.758292,"(4096, 1, 1)",207,1.40592,0,ok,0.000465,0.000466;0.000465;0.000465
A,21,41,1787806579.777801,"(4096, 1, 1)",179,1.40592,0,ok,0.000512,0.000512;0.000515;0.000512
A,21,42,1787806579.786632,"(4096, 1, 1)",147,1.40592,0,ok,0.000443,0.000444;0.000443;0.000444
A,21,43,1787806579.897207,"(4096, 1, 1)",624,1.40592,0,ok,0.000168,0.000168;0.000168;0.000169
A,21,44,1787806579.933979,"(4096, 1, 1)",219,1.40592,0,ok,0.000619,0.000620;0.000619;0.000619
A,21,45,1787806579.959363,"(2048, 1, 1)",159,1.40592,0,ok,0.000313,0.000313;0.000314;0.000314
A,21,46,1787806579.984606,"(1024, 1, 1)",161,1.40592,0,ok,0.000306,0.000306;0.000307;0.000306
A,21,47,1787806580.009313,"(512, 1, 1)",161,1.40592,0,ok,0.000376,0.000379;0.000376;0.000381
A,21,48,1787806580.017753,"(4096, 1, 1)",188,1.40592,0,ok,0.000214,0.000214;0.000215;0.000214
A,21,49,1787806580.034795,"(256, 1, 1)",159,1.40592,0,ok,0.000443,0.000454;0.000443;0.000445
A,21,50,1787806580.044498,"(4096, 1, 1)",152,1.40592,0,ok,0.000474,0.000474;0.000474;0.000474
A,21,51,1787806580.057463,"(4096, 1, 1)",152,1.40592,0,ok,0.000435,0.000435;0.000436;0.000435
A,21,52,1787806580.067035,"(4096, 1, 1)",150,1.40592,0,ok,0.000429,0.000430;0.000429;0.000430
A,21,53,1787806580.081894,"(128, 1, 1)",159,1.40592,0,ok,0.000365,0.000365;0.000366;0.000366
A,21,54,1787806580.373824,"(2048, 1, 1)",1102,0.4831680000000001,0,ok,0.000131,0.000131;0.000131;0.000131
A,21,55,1787806580.561433,"(1024, 1, 1)",2048,0.4831680000000001,0,ok,0.000132,0.000132;0.000136;0.000136
A,21,56,1787806580.746294,"(4096, 1, 1)",770,0.4831680000000001,0,ok,0.000167,0.000170;0.000168;0.000167
A,21,57,1787806580.809145,"(4096, 1, 1)",2153,0.4831680000000001,0,ok,0.000163,0.000163;0.000163;0.000164
A,21,58,1787806580.920424,"(2048, 1, 1)",632,0.4831680000000001,0,ok,0.000159,0.000160;0.000159;0.000159
A,21,59,1787806581.023237,"(1024, 1, 1)",632,0.4831680000000001,0,ok,0.000160,0.000160;0.000161;0.000160
A,21,60,1787806581.126433,"(512, 1, 1)",630,0.4831680000000001,0,ok,0.000179,0.000179;0.000181;0.000181
A,21,61,1787806581.192592,"(4096, 1, 1)",2189,0.4831680000000001,0,ok,0.000250,0.000250;0.000251;0.000250
A,21,62,1787806581.230987,"(256, 1, 1)",632,0.4831680000000001,0,ok,0.000222,0.000224;0.000222;0.000222
A,21,63,1787806581.296527,"(4096, 1, 1)",623,0.4831680000000001,0,ok,0.000155,0.000155;0.000156;0.000157
A,21,64,1787806581.337075,"(4096, 1, 1)",623,0.4831680000000001,0,ok,0.000204,0.000208;0.000204;0.000206
A,21,65,1787806581.528741,"(2048, 1, 1)",1110,0.4831680000000001,0,ok,0.000136,0.000136;0.000136;0.000136
A,21,66,1787806581.765769,"(1024, 1, 1)",2058,0.4831680000000001,0,ok,0.000150,0.000152;0.000151;0.000150
A,21,67,1787806581.886314,"(4096, 1, 1)",1664,0.4831680000000001,0,ok,0.000206,0.000214;0.000207;0.000206
A,21,68,1787806582.062782,"(4096, 1, 1)",782,0.4831680000000001,0,ok,0.000175,0.000175;0.000176;0.000175
A,21,69,1787806582.225697,"(4096, 1, 1)",2165,0.4831680000000001,0,ok,0.000183,0.000184;0.000183;0.000183
A,21,70,1787806582.420898,"(2048, 1, 1)",640,0.4831680000000001,0,ok,0.000171,0.000171;0.000171;0.000172
A,21,71,1787806582.533350,"(1024, 1, 1)",642,0.4831680000000001,0,ok,0.000193,0.000194;0.000193;0.000197
A,21,72,1787806582.642605,"(512, 1, 1)",642,0.4831680000000001,0,ok,0.000195,0.000198;0.000196;0.000195
A,21,73,1787806582.701336,"(4096, 1, 1)",2201,0.4831680000000001,0,ok,0.000723,0.000723
A,21,74,1787806582.752051,"(256, 1, 1)",640,0.4831680000000001,0,ok,0.000197,0.000199;0.000197;0.000197
A,21,75,1787806582.811565,"(4096, 1, 1)",633,0.4831680000000001,0,ok,0.000163,0.000163;0.000164;0.000163
A,21,76,1787806582.865317,"(4096, 1, 1)",633,0.4831680000000001,0,ok,0.000149,0.000150;0.000150;0.000149
A,21,77,1787806582.922217,"(4096, 1, 1)",631,0.4831680000000001,0,ok,0.000176,0.000176;0.000177;0.000176
A,21,78,1787806582.973838,"(128, 1, 1)",640,0.4831680000000001,0,ok,0.000206,0.000206;0.000207;0.000206
A,21,79,1787806584.391711,"(2048, 1, 1)",1358,0.39216,0,ok,0.000127,0.000130;0.000127;0.000130
A,21,80,1787806584.966566,"(1024, 1, 1)",1118,0.39216,0,ok,0.000153,0.000154;0.000154;0.000153
A,21,81,1787806585.193001,"(512, 1, 1)",1116,0.39216,0,ok,0.000139,0.000139;0.000139;0.000139
A,21,82,1787806585.432685,"(256, 1, 1)",1116,0.39216,0,ok,0.000159,0.000160;0.000159;0.000160
A,21,83,1787806585.648491,"(128, 1, 1)",1116,0.39216,0,ok,0.000405,0.000405
A,21,84,1787806585.658487,"(2048, 1, 1)",1105,0.39216,0,ok,0.000126,0.000126;0.000128;0.000127
A,21,85,1787806585.876330,"(2048, 1, 1)",1109,0.39216,0,ok,0.000265,0.000265;0.000267;0.000270
A,21,86,1787806586.531854,"(1024, 1, 1)",2504,0.39216,0,ok,0.000123,0.000123;0.000130;0.000123
A,21,87,1787806587.079167,"(512, 1, 1)",2062,0.39216,0,ok,0.000137,0.000139;0.000137;0.000138
A,21,88,1787806587.096795,"(256, 1, 1)",2062,0.39216,0,ok,0.000156,0.000156;0.000157;0.000157
A,21,89,1787806587.654482,"(64, 1, 1)",2064,0.39216,0,ok,0.000599,0.000599
A,21,90,1787806587.668645,"(128, 1, 1)",2060,0.39216,0,ok,0.000222,0.000222;0.000222;0.000222
A,21,91,1787806588.180486,"(1024, 1, 1)",2053,0.39216,0,ok,0.000157,0.000158;0.000157;0.000157
A,21,92,1787806588.198911,"(1024, 1, 1)",2052,0.39216,0,ok,0.000297,0.000297;0.000301;0.000298
A,21,93,1787806589.059776,"(256, 1, 1)",2518,0.36825600000000003,0,ok,0.000134,0.000134;0.000134;0.000136
A,21,94,1787806589.138031,"(512, 1, 1)",2518,0.36825600000000003,0,ok,0.000139,0.000139;0.000141;0.000139
A,21,95,1787806589.919789,"(128, 1, 1)",2516,0.36825600000000003,0,ok,0.000137,0.000137;0.000137;0.000137
A,21,96,1787806590.383497,"(64, 1, 1)",2520,0.36825600000000003,0,ok,0.000952,0.000952
A,21,97,1787806590.629672,"(1024, 1, 1)",2473,0.36825600000000003,0,ok,0.000100,0.000101;0.000101;0.000100
A,21,98,1787806592.179949,"(2048, 1, 1)",1341,0.36825600000000003,0,ok,0.000110,0.000111;0.000111;0.000110
A,21,99,1787806592.492503,"(1024, 1, 1)",1119,0.36825600000000003,0,ok,0.000154,0.000155;0.000155;0.000154
A,21,100,1787806592.784317,"(512, 1, 1)",1121,0.36825600000000003,0,ok,0.000306,0.000308;0.000306;0.000309
A,21,101,1787806593.049866,"(2048, 1, 1)",1094,0.36825600000000003,0,ok,0.000203,0.000203;0.000203;0.000204
A,21,102,1787806593.783996,"(512, 1, 1)",2487,0.301344,0,ok,0.000128,0.000128;0.000128;0.000128
A,21,103,1787806593.819495,"(256, 1, 1)",2489,0.301344,0,ok,0.000389,0.000389
A,21,104,1787806594.217867,"(1024, 1, 1)",1355,0.301344,0,ok,0.000138,0.000140;0.000138;0.000138
A,21,105,1787806594.921439,"(512, 1, 1)",1357,0.301344,0,ok,0.000150,0.000150;0.000150;0.000151
A,22,1,1787806595.774708,"(37984, 1, 1)",369,inf,0,ok,0.040775,0.040776;0.040786;0.040775
A,22,2,1787806595.998912,"(75968, 1, 1)",261,inf,0,ok,0.041874,0.046559;0.046554;0.041874
A,22,3,1787806596.077762,"(151936, 1, 1)",251,inf,0,ok,0.064704,0.064704;0.064712;0.064723
A,22,4,1787806596.134130,"(151936, 1, 1)",1425,inf,0,ok,0.066514,0.066564;0.066553;0.066514
A,22,5,1787806596.197588,"(151936, 1, 1)",246,inf,0,ok,0.056653,0.056670;0.056653;0.056657
A,22,6,1787806596.246447,"(151936, 1, 1)",252,inf,0,ok,0.059686,0.059696;0.059691;0.059686
A,22,7,1787806596.302102,"(151936, 1, 1)",451,inf,0,ok,0.065175,0.065175;0.065177;0.065176
A,22,8,1787806596.402864,"(151936, 1, 1)",348,inf,0,ok,0.052017,0.052017;0.052027;0.052022
A,22,9,1787806596.471566,"(75968, 1, 1)",210,inf,0,ok,0.030353,0.030384;0.030378;0.030353
A,22,10,1787806596.633372,"(151936, 1, 1)",1874,inf,0,ok,0.053076,0.053080;0.053076;0.053082
A,22,11,1787806596.703309,"(37984, 1, 1)",210,inf,0,ok,0.015269,0.015269;0.015271;0.015274
A,22,12,1787806596.773485,"(18992, 1, 1)",210,inf,0,ok,0.008125,0.008126;0.008125;0.008126
A,22,13,1787806596.854997,"(151936, 1, 1)",223,inf,0,ok,0.021048,0.021052;0.021048;0.021050
A,22,14,1787806596.957682,"(151936, 1, 1)",223,inf,0,ok,0.030428,0.030428;0.030432;0.030438
A,22,15,1787806597.031003,"(151936, 1, 1)",223,inf,0,ok,0.030415,0.030415;0.030417;0.030417
A,22,16,1787806597.077689,"(9496, 1, 1)",210,inf,0,ok,0.005933,0.005947;0.005933;0.005941
A,22,17,1787806597.108721,"(151936, 1, 1)",234,inf,0,ok,0.022219,0.022223;0.022223;0.022219
A,22,18,1787806597.163815,"(151936, 1, 1)",236,inf,0,ok,0.021271,0.021279;0.021274;0.021271
A,22,19,1787806597.186783,"(4748, 1, 1)",210,inf,0,ok,0.072744,0.074639;0.072744;0.074585
A,22,20,1787806597.563329,"(4748, 1, 1)",269,17.79888,0,ok,0.074563,0.074563
A,22,21,1787806597.651238,"(9496, 1, 1)",268,17.79888,0,ok,0.007456,0.007456;0.007463;0.007468
A,22,22,1787806597.691185,"(9496, 1, 1)",1038,17.79888,0,ok,0.029132,0.029132
A,22,23,1787806597.752323,"(2374, 1, 1)",385,17.79888,0,ok,0.177276,0.177276
A,22,24,1787806597.933276,"(9496, 1, 1)",376,17.79888,0,ok,0.013167,0.013168;0.013167;0.013213
A,22,25,1787806597.980631,"(9496, 1, 1)",260,17.79888,0,ok,0.006722,0.006722;0.006726;0.006725
A,22,26,1787806598.006973,"(9496, 1, 1)",255,17.79888,0,ok,0.004996,0.005007;0.004996;0.005001
A,22,27,1787806598.029158,"(9496, 1, 1)",261,17.79888,0,ok,0.005852,0.005853;0.005860;0.005852
A,22,28,1787806598.054683,"(9496, 1, 1)",1435,17.79888,0,ok,0.169577,0.169577
A,22,29,1787806598.515077,"(9496, 1, 1)",1883,17.79888,0,ok,0.004133,0.004135;0.004133;0.004136
A,22,30,1787806598.542031,"(9496, 1, 1)",461,17.79888,0,ok,0.148988,0.148988
A,22,31,1787806598.695721,"(4748, 1, 1)",217,17.79888,0,ok,0.073983,0.073983
A,22,32,1787806598.772655,"(9496, 1, 1)",357,17.79888,0,ok,0.005461,0.005461;0.005464;0.005462
A,22,33,1787806598.795599,"(2374, 1, 1)",217,17.79888,0,ok,0.088701,0.088701
A,22,34,1787806598.886816,"(1187, 1, 1)",217,17.79888,0,ok,0.114509,0.114509
A,22,35,1787806599.004355,"(9496, 1, 1)",237,17.79888,0,ok,0.065032,0.065032
A,22,36,1787806599.072418,"(9496, 1, 1)",235,17.79888,0,ok,0.004512,0.004519;0.004512;0.004515
A,22,37,1787806599.092352,"(9496, 1, 1)",235,17.79888,0,ok,0.003337,0.003337;0.003341;0.003340
A,22,38,1787806599.109030,"(9496, 1, 1)",248,17.79888,0,ok,0.074366,0.074366
A,22,39,1787806599.186337,"(9496, 1, 1)",249,17.79888,0,ok,0.077150,0.077150
A,22,40,1787806599.266577,"(9496, 1, 1)",269,17.79888,0,ok,0.006493,0.006494;0.006493;0.006497
A,22,41,1787806599.293115,"(18992, 1, 1)",589,17.79888,0,ok,0.031429,0.031429
A,22,42,1787806599.328893,"(18992, 1, 1)",268,17.79888,0,ok,0.010597,0.010598;0.010597;0.010600
A,22,43,1787806599.367024,"(4748, 1, 1)",384,17.79888,0,ok,0.125366,0.125366
A,22,44,1787806599.496055,"(18992, 1, 1)",376,17.79888,0,ok,0.018293,0.018293
A,22,45,1787806599.523505,"(18992, 1, 1)",260,17.79888,0,ok,0.008686,0.008686;0.008689;0.008686
A,22,46,1787806599.558388,"(18992, 1, 1)",255,17.79888,0,ok,0.007331,0.007332;0.007331;0.007336
A,22,47,1787806599.586935,"(18992, 1, 1)",261,17.79888,0,ok,0.007919,0.007928;0.007924;0.007919
A,22,48,1787806599.617898,"(18992, 1, 1)",1434,17.79888,0,ok,0.138047,0.138047
A,22,49,1787806599.915358,"(18992, 1, 1)",1883,17.79888,0,ok,0.006916,0.006931;0.006916;0.006928
A,22,50,1787806599.949095,"(18992, 1, 1)",460,17.79888,0,ok,0.077168,0.077168
A,22,51,1787806600.030329,"(9496, 1, 1)",217,17.79888,0,ok,0.005959,0.005965;0.005959;0.005963
A,22,52,1787806600.054534,"(18992, 1, 1)",357,17.79888,0,ok,0.007423,0.007423;0.007423;0.007426
A,22,53,1787806600.084116,"(4748, 1, 1)",217,17.79888,0,ok,0.074356,0.074356
A,22,54,1787806600.161681,"(2374, 1, 1)",217,17.79888,0,ok,0.086118,0.086118
A,22,55,1787806600.251532,"(1187, 1, 1)",217,17.79888,0,ok,0.114377,0.114377
A,22,56,1787806600.369606,"(18992, 1, 1)",235,17.79888,0,ok,0.053281,0.053281
A,22,57,1787806600.426259,"(18992, 1, 1)",235,17.79888,0,ok,0.005234,0.005234;0.005236;0.005234
A,22,58,1787806600.448957,"(18992, 1, 1)",235,17.79888,0,ok,0.004453,0.004453;0.004453;0.004454
A,22,59,1787806600.468430,"(18992, 1, 1)",249,17.79888,0,ok,0.051080,0.051080
A,22,60,1787806600.641163,"(18992, 1, 1)",246,17.79888,0,ok,0.044167,0.044167
A,22,61,1787806600.860063,"(4748, 1, 1)",311,10.01232,0,ok,0.039002,0.039002
A,22,62,1787806600.962359,"(9496, 1, 1)",307,10.01232,0,ok,0.004243,0.004243;0.004245;0.004245
A,22,63,1787806601.082515,"(2374, 1, 1)",448,10.01232,0,ok,0.087812,0.087812
A,22,64,1787806601.175757,"(9496, 1, 1)",1228,10.01232,0,ok,0.014629,0.014629
A,22,65,1787806601.204589,"(9496, 1, 1)",433,10.01232,0,ok,0.007233,0.007233;0.007237;0.007238
A,22,66,1787806601.289904,"(9496, 1, 1)",285,10.01232,0,ok,0.003768,0.003768;0.003773;0.003777
A,22,67,1787806601.375145,"(9496, 1, 1)",286,10.01232,0,ok,0.003327,0.003331;0.003327;0.003327
A,22,68,1787806601.445971,"(9496, 1, 1)",1460,10.01232,0,ok,0.078850,0.078850
A,22,69,1787806601.568660,"(9496, 1, 1)",486,10.01232,0,ok,0.074079,0.074079
A,22,70,1787806601.678955,"(9496, 1, 1)",384,10.01232,0,ok,0.003075,0.003076;0.003075;0.003081
A,22,71,1787806601.757729,"(4748, 1, 1)",246,10.01232,0,ok,0.023289,0.023289
A,22,72,1787806601.810449,"(9496, 1, 1)",1908,10.01232,0,ok,0.002534,0.002540;0.002534;0.002537
A,22,73,1787806601.838428,"(2374, 1, 1)",245,10.01232,0,ok,0.037866,0.037866
A,22,74,1787806601.886300,"(1187, 1, 1)",247,10.01232,0,ok,0.037572,0.037572
A,22,75,1787806601.927834,"(9496, 1, 1)",244,10.01232,0,ok,0.005171,0.005323;0.005171;0.005223
A,22,76,1787806602.005840,"(9496, 1, 1)",243,10.01232,0,ok,0.003211,0.003214;0.003211;0.003214
A,22,77,1787806602.080312,"(9496, 1, 1)",241,10.01232,0,ok,0.003203,0.003203;0.003203;0.003205
A,22,78,1787806602.164779,"(9496, 1, 1)",258,10.01232,0,ok,0.023548,0.023548
A,22,79,1787806602.386233,"(9496, 1, 1)",254,10.01232,0,ok,0.030110,0.030110
A,22,80,1787806602.875893,"(4748, 1, 1)",2662,10.01232,0,ok,0.004618,0.004647;0.004618;0.004693
A,22,81,1787806603.099573,"(9496, 1, 1)",2661,10.01232,0,ok,0.005650,0.005650;0.005660;0.005657
A,22,82,1787806606.664534,"(4748, 1, 1)",1890,10.01232,0,ok,0.005687,0.005687;0.005851;0.005829
A,22,83,1787806607.116982,"(2374, 1, 1)",1890,10.01232,0,ok,0.008320,0.008334;0.008320;0.008344
A,22,84,1787806607.571402,"(1187, 1, 1)",1890,10.01232,0,ok,0.008066,0.008066;0.008075;0.008242
A,22,85,1787806608.021305,"(9496, 1, 1)",1910,10.01232,0,ok,0.008569,0.008569;0.009072;0.008677
A,22,86,1787806608.577774,"(9496, 1, 1)",1908,10.01232,0,ok,0.003390,0.003394;0.003390;0.003390
A,22,87,1787806609.020851,"(9496, 1, 1)",1918,10.01232,0,ok,0.029699,0.029699
A,22,88,1787806609.182434,"(9496, 1, 1)",1918,10.01232,0,ok,0.025400,0.025400
A,22,89,1787806610.036228,"(9496, 1, 1)",2700,7.602143999999999,0,ok,0.003509,0.003511;0.003509;0.003511
A,22,90,1787806610.067818,"(4748, 1, 1)",2703,7.602143999999999,0,ok,0.003211,0.003330;0.003211;0.003314
A,22,91,1787806613.234027,"(4748, 1, 1)",1918,7.602143999999999,0,ok,0.006485,0.006656;0.006485;0.006512
A,22,92,1787806613.664350,"(2374, 1, 1)",1918,7.602143999999999,0,ok,0.006231,0.006513;0.006231;0.006273
A,22,93,1787806614.089810,"(1187, 1, 1)",1920,7.602143999999999,0,ok,0.006029,0.006029;0.006042;0.006124
A,22,94,1787806614.527576,"(9496, 1, 1)",1917,7.602143999999999,0,ok,0.002801,0.002801;0.002803;0.002801
A,22,95,1787806615.319020,"(9496, 1, 1)",1913,7.602143999999999,0,ok,0.003087,0.003088;0.003088;0.003087
A,22,96,1787806615.357366,"(9496, 1, 1)",1915,7.602143999999999,0,ok,0.002768,0.002769;0.002771;0.002768
A,22,97,1787806615.759302,"(9496, 1, 1)",1925,7.602143999999999,0,ok,0.002966,0.002966;0.002976;0.002971
A,22,98,1787806615.802349,"(9496, 1, 1)",1927,7.602143999999999,0,ok,0.002732,0.002732;0.002733;0.002733
A,22,99,1787806615.968899,"(4748, 1, 1)",527,7.602143999999999,0,ok,0.017886,0.017886
A,22,100,1787806616.129164,"(9496, 1, 1)",525,7.602143999999999,0,ok,0.004214,0.004214;0.004216;0.004218
A,22,101,1787806616.368083,"(2374, 1, 1)",804,7.602143999999999,0,ok,0.026942,0.026942
A,22,102,1787806616.519584,"(9496, 1, 1)",2403,7.602143999999999,0,ok,0.012447,0.012447
A,22,103,1787806616.596750,"(9496, 1, 1)",789,7.602143999999999,0,ok,0.006268,0.006270;0.006268;0.006272
A,22,104,1787806616.674333,"(9496, 1, 1)",541,7.602143999999999,0,ok,0.004237,0.004241;0.004240;0.004237
A,22,105,1787806617.333181,"(9496, 1, 1)",605,7.602143999999999,0,ok,0.003397,0.003402;0.003399;0.003397
A,22,106,1787806617.491605,"(9496, 1, 1)",583,7.602143999999999,0,ok,0.003014,0.003015;0.003014;0.003016
A,22,107,1787806618.066357,"(9496, 1, 1)",1140,7.602143999999999,0,ok,0.014232,0.014232
A,22,108,1787806618.089379,"(9496, 1, 1)",1035,7.602143999999999,0,ok,0.003113,0.003115;0.003116;0.003113
A,22,109,1787806618.175793,"(4748, 1, 1)",393,7.602143999999999,0,ok,0.008503,0.008503
A,22,110,1787806618.193036,"(2374, 1, 1)",392,7.602143999999999,0,ok,0.037428,0.037428
A,22,111,1787806618.286742,"(1187, 1, 1)",394,7.602143999999999,0,ok,0.036624,0.036624
A,22,112,1787806618.326876,"(9496, 1, 1)",391,7.602143999999999,0,ok,0.004799,0.004831;0.004905;0.004799
A,22,113,1787806618.423490,"(9496, 1, 1)",390,7.602143999999999,0,ok,0.003332,0.003332;0.003335;0.003334
A,22,114,1787806618.462820,"(9496, 1, 1)",388,7.602143999999999,0,ok,0.003381,0.003382;0.003381;0.003383
A,22,115,1787806618.539357,"(9496, 1, 1)",399,7.602143999999999,0,ok,0.027610,0.027610
A,22,116,1787806618.576514,"(9496, 1, 1)",401,7.602143999999999,0,ok,0.015004,0.015004
A,23,1,1787806619.036052,"(64, 1, 1)",58,inf,0,ok,0.000026,0.000033;0.000026;0.000026
A,23,2,1787806619.041849,"(32, 1, 1)",90,inf,0,ok,0.000042,0.000043;0.000042;0.000043
A,23,3,1787806619.048019,"(64, 1, 1)",47,inf,0,ok,0.000020,0.000020;0.000021;0.000020
A,23,4,1787806619.054193,"(32, 1, 1)",49,inf,0,ok,0.000020,0.000020;0.000021;0.000020
A,23,5,1787806619.060164,"(16, 1, 1)",49,inf,0,ok,0.000020,0.000021;0.000020;0.000021
A,23,6,1787806619.065539,"(8, 1, 1)",49,inf,0,ok,0.000022,0.000023;0.000022;0.000022
A,23,7,1787806619.070681,"(4, 1, 1)",49,inf,0,ok,0.000025,0.000025;0.000025;0.000025
A,23,8,1787806619.109648,"(16, 1, 1)",70,0.059615999999999995,0,ok,0.000027,0.000028;0.000027;0.000027
A,23,9,1787806619.120119,"(32, 1, 1)",65,0.059615999999999995,0,ok,0.000027,0.000027;0.000027;0.000027
A,23,10,1787806619.133981,"(8, 1, 1)",106,0.059615999999999995,0,ok,0.000045,0.000045;0.000045;0.000045
A,23,11,1787806619.299478,"(16, 1, 1)",58,0.059615999999999995,0,ok,0.000021,0.000021;0.000021;0.000021
A,23,12,1787806619.308511,"(4, 1, 1)",58,0.059615999999999995,0,ok,0.000025,0.000025;0.000025;0.000025
A,23,13,1787806619.316751,"(2, 1, 1)",58,0.059615999999999995,0,ok,0.000028,0.000028;0.000028;0.000028
A,23,14,1787806619.324663,"(1, 1, 1)",49,0.059615999999999995,0,ok,0.000041,0.000041;0.000042;0.000042
A,23,15,1787806619.346497,"(32, 1, 1)",66,0.059615999999999995,0,ok,0.000027,0.000027;0.000027;0.000027
A,23,16,1787806619.353358,"(8, 1, 1)",56,0.059615999999999995,0,ok,0.000022,0.000022;0.000022;0.000022
A,23,17,1787806619.359819,"(32, 1, 1)",54,0.059615999999999995,0,ok,0.000020,0.000020;0.000020;0.000020
A,23,18,1787806619.365375,"(16, 1, 1)",106,0.059615999999999995,0,ok,0.000043,0.000044;0.000043;0.000044
A,23,19,1787806619.370994,"(16, 1, 1)",58,0.059615999999999995,0,ok,0.000021,0.000021;0.000021;0.000021
A,23,20,1787806619.376292,"(8, 1, 1)",56,0.059615999999999995,0,ok,0.000022,0.000022;0.000022;0.000022
A,23,21,1787806619.381667,"(4, 1, 1)",58,0.059615999999999995,0,ok,0.000025,0.000026;0.000025;0.000025
A,23,22,1787806619.386894,"(2, 1, 1)",56,0.059615999999999995,0,ok,0.000029,0.000029;0.000029;0.000029
A,24,1,1787806619.434054,"(1, 1, 1)",48,inf,0,ok,0.000010,0.000010;0.000010;0.000010
A,24,2,1787806619.440086,"(1, 1, 1)",62,inf,0,ok,0.000009,0.000010;0.000009;0.000009
A,24,3,1787806619.447760,"(1, 1, 1)",60,inf,0,ok,0.000010,0.000010;0.000010;0.000010
A,24,4,1787806619.453444,"(1, 1, 1)",62,inf,0,ok,0.000009,0.000009;0.000010;0.000010
A,24,5,1787806619.459256,"(1, 1, 1)",40,inf,0,ok,0.000010,0.000010;0.000010;0.000011
A,24,6,1787806619.464840,"(1, 1, 1)",62,inf,0,ok,0.000010,0.000010;0.000010;0.000010
A,24,7,1787806619.470134,"(1, 1, 1)",62,inf,0,ok,0.000009,0.000009;0.000010;0.000010
A,24,8,1787806619.475467,"(1, 1, 1)",62,inf,0,ok,0.000010,0.000010;0.000010;0.000010
A,24,9,1787806619.501370,"(1, 1, 1)",74,0.027936,0,ok,0.000009,0.000009;0.000009;0.000010
A,24,10,1787806619.508067,"(1, 1, 1)",134,0.027936,0,ok,0.000010,0.000010;0.000010;0.000010
A,24,11,1787806619.514633,"(1, 1, 1)",81,0.027936,0,ok,0.000009,0.000010;0.000010;0.000009
A,24,12,1787806619.520250,"(1, 1, 1)",75,0.027936,0,ok,0.000010,0.000010;0.000010;0.000010
A,24,13,1787806619.525937,"(1, 1, 1)",55,0.027936,0,ok,0.000010,0.000011;0.000010;0.000010
A,24,14,1787806619.531850,"(1, 1, 1)",77,0.027936,0,ok,0.000010,0.000010;0.000010;0.000010
A,24,15,1787806619.555311,"(1, 1, 1)",246,0.027936,0,ok,0.000010,0.000010;0.000011;0.000010
A,24,16,1787806619.569822,"(1, 1, 1)",59,0.027936,0,ok,0.000009,0.000010;0.000009;0.000010
A,24,17,1787806619.577077,"(1, 1, 1)",77,0.027936,0,ok,0.000010,0.000010;0.000010;0.000010
A,24,18,1787806619.585428,"(1, 1, 1)",55,0.027936,0,ok,0.000010,0.000010;0.000011;0.000010
A,24,19,1787806619.862398,"(1, 1, 1)",523,0.027551999999999997,0,ok,0.000010,0.000010;0.000010;0.000011
A,24,20,1787806619.957002,"(1, 1, 1)",176,0.027551999999999997,0,ok,0.000009,0.000009;0.000010;0.000010
A,24,21,1787806620.043508,"(1, 1, 1)",80,0.027551999999999997,0,ok,0.000010,0.000010;0.000010;0.000010
A,24,22,1787806620.081268,"(1, 1, 1)",94,0.027551999999999997,0,ok,0.000010,0.000010;0.000010;0.000010
A,24,23,1787806620.268789,"(1, 1, 1)",126,0.027551999999999997,0,ok,0.000009,0.000010;0.000009;0.000010
A,25,1,1787806620.346783,"(64, 1, 1)",75,inf,0,ok,0.000035,0.000035;0.000035;0.000035
A,25,2,1787806620.353305,"(32, 1, 1)",119,inf,0,ok,0.000083,0.000083;0.000084;0.000083
A,25,3,1787806620.375309,"(64, 1, 1)",62,inf,0,ok,0.000023,0.000023;0.000024;0.000023
A,25,4,1787806620.381298,"(32, 1, 1)",64,inf,0,ok,0.000023,0.000023;0.000024;0.000023
A,25,5,1787806620.403948,"(16, 1, 1)",64,inf,0,ok,0.000024,0.000024;0.000024;0.000025
A,25,6,1787806620.409593,"(8, 1, 1)",64,inf,0,ok,0.000026,0.000026;0.000027;0.000026
A,25,7,1787806620.431588,"(4, 1, 1)",64,inf,0,ok,0.000029,0.000029;0.000030;0.000030
A,25,8,1787806620.484426,"(16, 1, 1)",91,0.06912,0,ok,0.000035,0.000036;0.000035;0.000035
A,25,9,1787806620.501258,"(32, 1, 1)",86,0.06912,0,ok,0.000034,0.000034;0.000035;0.000035
A,25,10,1787806620.527208,"(8, 1, 1)",139,0.06912,0,ok,0.000087,0.000087
A,25,11,1787806620.532288,"(16, 1, 1)",77,0.06912,0,ok,0.000024,0.000025;0.000024;0.000024
A,25,12,1787806620.557145,"(8, 1, 1)",75,0.06912,0,ok,0.000026,0.000026;0.000027;0.000026
A,25,13,1787806620.562908,"(4, 1, 1)",77,0.06912,0,ok,0.000029,0.000029;0.000030;0.000029
A,25,14,1787806620.589829,"(2, 1, 1)",77,0.06912,0,ok,0.000030,0.000030;0.000031;0.000030
A,25,15,1787806620.595481,"(1, 1, 1)",64,0.06912,0,ok,0.000041,0.000042;0.000041;0.000042
A,25,16,1787806620.626968,"(32, 1, 1)",87,0.06912,0,ok,0.000035,0.000035;0.000035;0.000035
A,25,17,1787806620.643787,"(16, 1, 1)",139,0.06912,0,ok,0.000085,0.000085
A,25,18,1787806620.657027,"(32, 1, 1)",73,0.06912,0,ok,0.000024,0.000024;0.000024;0.000024
A,25,19,1787806620.673594,"(16, 1, 1)",77,0.06912,0,ok,0.000024,0.000024;0.000024;0.000025
A,25,20,1787806620.688627,"(8, 1, 1)",75,0.06912,0,ok,0.000026,0.000026;0.000026;0.000026
A,25,21,1787806620.723125,"(4, 1, 1)",77,0.06912,0,ok,0.000029,0.000029;0.000030;0.000030
A,25,22,1787806620.753387,"(2, 1, 1)",75,0.06912,0,ok,0.000030,0.000031;0.000030;0.000031
A,26,1,1787806620.802249,"(1, 1, 1)",51,inf,0,ok,0.000010,0.000010;0.000010;0.000010
A,26,2,1787806620.812402,"(1, 1, 1)",65,inf,0,ok,0.000009,0.000010;0.000010;0.000009
A,26,3,1787806620.859658,"(1, 1, 1)",65,inf,0,ok,0.000010,0.000010;0.000010;0.000010
A,26,4,1787806620.869383,"(1, 1, 1)",63,inf,0,ok,0.000010,0.000010;0.000010;0.000010
A,26,5,1787806620.876953,"(1, 1, 1)",43,inf,0,ok,0.000009,0.000009;0.000010;0.000010
A,26,6,1787806620.888125,"(1, 1, 1)",65,inf,0,ok,0.000009,0.000009;0.000010;0.000010
A,26,7,1787806620.898236,"(1, 1, 1)",65,inf,0,ok,0.000010,0.000010;0.000010;0.000010
A,26,8,1787806620.907172,"(1, 1, 1)",65,inf,0,ok,0.000009,0.000010;0.000010;0.000009
A,26,9,1787806620.956535,"(1, 1, 1)",249,0.027647999999999995,0,ok,0.000010,0.000010;0.000010;0.000010
A,26,10,1787806620.980450,"(1, 1, 1)",80,0.027647999999999995,0,ok,0.000009,0.000009;0.000010;0.000010
A,26,11,1787806620.992109,"(1, 1, 1)",58,0.027647999999999995,0,ok,0.000010,0.000010;0.000010;0.000010
A,26,12,1787806620.998463,"(1, 1, 1)",62,0.027647999999999995,0,ok,0.000009,0.000009;0.000010;0.000009
A,26,13,1787806621.175379,"(1, 1, 1)",98,0.027647999999999995,0,ok,0.000010,0.000010;0.000010;0.000010
A,26,14,1787806621.210797,"(1, 1, 1)",78,0.027647999999999995,0,ok,0.000009,0.000010;0.000010;0.000009
A,26,15,1787806621.238629,"(1, 1, 1)",84,0.027647999999999995,0,ok,0.000010,0.000010;0.000010;0.000010
A,26,16,1787806621.269402,"(1, 1, 1)",79,0.027647999999999995,0,ok,0.000009,0.000010;0.000010;0.000009
A,26,17,1787806621.275609,"(1, 1, 1)",58,0.027647999999999995,0,ok,0.000010,0.000010;0.000010;0.000010
